{
	"credit": "Made by TeleMinecraft (Storbo)",
	"textures": {
		"0": "block/black_concrete",
		"2": "block/pink_concrete",
		"7": "block/oak_planks",
		"particle": "block/black_concrete"
	},
	"elements": [
		{
			"name": "triangulo12",
			"from": [18.25, 13.77, 3.5],
			"to": [19.5, 15.47, 6.25],
			"rotation": {"angle": 0, "axis": "y", "origin": [8, 16, 8]},
			"faces": {
				"north": {"uv": [0, 0, 16, 15.969], "texture": "#2"},
				"east": {"uv": [0, 0, 16, 15.969], "texture": "#2"},
				"south": {"uv": [0, 0, 16, 15.969], "texture": "#2"},
				"west": {"uv": [0, 0, 16, 15.969], "texture": "#2"},
				"up": {"uv": [0, 0, 16, 15.969], "texture": "#2"},
				"down": {"uv": [0, 0, 16, 15.969], "texture": "#2"}
			}
		},
		{
			"name": "triangulo11",
			"from": [-3.75, 13.77, 3.5],
			"to": [-2.5, 15.47, 6.25],
			"rotation": {"angle": 0, "axis": "y", "origin": [8, 16, 8]},
			"faces": {
				"north": {"uv": [0, 0, 16, 15.969], "texture": "#2"},
				"east": {"uv": [0, 0, 16, 15.969], "texture": "#2"},
				"south": {"uv": [0, 0, 16, 15.969], "texture": "#2"},
				"west": {"uv": [0, 0, 16, 15.969], "texture": "#2"},
				"up": {"uv": [0, 0, 16, 15.969], "texture": "#2"},
				"down": {"uv": [0, 0, 16, 15.969], "texture": "#2"}
			}
		},
		{
			"name": "triangulo10",
			"from": [-4.75, 13.77, 1],
			"to": [-2.5, 15.47, 4.5],
			"rotation": {"angle": 0, "axis": "y", "origin": [8, 16, 8]},
			"faces": {
				"north": {"uv": [0, 0, 16, 15.969], "texture": "#2"},
				"east": {"uv": [0, 0, 16, 15.969], "texture": "#2"},
				"south": {"uv": [0, 0, 16, 15.969], "texture": "#2"},
				"west": {"uv": [0, 0, 16, 15.969], "texture": "#2"},
				"up": {"uv": [0, 0, 16, 15.969], "texture": "#2"},
				"down": {"uv": [0, 0, 16, 15.969], "texture": "#2"}
			}
		},
		{
			"name": "triangulo9",
			"from": [18.75, 13.77, 1],
			"to": [20.5, 15.47, 4.5],
			"rotation": {"angle": 0, "axis": "y", "origin": [8, 16, 8]},
			"faces": {
				"north": {"uv": [0, 0, 16, 15.969], "texture": "#2"},
				"east": {"uv": [0, 0, 16, 15.969], "texture": "#2"},
				"south": {"uv": [0, 0, 16, 15.969], "texture": "#2"},
				"west": {"uv": [0, 0, 16, 15.969], "texture": "#2"},
				"up": {"uv": [0, 0, 16, 15.969], "texture": "#2"},
				"down": {"uv": [0, 0, 16, 15.969], "texture": "#2"}
			}
		},
		{
			"name": "triangulo8",
			"from": [17.75, 13.77, 8],
			"to": [18.5, 15.47, 9.5],
			"rotation": {"angle": 0, "axis": "y", "origin": [8, 16, 8]},
			"faces": {
				"north": {"uv": [0, 0, 16, 15.969], "texture": "#2"},
				"east": {"uv": [0, 0, 16, 15.969], "texture": "#2"},
				"south": {"uv": [0, 0, 16, 15.969], "texture": "#2"},
				"west": {"uv": [0, 0, 16, 15.969], "texture": "#2"},
				"up": {"uv": [0, 0, 16, 15.969], "texture": "#2"},
				"down": {"uv": [0, 0, 16, 15.969], "texture": "#2"}
			}
		},
		{
			"name": "triangulo7",
			"from": [-2.5, 13.77, 8],
			"to": [-1.75, 15.47, 9.5],
			"rotation": {"angle": 0, "axis": "y", "origin": [8, 16, 8]},
			"faces": {
				"north": {"uv": [0, 0, 16, 15.969], "texture": "#2"},
				"east": {"uv": [0, 0, 16, 15.969], "texture": "#2"},
				"south": {"uv": [0, 0, 16, 15.969], "texture": "#2"},
				"west": {"uv": [0, 0, 16, 15.969], "texture": "#2"},
				"up": {"uv": [0, 0, 16, 15.969], "texture": "#2"},
				"down": {"uv": [0, 0, 16, 15.969], "texture": "#2"}
			}
		},
		{
			"name": "triangulo6",
			"from": [17, 13.77, 8],
			"to": [17.75, 15.47, 11],
			"rotation": {"angle": 0, "axis": "y", "origin": [8, 16, 8]},
			"faces": {
				"north": {"uv": [0, 0, 16, 15.969], "texture": "#2"},
				"east": {"uv": [0, 0, 16, 15.969], "texture": "#2"},
				"south": {"uv": [0, 0, 16, 15.969], "texture": "#2"},
				"west": {"uv": [0, 0, 16, 15.969], "texture": "#2"},
				"up": {"uv": [0, 0, 16, 15.969], "texture": "#2"},
				"down": {"uv": [0, 0, 16, 15.969], "texture": "#2"}
			}
		},
		{
			"name": "triangulo5",
			"from": [-1.75, 13.77, 8],
			"to": [-1, 15.47, 11],
			"rotation": {"angle": 0, "axis": "y", "origin": [8, 16, 8]},
			"faces": {
				"north": {"uv": [0, 0, 16, 15.969], "texture": "#2"},
				"east": {"uv": [0, 0, 16, 15.969], "texture": "#2"},
				"south": {"uv": [0, 0, 16, 15.969], "texture": "#2"},
				"west": {"uv": [0, 0, 16, 15.969], "texture": "#2"},
				"up": {"uv": [0, 0, 16, 15.969], "texture": "#2"},
				"down": {"uv": [0, 0, 16, 15.969], "texture": "#2"}
			}
		},
		{
			"name": "triangulo4",
			"from": [16, 13.77, 8],
			"to": [17, 15.47, 13.25],
			"rotation": {"angle": 0, "axis": "y", "origin": [8, 16, 8]},
			"faces": {
				"north": {"uv": [0, 0, 16, 15.969], "texture": "#2"},
				"east": {"uv": [0, 0, 16, 15.969], "texture": "#2"},
				"south": {"uv": [0, 0, 16, 15.969], "texture": "#2"},
				"west": {"uv": [0, 0, 16, 15.969], "texture": "#2"},
				"up": {"uv": [0, 0, 16, 15.969], "texture": "#2"},
				"down": {"uv": [0, 0, 16, 15.969], "texture": "#2"}
			}
		},
		{
			"name": "triangulo3",
			"from": [-1, 13.77, 8],
			"to": [0, 15.47, 13.25],
			"rotation": {"angle": 0, "axis": "y", "origin": [8, 16, 8]},
			"faces": {
				"north": {"uv": [0, 0, 16, 15.969], "texture": "#2"},
				"east": {"uv": [0, 0, 16, 15.969], "texture": "#2"},
				"south": {"uv": [0, 0, 16, 15.969], "texture": "#2"},
				"west": {"uv": [0, 0, 16, 15.969], "texture": "#2"},
				"up": {"uv": [0, 0, 16, 15.969], "texture": "#2"},
				"down": {"uv": [0, 0, 16, 15.969], "texture": "#2"}
			}
		},
		{
			"name": "triangulo2",
			"from": [16, 13.77, 1],
			"to": [19, 15.47, 8],
			"rotation": {"angle": 0, "axis": "y", "origin": [8, 16, 8]},
			"faces": {
				"north": {"uv": [0, 0, 16, 15.969], "texture": "#2"},
				"east": {"uv": [0, 0, 16, 15.969], "texture": "#2"},
				"south": {"uv": [0, 0, 16, 15.969], "texture": "#2"},
				"west": {"uv": [0, 0, 16, 15.969], "texture": "#2"},
				"up": {"uv": [0, 0, 16, 15.969], "texture": "#2"},
				"down": {"uv": [0, 0, 16, 15.969], "texture": "#2"}
			}
		},
		{
			"name": "triangulo1",
			"from": [-3, 13.77, 1],
			"to": [0, 15.47, 8],
			"rotation": {"angle": 0, "axis": "y", "origin": [8, 16, 8]},
			"faces": {
				"north": {"uv": [0, 0, 16, 15.969], "texture": "#2"},
				"east": {"uv": [0, 0, 16, 15.969], "texture": "#2"},
				"south": {"uv": [0, 0, 16, 15.969], "texture": "#2"},
				"west": {"uv": [0, 0, 16, 15.969], "texture": "#2"},
				"up": {"uv": [0, 0, 16, 15.969], "texture": "#2"},
				"down": {"uv": [0, 0, 16, 15.969], "texture": "#2"}
			}
		},
		{
			"name": "centro",
			"from": [0, 13.77, 1],
			"to": [16, 15.47, 15],
			"rotation": {"angle": 0, "axis": "y", "origin": [8, 16, 8]},
			"faces": {
				"north": {"uv": [0, 0, 16, 15.969], "texture": "#2"},
				"east": {"uv": [0, 0, 16, 15.969], "texture": "#2"},
				"south": {"uv": [0, 0, 16, 15.969], "texture": "#2"},
				"west": {"uv": [0, 0, 16, 15.969], "texture": "#2"},
				"up": {"uv": [0, 0, 16, 15.969], "texture": "#2"},
				"down": {"uv": [0, 0, 16, 15.969], "texture": "#2"}
			}
		},
		{
			"name": "union4",
			"from": [14.6, 12.55, 15.35],
			"to": [15, 14.5, 15.75],
			"rotation": {"angle": 0, "axis": "y", "origin": [8, 16, 8]},
			"faces": {
				"north": {"uv": [0, 0, 15.4, 15.2], "texture": "#0"},
				"east": {"uv": [0, 0, 15.4, 15.2], "texture": "#0"},
				"south": {"uv": [0, 0, 15.4, 15.2], "texture": "#0"},
				"west": {"uv": [0, 0, 15.4, 15.2], "texture": "#0"},
				"up": {"uv": [0, 0, 15.4, 15.2], "rotation": 180, "texture": "#0"},
				"down": {"uv": [0, 0, 15.4, 15.2], "rotation": 180, "texture": "#0"}
			}
		},
		{
			"name": "union3",
			"from": [0.6, 12.55, 15.1],
			"to": [1, 14.5, 15.5],
			"rotation": {"angle": 0, "axis": "y", "origin": [8, 16, 8]},
			"faces": {
				"north": {"uv": [0, 0, 15.4, 15.2], "texture": "#0"},
				"east": {"uv": [0, 0, 15.4, 15.2], "texture": "#0"},
				"south": {"uv": [0, 0, 15.4, 15.2], "texture": "#0"},
				"west": {"uv": [0, 0, 15.4, 15.2], "texture": "#0"},
				"up": {"uv": [0, 0, 15.4, 15.2], "rotation": 180, "texture": "#0"},
				"down": {"uv": [0, 0, 15.4, 15.2], "rotation": 180, "texture": "#0"}
			}
		},
		{
			"name": "union2",
			"from": [-5.4, 12.55, 1.6],
			"to": [-5, 14.5, 2],
			"rotation": {"angle": 0, "axis": "y", "origin": [8, 16, 8]},
			"faces": {
				"north": {"uv": [0, 0, 15.4, 15.2], "texture": "#0"},
				"east": {"uv": [0, 0, 15.4, 15.2], "texture": "#0"},
				"south": {"uv": [0, 0, 15.4, 15.2], "texture": "#0"},
				"west": {"uv": [0, 0, 15.4, 15.2], "texture": "#0"},
				"up": {"uv": [0, 0, 15.4, 15.2], "rotation": 180, "texture": "#0"},
				"down": {"uv": [0, 0, 15.4, 15.2], "rotation": 180, "texture": "#0"}
			}
		},
		{
			"name": "union1",
			"from": [21.1, 12.55, 1.6],
			"to": [21.5, 14.5, 2],
			"rotation": {"angle": 0, "axis": "y", "origin": [8, 16, 8]},
			"faces": {
				"north": {"uv": [0, 0, 15.4, 15.2], "texture": "#0"},
				"east": {"uv": [0, 0, 15.4, 15.2], "texture": "#0"},
				"south": {"uv": [0, 0, 15.4, 15.2], "texture": "#0"},
				"west": {"uv": [0, 0, 15.4, 15.2], "texture": "#0"},
				"up": {"uv": [0, 0, 15.4, 15.2], "rotation": 180, "texture": "#0"},
				"down": {"uv": [0, 0, 15.4, 15.2], "rotation": 180, "texture": "#0"}
			}
		},
		{
			"name": "pata4",
			"from": [21, 0, 0],
			"to": [22, 11.75, 1],
			"rotation": {"angle": 0, "axis": "y", "origin": [8, 16, 8]},
			"faces": {
				"north": {"uv": [0, 0, 1, 1], "texture": "#0"},
				"east": {"uv": [0, 0, 1, 1], "texture": "#0"},
				"south": {"uv": [0, 0, 1, 1], "texture": "#0"},
				"west": {"uv": [0, 0, 1, 1], "texture": "#0"},
				"up": {"uv": [0, 0, 1, 1], "rotation": 180, "texture": "#0"},
				"down": {"uv": [0, 0, 1, 1], "rotation": 180, "texture": "#0"}
			}
		},
		{
			"name": "pata3",
			"from": [-6, 0, 0],
			"to": [-5, 11.75, 1],
			"rotation": {"angle": 0, "axis": "y", "origin": [8, 16, 8]},
			"faces": {
				"north": {"uv": [0, 0, 1, 1], "texture": "#0"},
				"east": {"uv": [0, 0, 1, 1], "texture": "#0"},
				"south": {"uv": [0, 0, 1, 1], "texture": "#0"},
				"west": {"uv": [0, 0, 1, 1], "texture": "#0"},
				"up": {"uv": [0, 0, 1, 1], "rotation": 180, "texture": "#0"},
				"down": {"uv": [0, 0, 1, 1], "rotation": 180, "texture": "#0"}
			}
		},
		{
			"name": "pata2",
			"from": [0, 0, 15],
			"to": [1, 11.75, 16],
			"rotation": {"angle": 0, "axis": "y", "origin": [8, 16, 8]},
			"faces": {
				"north": {"uv": [0, 0, 1, 1], "texture": "#0"},
				"east": {"uv": [0, 0, 1, 1], "texture": "#0"},
				"south": {"uv": [0, 0, 1, 1], "texture": "#0"},
				"west": {"uv": [0, 0, 1, 1], "texture": "#0"},
				"up": {"uv": [0, 0, 1, 1], "rotation": 180, "texture": "#0"},
				"down": {"uv": [0, 0, 1, 1], "rotation": 180, "texture": "#0"}
			}
		},
		{
			"name": "pata1",
			"from": [15, 0, 15],
			"to": [16, 11.75, 16],
			"rotation": {"angle": 0, "axis": "y", "origin": [8, 16, 8]},
			"faces": {
				"north": {"uv": [0, 0, 1, 1], "texture": "#0"},
				"east": {"uv": [0, 0, 1, 1], "texture": "#0"},
				"south": {"uv": [0, 0, 1, 1], "texture": "#0"},
				"west": {"uv": [0, 0, 1, 1], "texture": "#0"},
				"up": {"uv": [0, 0, 1, 1], "rotation": 180, "texture": "#0"},
				"down": {"uv": [0, 0, 1, 1], "rotation": 180, "texture": "#0"}
			}
		},
		{
			"name": "borde8",
			"from": [-3.53249, 13.75, -7.64645],
			"to": [-2.03249, 15.5, 8.10355],
			"rotation": {"angle": 22.5, "axis": "y", "origin": [17.71751, 16, 3.35355]},
			"faces": {
				"north": {"uv": [16, 0, 0, 16], "texture": "#7"},
				"east": {"uv": [16, 0, 0, 16], "texture": "#7"},
				"south": {"uv": [16, 0, 0, 16], "texture": "#7"},
				"west": {"uv": [16, 0, 0, 16], "texture": "#7"},
				"up": {"uv": [16, 0, 0, 16], "rotation": 270, "texture": "#7"},
				"down": {"uv": [16, 0, 0, 16], "rotation": 90, "texture": "#7"}
			}
		},
		{
			"name": "borde7",
			"from": [15.96751, 13.75, 0.64645],
			"to": [17.46751, 15.5, 16.39645],
			"rotation": {"angle": -22.5, "axis": "y", "origin": [17.71751, 16, 12.64645]},
			"faces": {
				"north": {"uv": [0, 0, 16, 16], "texture": "#7"},
				"east": {"uv": [0, 0, 16, 16], "texture": "#7"},
				"south": {"uv": [0, 0, 16, 16], "texture": "#7"},
				"west": {"uv": [0, 0, 16, 16], "texture": "#7"},
				"up": {"uv": [0, 0, 16, 16], "rotation": 270, "texture": "#7"},
				"down": {"uv": [0, 0, 16, 16], "rotation": 90, "texture": "#7"}
			}
		},
		{
			"name": "borde6",
			"from": [-6.03, 13.75, 0],
			"to": [22.07, 15.48, 1.5],
			"rotation": {"angle": 0, "axis": "y", "origin": [8, 16, 0.5]},
			"faces": {
				"north": {"uv": [0, 0, 16, 16], "texture": "#7"},
				"east": {"uv": [0, 0, 16, 16], "texture": "#7"},
				"south": {"uv": [0, 0, 16, 16], "texture": "#7"},
				"west": {"uv": [0, 0, 16, 16], "texture": "#7"},
				"up": {"uv": [0, 0, 16, 16], "texture": "#7"},
				"down": {"uv": [0, 0, 16, 16], "texture": "#7"}
			}
		},
		{
			"name": "borde5",
			"from": [-3.53249, 11, -7.64645],
			"to": [-2.03249, 12.75, 8.10355],
			"rotation": {"angle": 22.5, "axis": "y", "origin": [17.71751, 15.5, 3.35355]},
			"faces": {
				"north": {"uv": [16, 0, 0, 16], "rotation": 90, "texture": "#0"},
				"east": {"uv": [16, 0, 0, 16], "rotation": 90, "texture": "#0"},
				"south": {"uv": [16, 0, 0, 16], "rotation": 90, "texture": "#0"},
				"west": {"uv": [16, 0, 0, 16], "rotation": 90, "texture": "#0"},
				"up": {"uv": [16, 0, 0, 16], "rotation": 270, "texture": "#0"},
				"down": {"uv": [16, 0, 0, 16], "rotation": 270, "texture": "#0"}
			}
		},
		{
			"name": "borde4",
			"from": [15.96751, 11, 0.64645],
			"to": [17.46751, 12.75, 16.39645],
			"rotation": {"angle": -22.5, "axis": "y", "origin": [17.71751, 15.5, 12.64645]},
			"faces": {
				"north": {"uv": [0, 0, 16, 16], "rotation": 90, "texture": "#0"},
				"east": {"uv": [0, 0, 16, 16], "rotation": 90, "texture": "#0"},
				"south": {"uv": [0, 0, 16, 16], "rotation": 90, "texture": "#0"},
				"west": {"uv": [0, 0, 16, 16], "rotation": 90, "texture": "#0"},
				"up": {"uv": [0, 0, 16, 16], "rotation": 270, "texture": "#0"},
				"down": {"uv": [0, 0, 16, 16], "rotation": 270, "texture": "#0"}
			}
		},
		{
			"name": "borde3",
			"from": [-6.03, 11, 0],
			"to": [22.07, 12.73, 1.5],
			"rotation": {"angle": 0, "axis": "y", "origin": [8, 15.5, 0.5]},
			"faces": {
				"north": {"uv": [0, 0, 16, 16], "rotation": 180, "texture": "#0"},
				"east": {"uv": [0, 0, 16, 16], "rotation": 180, "texture": "#0"},
				"south": {"uv": [0, 0, 16, 16], "rotation": 180, "texture": "#0"},
				"west": {"uv": [0, 0, 16, 16], "rotation": 180, "texture": "#0"},
				"up": {"uv": [0, 0, 16, 16], "texture": "#0"},
				"down": {"uv": [0, 0, 16, 16], "texture": "#0"}
			}
		},
		{
			"name": "borde2",
			"from": [0, 11, 14.25],
			"to": [16, 12.73, 16],
			"rotation": {"angle": 0, "axis": "y", "origin": [8, 15.5, 8]},
			"faces": {
				"north": {"uv": [0, 0, 16, 16], "rotation": 180, "texture": "#0"},
				"east": {"uv": [0, 0, 16, 16], "rotation": 180, "texture": "#0"},
				"south": {"uv": [0, 0, 16, 16], "rotation": 180, "texture": "#0"},
				"west": {"uv": [0, 0, 16, 16], "rotation": 180, "texture": "#0"},
				"up": {"uv": [0, 0, 16, 16], "texture": "#0"},
				"down": {"uv": [0, 0, 16, 16], "texture": "#0"}
			}
		},
		{
			"name": "borde1",
			"from": [0, 13.75, 14.25],
			"to": [16, 15.48, 16],
			"rotation": {"angle": 0, "axis": "y", "origin": [8, 16, 8]},
			"faces": {
				"north": {"uv": [0, 0, 16, 16], "texture": "#7"},
				"east": {"uv": [0, 0, 16, 16], "texture": "#7"},
				"south": {"uv": [0, 0, 16, 16], "texture": "#7"},
				"west": {"uv": [0, 0, 16, 16], "texture": "#7"},
				"up": {"uv": [0, 0, 16, 16], "texture": "#7"},
				"down": {"uv": [0, 0, 16, 16], "texture": "#7"}
			}
		}
	],
	"display": {
		"thirdperson_righthand": {
			"rotation": [0, -180, 0],
			"scale": [0.5, 0.5, 0.5]
		},
		"thirdperson_lefthand": {
			"rotation": [0, -180, 0],
			"scale": [0.5, 0.5, 0.5]
		},
		"firstperson_righthand": {
			"rotation": [0, -180, 0],
			"scale": [0.5, 0.5, 0.5]
		},
		"firstperson_lefthand": {
			"rotation": [0, -180, 0],
			"scale": [0.5, 0.5, 0.5]
		},
		"ground": {
			"rotation": [0, -180, 0],
			"scale": [0.5, 0.5, 0.5]
		},
		"gui": {
			"rotation": [22.5, 22.5, 0],
			"translation": [1.25, 0, 0],
			"scale": [0.5, 0.5, 0.5]
		},
		"head": {
			"rotation": [0, -180, 0],
			"translation": [0, -27.5, 0],
			"scale": [2, 2, 2]
		},
		"fixed": {
			"rotation": [0, -180, 0],
			"translation": [0, 0, -4.25],
			"scale": [0.5, 0.5, 0.5]
		}
	},
	"groups": [
		{
			"name": "Centro",
			"origin": [8, 0, 12],
			"color": 0,
			"children": [0, 1, 2, 3, 4, 5, 6, 7, 8, 9, 10, 11, 12]
		},
		{
			"name": "Armatoste",
			"origin": [8, 8, 8],
			"color": 0,
			"children": [13, 14, 15, 16, 17, 18, 19, 20, 21, 22, 23, 24, 25, 26, 27, 28]
		}
	]
}