{
	"credit": "Made by TeleMinecraft (Storbo)",
	"textures": {
		"0": "block/random/cemento",
		"particle": "block/random/cemento"
	},
	"elements": [
		{
			"from": [7.70158, 6.63933, 0],
			"to": [8.09856, 7.73445, 16],
			"rotation": {"angle": 22.5, "axis": "z", "origin": [7.46203, 7.05, 5.89751]},
			"faces": {
				"north": {"uv": [0, 0, 0, 0], "rotation": 90, "texture": "#0"},
				"east": {"uv": [0, 0, 0, 0], "rotation": 90, "texture": "#0"},
				"south": {"uv": [0, 0, 0, 0], "rotation": 90, "texture": "#0"},
				"west": {"uv": [0, 0, 0, 0], "rotation": 90, "texture": "#0"},
				"up": {"uv": [0, 0, 0, 0], "rotation": 90, "texture": "#0"},
				"down": {"uv": [0, 0, 0, 0], "rotation": 90, "texture": "#0"}
			}
		},
		{
			"from": [7.81794, 7.05, 0],
			"to": [8.21492, 8.14512, 16],
			"rotation": {"angle": -22.5, "axis": "z", "origin": [7.46203, 7.05, 5.89751]},
			"faces": {
				"north": {"uv": [0, 0, 0, 0], "rotation": 90, "texture": "#0"},
				"east": {"uv": [0, 0, 0, 0], "rotation": 90, "texture": "#0"},
				"south": {"uv": [0, 0, 0, 0], "rotation": 90, "texture": "#0"},
				"west": {"uv": [0, 0, 0, 0], "rotation": 90, "texture": "#0"},
				"up": {"uv": [0, 0, 0, 0], "rotation": 90, "texture": "#0"},
				"down": {"uv": [0, 0, 0, 0], "rotation": 90, "texture": "#0"}
			}
		},
		{
			"from": [7.71774, 7.00164, 0],
			"to": [8.12841, 8.02831, 16],
			"rotation": {"angle": 45, "axis": "z", "origin": [8.07803, 7.05, 5.89751]},
			"faces": {
				"north": {"uv": [0, 0, 0, 0], "rotation": 90, "texture": "#0"},
				"east": {"uv": [0, 0, 0, 0], "rotation": 90, "texture": "#0"},
				"south": {"uv": [0, 0, 0, 0], "rotation": 90, "texture": "#0"},
				"west": {"uv": [0, 0, 0, 0], "rotation": 90, "texture": "#0"},
				"up": {"uv": [0, 0, 0, 0], "rotation": 90, "texture": "#0"},
				"down": {"uv": [0, 0, 0, 0], "rotation": 90, "texture": "#0"}
			}
		},
		{
			"from": [7.98321, 6.81145, 0],
			"to": [8.39388, 7.76968, 16],
			"rotation": {"angle": -45, "axis": "z", "origin": [8.28337, 7.05, 5.89751]},
			"faces": {
				"north": {"uv": [0, 0, 0, 0], "rotation": 90, "texture": "#0"},
				"east": {"uv": [0, 0, 0, 0], "rotation": 90, "texture": "#0"},
				"south": {"uv": [0, 0, 0, 0], "rotation": 90, "texture": "#0"},
				"west": {"uv": [0, 0, 0, 0], "rotation": 90, "texture": "#0"},
				"up": {"uv": [0, 0, 0, 0], "rotation": 90, "texture": "#0"},
				"down": {"uv": [0, 0, 0, 0], "rotation": 90, "texture": "#0"}
			}
		},
		{
			"from": [7.07189, 6.50244, 0],
			"to": [7.89323, 6.91311, 16],
			"rotation": {"angle": -22.5, "axis": "z", "origin": [8.55715, 7.05, 5.89751]},
			"faces": {
				"north": {"uv": [0, 1, 0, 0], "rotation": 180, "texture": "#0"},
				"east": {"uv": [0, 1, 0, 0], "rotation": 180, "texture": "#0"},
				"south": {"uv": [0, 1, 0, 0], "rotation": 180, "texture": "#0"},
				"west": {"uv": [0, 1, 0, 0], "rotation": 180, "texture": "#0"},
				"up": {"uv": [0, 1, 0, 0], "rotation": 180, "texture": "#0"},
				"down": {"uv": [0, 1, 0, 0], "rotation": 180, "texture": "#0"}
			}
		},
		{
			"from": [6.97607, 6.70093, 0],
			"to": [8.00274, 7.1116, 16],
			"rotation": {"angle": 0, "axis": "y", "origin": [8.55715, 7.05, 5.89751]},
			"faces": {
				"north": {"uv": [0, 1, 0, 0], "rotation": 180, "texture": "#0"},
				"east": {"uv": [0, 1, 0, 0], "rotation": 180, "texture": "#0"},
				"south": {"uv": [0, 1, 0, 0], "rotation": 180, "texture": "#0"},
				"west": {"uv": [0, 1, 0, 0], "rotation": 180, "texture": "#0"},
				"up": {"uv": [0, 1, 0, 0], "rotation": 180, "texture": "#0"},
				"down": {"uv": [0, 1, 0, 0], "rotation": 180, "texture": "#0"}
			}
		},
		{
			"from": [7.92745, 6.69409, 0],
			"to": [9.02257, 7.10476, 16],
			"rotation": {"angle": 0, "axis": "y", "origin": [7.46203, 7.05, 5.89751]},
			"faces": {
				"north": {"uv": [0, 0, 0, 0], "rotation": 180, "texture": "#0"},
				"east": {"uv": [0, 0, 0, 0], "rotation": 180, "texture": "#0"},
				"south": {"uv": [0, 0, 0, 0], "rotation": 180, "texture": "#0"},
				"west": {"uv": [0, 0, 0, 0], "rotation": 180, "texture": "#0"},
				"up": {"uv": [0, 0, 0, 0], "rotation": 180, "texture": "#0"},
				"down": {"uv": [0, 0, 0, 0], "rotation": 180, "texture": "#0"}
			}
		},
		{
			"from": [8.31074, 6.50244, 0],
			"to": [8.92675, 6.91311, 16],
			"rotation": {"angle": 22.5, "axis": "z", "origin": [7.46203, 7.05, 5.89751]},
			"faces": {
				"north": {"uv": [0, 0, 0, 0], "rotation": 180, "texture": "#0"},
				"east": {"uv": [0, 0, 0, 0], "rotation": 180, "texture": "#0"},
				"south": {"uv": [0, 0, 0, 0], "rotation": 180, "texture": "#0"},
				"west": {"uv": [0, 0, 0, 0], "rotation": 180, "texture": "#0"},
				"up": {"uv": [0, 0, 0, 0], "rotation": 180, "texture": "#0"},
				"down": {"uv": [0, 0, 0, 0], "rotation": 180, "texture": "#0"}
			}
		},
		{
			"from": [7.79056, 7.31009, 0],
			"to": [8.21492, 7.9261, 16],
			"rotation": {"angle": 0, "axis": "y", "origin": [7.46203, 7.05, 5.89751]},
			"faces": {
				"north": {"uv": [0, 0, 0, 0], "rotation": 90, "texture": "#0"},
				"east": {"uv": [0, 0, 0, 0], "rotation": 90, "texture": "#0"},
				"south": {"uv": [0, 0, 0, 0], "rotation": 90, "texture": "#0"},
				"west": {"uv": [0, 0, 0, 0], "rotation": 90, "texture": "#0"},
				"up": {"uv": [0, 0, 0, 0], "rotation": 90, "texture": "#0"},
				"down": {"uv": [0, 0, 0, 0], "rotation": 90, "texture": "#0"}
			}
		},
		{
			"from": [7.70158, 6.08493, 0],
			"to": [8.09856, 6.97471, 16],
			"rotation": {"angle": -22.5, "axis": "z", "origin": [7.46203, 6.76938, 5.89751]},
			"faces": {
				"north": {"uv": [0, 1, 0, 0], "rotation": 90, "texture": "#0"},
				"east": {"uv": [0, 1, 0, 0], "rotation": 90, "texture": "#0"},
				"south": {"uv": [0, 1, 0, 0], "rotation": 90, "texture": "#0"},
				"west": {"uv": [0, 1, 0, 0], "rotation": 90, "texture": "#0"},
				"up": {"uv": [0, 1, 0, 0], "rotation": 90, "texture": "#0"},
				"down": {"uv": [0, 1, 0, 0], "rotation": 90, "texture": "#0"}
			}
		},
		{
			"from": [7.81794, 5.67426, 0],
			"to": [8.21492, 6.63249, 16],
			"rotation": {"angle": 22.5, "axis": "z", "origin": [7.46203, 6.76938, 5.89751]},
			"faces": {
				"north": {"uv": [0, 1, 0, 0], "rotation": 90, "texture": "#0"},
				"east": {"uv": [0, 1, 0, 0], "rotation": 90, "texture": "#0"},
				"south": {"uv": [0, 1, 0, 0], "rotation": 90, "texture": "#0"},
				"west": {"uv": [0, 1, 0, 0], "rotation": 90, "texture": "#0"},
				"up": {"uv": [0, 1, 0, 0], "rotation": 90, "texture": "#0"},
				"down": {"uv": [0, 1, 0, 0], "rotation": 90, "texture": "#0"}
			}
		},
		{
			"from": [7.71774, 5.79106, 0],
			"to": [8.12841, 6.54396, 16],
			"rotation": {"angle": -45, "axis": "z", "origin": [8.07803, 6.76938, 5.89751]},
			"faces": {
				"north": {"uv": [0, 1, 0, 0], "rotation": 90, "texture": "#0"},
				"east": {"uv": [0, 1, 0, 0], "rotation": 90, "texture": "#0"},
				"south": {"uv": [0, 1, 0, 0], "rotation": 90, "texture": "#0"},
				"west": {"uv": [0, 1, 0, 0], "rotation": 90, "texture": "#0"},
				"up": {"uv": [0, 1, 0, 0], "rotation": 90, "texture": "#0"},
				"down": {"uv": [0, 1, 0, 0], "rotation": 90, "texture": "#0"}
			}
		},
		{
			"from": [7.98321, 6.0497, 0],
			"to": [8.39388, 7.00793, 16],
			"rotation": {"angle": 45, "axis": "z", "origin": [8.28337, 6.76938, 5.89751]},
			"faces": {
				"north": {"uv": [0, 1, 0, 0], "rotation": 90, "texture": "#0"},
				"east": {"uv": [0, 1, 0, 0], "rotation": 90, "texture": "#0"},
				"south": {"uv": [0, 1, 0, 0], "rotation": 90, "texture": "#0"},
				"west": {"uv": [0, 1, 0, 0], "rotation": 90, "texture": "#0"},
				"up": {"uv": [0, 1, 0, 0], "rotation": 90, "texture": "#0"},
				"down": {"uv": [0, 1, 0, 0], "rotation": 90, "texture": "#0"}
			}
		},
		{
			"from": [7.07189, 6.90627, 0],
			"to": [7.75634, 7.31694, 16],
			"rotation": {"angle": 22.5, "axis": "z", "origin": [8.55715, 6.76938, 5.89751]},
			"faces": {
				"north": {"uv": [0, 1, 0, 0], "rotation": 180, "texture": "#0"},
				"east": {"uv": [0, 1, 0, 0], "rotation": 180, "texture": "#0"},
				"south": {"uv": [0, 1, 0, 0], "rotation": 180, "texture": "#0"},
				"west": {"uv": [0, 1, 0, 0], "rotation": 180, "texture": "#0"},
				"up": {"uv": [0, 1, 0, 0], "rotation": 180, "texture": "#0"},
				"down": {"uv": [0, 1, 0, 0], "rotation": 180, "texture": "#0"}
			}
		},
		{
			"from": [8.37919, 6.90627, 0],
			"to": [8.92675, 7.31694, 16],
			"rotation": {"angle": -22.5, "axis": "z", "origin": [7.46203, 6.76938, 5.89751]},
			"faces": {
				"north": {"uv": [0, 0, 0, 0], "rotation": 180, "texture": "#0"},
				"east": {"uv": [0, 0, 0, 0], "rotation": 180, "texture": "#0"},
				"south": {"uv": [0, 0, 0, 0], "rotation": 180, "texture": "#0"},
				"west": {"uv": [0, 0, 0, 0], "rotation": 180, "texture": "#0"},
				"up": {"uv": [0, 0, 0, 0], "rotation": 180, "texture": "#0"},
				"down": {"uv": [0, 0, 0, 0], "rotation": 180, "texture": "#0"}
			}
		},
		{
			"from": [7.79056, 5.89328, 0],
			"to": [8.21492, 6.64617, 16],
			"rotation": {"angle": 0, "axis": "y", "origin": [7.46203, 6.76938, 5.89751]},
			"faces": {
				"north": {"uv": [0, 1, 0, 0], "rotation": 90, "texture": "#0"},
				"east": {"uv": [0, 1, 0, 0], "rotation": 90, "texture": "#0"},
				"south": {"uv": [0, 1, 0, 0], "rotation": 90, "texture": "#0"},
				"west": {"uv": [0, 1, 0, 0], "rotation": 90, "texture": "#0"},
				"up": {"uv": [0, 1, 0, 0], "rotation": 90, "texture": "#0"},
				"down": {"uv": [0, 1, 0, 0], "rotation": 90, "texture": "#0"}
			}
		},
		{
			"from": [6.974, -5, 0],
			"to": [9.026, 7, 16],
			"rotation": {"angle": 0, "axis": "y", "origin": [5.84, 0, 5.84]},
			"faces": {
				"north": {"uv": [0, 0, 16, 5], "texture": "#0"},
				"east": {"uv": [0, 0, 16, 5], "texture": "#0"},
				"south": {"uv": [0, 0, 16, 5], "texture": "#0"},
				"west": {"uv": [0, 0, 16, 5], "texture": "#0"},
				"up": {"uv": [0, 0, 16, 5], "texture": "#0"},
				"down": {"uv": [0, 0, 16, 5], "texture": "#0"}
			}
		}
	],
	"display": {
		"fixed": {
			"rotation": [-90, 90, 0],
			"translation": [0, 14, -1],
			"scale": [2, 2, 2]
		}
	},
	"groups": [
		{
			"name": "group",
			"origin": [0, 0, 0],
			"color": 0,
			"children": [0, 1, 2, 3, 4, 5, 6, 7, 8, 9, 10, 11, 12, 13, 14, 15]
		},
		16
	]
}