{"textures":{"0":"modelengine:entity/texture_copper_golem"},"elements":[{"from":[8.0,2.8571424,7.142857],"to":[9.714286,9.714286,8.857143],"rotation":{"angle":0.0,"axis":"y","origin":[4.8571424,2.8571424,8.0]},"faces":{"east":{"uv":[2.75,5.75,3.5,8.75],"rotation":0,"texture":"#0","tintindex":0},"south":{"uv":[3.5,5.75,4.25,8.75],"rotation":0,"texture":"#0","tintindex":0},"north":{"uv":[5.5,3.0,6.25,6.0],"rotation":0,"texture":"#0","tintindex":0},"west":{"uv":[4.25,5.75,5.0,8.75],"rotation":0,"texture":"#0","tintindex":0},"up":{"uv":[10.0,0.75,9.25,0.0],"rotation":0,"texture":"#0","tintindex":0},"down":{"uv":[1.5,9.25,0.75,10.0],"rotation":0,"texture":"#0","tintindex":0}}}],"display":{"head":{"translation":[0.0,-6.4,0.0],"scale":[4.0,4.0,4.0]}}}