{"textures":{"0":"modelengine:entity/texture_copper_golem"},"elements":[{"from":[6.285714,2.8571424,7.142857],"to":[8.0,9.714286,8.857143],"rotation":{"angle":0.0,"axis":"y","origin":[11.142858,2.8571424,8.0]},"faces":{"east":{"uv":[5.75,6.0,6.5,9.0],"rotation":0,"texture":"#0","tintindex":0},"south":{"uv":[0.0,6.25,0.75,9.25],"rotation":0,"texture":"#0","tintindex":0},"north":{"uv":[5.0,6.0,5.75,9.0],"rotation":0,"texture":"#0","tintindex":0},"west":{"uv":[0.75,6.25,1.5,9.25],"rotation":0,"texture":"#0","tintindex":0},"up":{"uv":[10.0,1.5,9.25,0.75],"rotation":0,"texture":"#0","tintindex":0},"down":{"uv":[10.0,1.5,9.25,2.25],"rotation":0,"texture":"#0","tintindex":0}}}],"display":{"head":{"translation":[0.0,-6.4,0.0],"scale":[4.0,4.0,4.0]}}}