{"textures":{"0":"modelengine:entity/texture_copper_golem"},"elements":[{"from":[4.8571424,5.714286,6.5714283],"to":[11.142858,9.142858,9.428572],"rotation":{"angle":0.0,"axis":"y","origin":[8.0,3.4285712,8.0]},"faces":{"east":{"uv":[1.5,6.25,2.75,7.75],"rotation":0,"texture":"#0","tintindex":0},"south":{"uv":[0.0,3.5,2.75,5.0],"rotation":0,"texture":"#0","tintindex":0},"north":{"uv":[2.75,3.0,5.5,4.5],"rotation":0,"texture":"#0","tintindex":0},"west":{"uv":[6.25,3.0,7.5,4.5],"rotation":0,"texture":"#0","tintindex":0},"up":{"uv":[5.5,5.75,2.75,4.5],"rotation":0,"texture":"#0","tintindex":0},"down":{"uv":[2.75,5.0,0.0,6.25],"rotation":0,"texture":"#0","tintindex":0}}},{"from":[7.142857,6.285714,9.142858],"to":[8.857143,9.142858,10.857143],"rotation":{"angle":0.0,"axis":"y","origin":[8.0,3.4285712,8.0]},"faces":{"east":{"uv":[2.25,8.75,3.0,10.0],"rotation":0,"texture":"#0","tintindex":0},"south":{"uv":[3.0,8.75,3.75,10.0],"rotation":0,"texture":"#0","tintindex":0},"north":{"uv":[1.5,8.75,2.25,10.0],"rotation":0,"texture":"#0","tintindex":0},"west":{"uv":[3.75,8.75,4.5,10.0],"rotation":0,"texture":"#0","tintindex":0},"up":{"uv":[6.25,9.75,5.5,9.0],"rotation":0,"texture":"#0","tintindex":0},"down":{"uv":[0.75,9.25,0.0,10.0],"rotation":0,"texture":"#0","tintindex":0}}}],"display":{"head":{"translation":[0.0,-6.4,0.0],"scale":[4.0,4.0,4.0]}}}