{"textures":{"0":"modelengine:entity/texture_copper_golem"},"elements":[{"from":[4.8571424,7.428571,6.0],"to":[11.142858,10.857143,10.0],"rotation":{"angle":0.0,"axis":"y","origin":[8.0,1.7142854,8.0]},"faces":{"east":{"uv":[5.5,0.0,7.25,1.5],"rotation":0,"texture":"#0","tintindex":0},"south":{"uv":[2.75,1.5,5.5,3.0],"rotation":0,"texture":"#0","tintindex":0},"north":{"uv":[2.75,0.0,5.5,1.5],"rotation":0,"texture":"#0","tintindex":0},"west":{"uv":[5.5,1.5,7.25,3.0],"rotation":0,"texture":"#0","tintindex":0},"up":{"uv":[2.75,1.75,0.0,0.0],"rotation":0,"texture":"#0","tintindex":0},"down":{"uv":[2.75,1.75,0.0,3.5],"rotation":0,"texture":"#0","tintindex":0}}}],"display":{"head":{"translation":[0.0,-6.4,0.0],"scale":[4.0,4.0,4.0]}}}