{"textures":{"0":"modelengine:entity/texture_copper_golem"},"elements":[{"from":[6.5714283,5.142857,6.857143],"to":[8.857143,7.428571,9.142858],"rotation":{"angle":0.0,"axis":"y","origin":[6.5714283,5.142857,8.0]},"faces":{"east":{"uv":[7.5,3.0,8.5,4.0],"rotation":0,"texture":"#0","tintindex":0},"south":{"uv":[7.5,5.5,8.5,6.5],"rotation":0,"texture":"#0","tintindex":0},"north":{"uv":[7.25,4.5,8.25,5.5],"rotation":0,"texture":"#0","tintindex":0},"west":{"uv":[6.5,7.5,7.5,8.5],"rotation":0,"texture":"#0","tintindex":0},"up":{"uv":[8.5,7.5,7.5,6.5],"rotation":0,"texture":"#0","tintindex":0},"down":{"uv":[8.5,7.5,7.5,8.5],"rotation":0,"texture":"#0","tintindex":0}}},{"from":[6.5714283,7.428571,6.857143],"to":[8.857143,8.571428,9.142858],"rotation":{"angle":0.0,"axis":"y","origin":[6.5714283,5.142857,8.0]},"faces":{"east":{"uv":[7.25,4.5,7.5,4.75],"rotation":0,"texture":"#0","tintindex":0},"south":{"uv":[7.25,4.5,7.5,4.75],"rotation":0,"texture":"#0","tintindex":0},"north":{"uv":[7.25,4.5,7.5,4.75],"rotation":0,"texture":"#0","tintindex":0},"west":{"uv":[7.25,4.5,7.5,4.75],"rotation":0,"texture":"#0","tintindex":0},"up":{"uv":[7.25,4.5,7.5,4.75],"rotation":0,"texture":"#0","tintindex":0},"down":{"uv":[7.25,4.5,7.5,4.75],"rotation":0,"texture":"#0","tintindex":0}}}],"display":{"head":{"translation":[0.0,-6.4,0.0],"scale":[4.0,4.0,4.0]}}}