{"textures":{"0":"modelengine:entity/texture_copper_golem"},"elements":[{"from":[7.142857,5.714286,7.142857],"to":[8.857143,8.571428,8.0],"rotation":{"angle":0.0,"axis":"y","origin":[8.0,1.1428566,9.714286]},"faces":{"east":{"uv":[4.5,8.75,5.0,10.0],"rotation":0,"texture":"#0","tintindex":0},"south":{"uv":[8.5,8.0,9.25,9.25],"rotation":0,"texture":"#0","tintindex":0},"north":{"uv":[7.5,8.5,8.25,9.75],"rotation":0,"texture":"#0","tintindex":0},"west":{"uv":[5.0,9.0,5.5,10.25],"rotation":0,"texture":"#0","tintindex":0},"up":{"uv":[8.25,4.5,7.5,4.0],"rotation":0,"texture":"#0","tintindex":0},"down":{"uv":[10.25,3.25,9.5,3.75],"rotation":0,"texture":"#0","tintindex":0}}}],"display":{"head":{"translation":[0.0,-6.4,0.0],"scale":[4.0,4.0,4.0]}}}