{"textures":{"0":"modelengine:entity/texture_copper_golem"},"elements":[{"from":[7.428571,8.0,7.428571],"to":[8.571428,9.714286,8.571428],"rotation":{"angle":0.0,"axis":"y","origin":[8.0,-1.1428576,8.0]},"faces":{"east":{"uv":[9.5,5.75,10.0,6.5],"rotation":0,"texture":"#0","tintindex":0},"south":{"uv":[6.25,9.5,6.75,10.25],"rotation":0,"texture":"#0","tintindex":0},"north":{"uv":[9.5,5.0,10.0,5.75],"rotation":0,"texture":"#0","tintindex":0},"west":{"uv":[9.5,6.5,10.0,7.25],"rotation":0,"texture":"#0","tintindex":0},"up":{"uv":[7.25,10.0,6.75,9.5],"rotation":0,"texture":"#0","tintindex":0},"down":{"uv":[10.0,7.25,9.5,7.75],"rotation":0,"texture":"#0","tintindex":0}}},{"from":[6.857143,9.714286,6.857143],"to":[9.142858,12.0,9.142858],"rotation":{"angle":0.0,"axis":"y","origin":[8.0,-1.1428576,8.0]},"faces":{"east":{"uv":[7.25,4.5,7.5,4.75],"rotation":0,"texture":"#0","tintindex":0},"south":{"uv":[7.25,4.5,7.5,4.75],"rotation":0,"texture":"#0","tintindex":0},"north":{"uv":[7.25,4.5,7.5,4.75],"rotation":0,"texture":"#0","tintindex":0},"west":{"uv":[7.25,4.5,7.5,4.75],"rotation":0,"texture":"#0","tintindex":0},"up":{"uv":[7.25,4.5,7.5,4.75],"rotation":0,"texture":"#0","tintindex":0},"down":{"uv":[7.25,4.5,7.5,4.75],"rotation":0,"texture":"#0","tintindex":0}}}],"display":{"head":{"translation":[0.0,-6.4,0.0],"scale":[4.0,4.0,4.0]}}}