{
	"credit": "Made by TeleMinecraft (Storbo)",
	"textures": {
		"0": "block/light_gray_concrete",
		"1": "block/clay",
		"particle": "block/light_gray_concrete"
	},
	"elements": [
		{
			"from": [6.3125, 0, 3.5],
			"to": [8.4875, 1.125, 4.25],
			"rotation": {"angle": 22.5, "axis": "y", "origin": [5, 0, 7.25]},
			"faces": {
				"north": {"uv": [0, 0, 5.8, 1], "texture": "#0"},
				"east": {"uv": [0, 0, 5.8, 1], "texture": "#0"},
				"south": {"uv": [0, 0, 5.8, 1], "texture": "#0"},
				"west": {"uv": [0, 0, 5.8, 1], "texture": "#0"},
				"up": {"uv": [0, 0, 5.8, 1], "texture": "#0"},
				"down": {"uv": [0, 0, 5.8, 1], "texture": "#0"}
			}
		},
		{
			"from": [6.95, 0, 1.25],
			"to": [9.125, 1.125, 2],
			"rotation": {"angle": -22.5, "axis": "y", "origin": [5, 0, 7.25]},
			"faces": {
				"north": {"uv": [0, 0, 5.8, 1], "texture": "#0"},
				"east": {"uv": [0, 0, 5.8, 1], "texture": "#0"},
				"south": {"uv": [0, 0, 5.8, 1], "texture": "#0"},
				"west": {"uv": [0, 0, 5.8, 1], "texture": "#0"},
				"up": {"uv": [0, 0, 5.8, 1], "texture": "#0"},
				"down": {"uv": [0, 0, 5.8, 1], "texture": "#0"}
			}
		},
		{
			"from": [6.40101, 0, 1.88997],
			"to": [8.65102, 1.125, 2.63998],
			"rotation": {"angle": 45, "axis": "y", "origin": [8.375, 0, 7.25]},
			"faces": {
				"north": {"uv": [0, 0, 6, 1], "texture": "#0"},
				"east": {"uv": [0, 0, 6, 1], "texture": "#0"},
				"south": {"uv": [0, 0, 6, 1], "texture": "#0"},
				"west": {"uv": [0, 0, 6, 1], "texture": "#0"},
				"up": {"uv": [0, 0, 6, 1], "texture": "#0"},
				"down": {"uv": [0, 0, 6, 1], "texture": "#0"}
			}
		},
		{
			"from": [7.85552, 0, 3.30698],
			"to": [10.10552, 1.125, 4.05698],
			"rotation": {"angle": -45, "axis": "y", "origin": [9.5, 0, 7.25]},
			"faces": {
				"north": {"uv": [0, 0, 6, 1], "texture": "#0"},
				"east": {"uv": [0, 0, 6, 1], "texture": "#0"},
				"south": {"uv": [0, 0, 6, 1], "texture": "#0"},
				"west": {"uv": [0, 0, 6, 1], "texture": "#0"},
				"up": {"uv": [0, 0, 6, 1], "texture": "#0"},
				"down": {"uv": [0, 0, 6, 1], "texture": "#0"}
			}
		},
		{
			"from": [2.8625, 0, 8],
			"to": [3.6125, 1.125, 10.25],
			"rotation": {"angle": -22.5, "axis": "y", "origin": [11, 0, 7.25]},
			"faces": {
				"north": {"uv": [0, 1, 6, 2], "rotation": 90, "texture": "#0"},
				"east": {"uv": [0, 1, 6, 2], "rotation": 90, "texture": "#0"},
				"south": {"uv": [0, 1, 6, 2], "rotation": 90, "texture": "#0"},
				"west": {"uv": [0, 1, 6, 2], "rotation": 90, "texture": "#0"},
				"up": {"uv": [0, 1, 6, 2], "rotation": 90, "texture": "#0"},
				"down": {"uv": [0, 1, 6, 2], "rotation": 90, "texture": "#0"}
			}
		},
		{
			"from": [2.3375, 0, 6.9125],
			"to": [3.0875, 1.125, 9.1625],
			"rotation": {"angle": 0, "axis": "y", "origin": [11, 0, 7.25]},
			"faces": {
				"north": {"uv": [0, 1, 6, 2], "rotation": 90, "texture": "#0"},
				"east": {"uv": [0, 1, 6, 2], "rotation": 90, "texture": "#0"},
				"south": {"uv": [0, 1, 6, 2], "rotation": 90, "texture": "#0"},
				"west": {"uv": [0, 1, 6, 2], "rotation": 90, "texture": "#0"},
				"up": {"uv": [0, 1, 6, 2], "rotation": 90, "texture": "#0"},
				"down": {"uv": [0, 1, 6, 2], "rotation": 90, "texture": "#0"}
			}
		},
		{
			"from": [12.8, 0, 6.95],
			"to": [13.55, 1.125, 9.2],
			"rotation": {"angle": 0, "axis": "y", "origin": [5, 0, 7.25]},
			"faces": {
				"north": {"uv": [0, 0, 6, 1], "rotation": 90, "texture": "#0"},
				"east": {"uv": [0, 0, 6, 1], "rotation": 90, "texture": "#0"},
				"south": {"uv": [0, 0, 6, 1], "rotation": 90, "texture": "#0"},
				"west": {"uv": [0, 0, 6, 1], "rotation": 90, "texture": "#0"},
				"up": {"uv": [0, 0, 6, 1], "rotation": 90, "texture": "#0"},
				"down": {"uv": [0, 0, 6, 1], "rotation": 90, "texture": "#0"}
			}
		},
		{
			"from": [12.275, 0, 8],
			"to": [13.025, 1.125, 10.25],
			"rotation": {"angle": 22.5, "axis": "y", "origin": [5, 0, 7.25]},
			"faces": {
				"north": {"uv": [0, 0, 6, 1], "rotation": 90, "texture": "#0"},
				"east": {"uv": [0, 0, 6, 1], "rotation": 90, "texture": "#0"},
				"south": {"uv": [0, 0, 6, 1], "rotation": 90, "texture": "#0"},
				"west": {"uv": [0, 0, 6, 1], "rotation": 90, "texture": "#0"},
				"up": {"uv": [0, 0, 6, 1], "rotation": 90, "texture": "#0"},
				"down": {"uv": [0, 0, 6, 1], "rotation": 90, "texture": "#0"}
			}
		},
		{
			"from": [6.8, 0, 2.45],
			"to": [9.125, 1.125, 3.2],
			"rotation": {"angle": 0, "axis": "y", "origin": [5, 0, 7.25]},
			"faces": {
				"north": {"uv": [0, 0, 6.2, 1], "texture": "#0"},
				"east": {"uv": [0, 0, 6.2, 1], "texture": "#0"},
				"south": {"uv": [0, 0, 6.2, 1], "texture": "#0"},
				"west": {"uv": [0, 0, 6.2, 1], "texture": "#0"},
				"up": {"uv": [0, 0, 6.2, 1], "texture": "#0"},
				"down": {"uv": [0, 0, 6.2, 1], "texture": "#0"}
			}
		},
		{
			"from": [6.3125, 0, 11.7875],
			"to": [8.4875, 1.125, 12.5375],
			"rotation": {"angle": -22.5, "axis": "y", "origin": [5, 0, 8.7875]},
			"faces": {
				"north": {"uv": [0, 1, 5.8, 2], "texture": "#0"},
				"east": {"uv": [0, 1, 5.8, 2], "texture": "#0"},
				"south": {"uv": [0, 1, 5.8, 2], "texture": "#0"},
				"west": {"uv": [0, 1, 5.8, 2], "texture": "#0"},
				"up": {"uv": [0, 1, 5.8, 2], "texture": "#0"},
				"down": {"uv": [0, 1, 5.8, 2], "texture": "#0"}
			}
		},
		{
			"from": [6.95, 0, 14.0375],
			"to": [9.125, 1.125, 14.7875],
			"rotation": {"angle": 22.5, "axis": "y", "origin": [5, 0, 8.7875]},
			"faces": {
				"north": {"uv": [0, 1, 5.8, 2], "texture": "#0"},
				"east": {"uv": [0, 1, 5.8, 2], "texture": "#0"},
				"south": {"uv": [0, 1, 5.8, 2], "texture": "#0"},
				"west": {"uv": [0, 1, 5.8, 2], "texture": "#0"},
				"up": {"uv": [0, 1, 5.8, 2], "texture": "#0"},
				"down": {"uv": [0, 1, 5.8, 2], "texture": "#0"}
			}
		},
		{
			"from": [6.40101, 0, 13.39753],
			"to": [8.65102, 1.125, 14.14753],
			"rotation": {"angle": -45, "axis": "y", "origin": [8.375, 0, 8.7875]},
			"faces": {
				"north": {"uv": [0, 1, 6, 2], "texture": "#0"},
				"east": {"uv": [0, 1, 6, 2], "texture": "#0"},
				"south": {"uv": [0, 1, 6, 2], "texture": "#0"},
				"west": {"uv": [0, 1, 6, 2], "texture": "#0"},
				"up": {"uv": [0, 1, 6, 2], "texture": "#0"},
				"down": {"uv": [0, 1, 6, 2], "texture": "#0"}
			}
		},
		{
			"from": [7.85552, 0, 11.98052],
			"to": [10.10552, 1.125, 12.73052],
			"rotation": {"angle": 45, "axis": "y", "origin": [9.5, 0, 8.7875]},
			"faces": {
				"north": {"uv": [0, 1, 6, 2], "texture": "#0"},
				"east": {"uv": [0, 1, 6, 2], "texture": "#0"},
				"south": {"uv": [0, 1, 6, 2], "texture": "#0"},
				"west": {"uv": [0, 1, 6, 2], "texture": "#0"},
				"up": {"uv": [0, 1, 6, 2], "texture": "#0"},
				"down": {"uv": [0, 1, 6, 2], "texture": "#0"}
			}
		},
		{
			"from": [2.8625, 0, 5.7875],
			"to": [3.6125, 1.125, 8.0375],
			"rotation": {"angle": 22.5, "axis": "y", "origin": [11, 0, 8.7875]},
			"faces": {
				"north": {"uv": [6, 1, 12, 2], "rotation": 90, "texture": "#0"},
				"east": {"uv": [6, 1, 12, 2], "rotation": 90, "texture": "#0"},
				"south": {"uv": [6, 1, 12, 2], "rotation": 90, "texture": "#0"},
				"west": {"uv": [6, 1, 12, 2], "rotation": 90, "texture": "#0"},
				"up": {"uv": [6, 1, 12, 2], "rotation": 90, "texture": "#0"},
				"down": {"uv": [6, 1, 12, 2], "rotation": 90, "texture": "#0"}
			}
		},
		{
			"from": [12.275, 0, 5.7875],
			"to": [13.025, 1.125, 8.0375],
			"rotation": {"angle": -22.5, "axis": "y", "origin": [5, 0, 8.7875]},
			"faces": {
				"north": {"uv": [6, 0, 12, 1], "rotation": 90, "texture": "#0"},
				"east": {"uv": [6, 0, 12, 1], "rotation": 90, "texture": "#0"},
				"south": {"uv": [6, 0, 12, 1], "rotation": 90, "texture": "#0"},
				"west": {"uv": [6, 0, 12, 1], "rotation": 90, "texture": "#0"},
				"up": {"uv": [6, 0, 12, 1], "rotation": 90, "texture": "#0"},
				"down": {"uv": [6, 0, 12, 1], "rotation": 90, "texture": "#0"}
			}
		},
		{
			"from": [6.8, 0, 12.8375],
			"to": [9.125, 1.125, 13.5875],
			"rotation": {"angle": 0, "axis": "y", "origin": [5, 0, 8.7875]},
			"faces": {
				"north": {"uv": [0, 1, 6.2, 2], "texture": "#0"},
				"east": {"uv": [0, 1, 6.2, 2], "texture": "#0"},
				"south": {"uv": [0, 1, 6.2, 2], "texture": "#0"},
				"west": {"uv": [0, 1, 6.2, 2], "texture": "#0"},
				"up": {"uv": [0, 1, 6.2, 2], "texture": "#0"},
				"down": {"uv": [0, 1, 6.2, 2], "texture": "#0"}
			}
		},
		{
			"from": [6.3125, 0.0375, 4.25],
			"to": [8.4875, 1.125, 9.5],
			"rotation": {"angle": 22.5, "axis": "y", "origin": [5, 0, 7.25]},
			"faces": {
				"north": {"uv": [0, 0, 0, 0], "texture": "#1"},
				"east": {"uv": [0, 0, 0, 0], "texture": "#1"},
				"south": {"uv": [0, 0, 0, 0], "texture": "#1"},
				"west": {"uv": [0, 0, 0, 0], "texture": "#1"},
				"up": {"uv": [0, 0, 0, 0], "texture": "#1"},
				"down": {"uv": [0, 0, 0, 0], "texture": "#1"}
			}
		},
		{
			"from": [6.95, 0.0375, 2],
			"to": [9.125, 1.125, 7.25],
			"rotation": {"angle": -22.5, "axis": "y", "origin": [5, 0, 7.25]},
			"faces": {
				"north": {"uv": [0, 0, 0, 0], "texture": "#1"},
				"east": {"uv": [0, 0, 0, 0], "texture": "#1"},
				"south": {"uv": [0, 0, 0, 0], "texture": "#1"},
				"west": {"uv": [0, 0, 0, 0], "texture": "#1"},
				"up": {"uv": [0, 0, 0, 0], "texture": "#1"},
				"down": {"uv": [0, 0, 0, 0], "texture": "#1"}
			}
		},
		{
			"from": [6.40101, 0.0375, 2.63998],
			"to": [8.65102, 1.125, 7.51498],
			"rotation": {"angle": 45, "axis": "y", "origin": [8.375, 0, 7.25]},
			"faces": {
				"north": {"uv": [0, 0, 0, 0], "texture": "#1"},
				"east": {"uv": [0, 0, 0, 0], "texture": "#1"},
				"south": {"uv": [0, 0, 0, 0], "texture": "#1"},
				"west": {"uv": [0, 0, 0, 0], "texture": "#1"},
				"up": {"uv": [0, 0, 0, 0], "texture": "#1"},
				"down": {"uv": [0, 0, 0, 0], "texture": "#1"}
			}
		},
		{
			"from": [7.85552, 0.0375, 4.05698],
			"to": [10.10552, 1.125, 8.55698],
			"rotation": {"angle": -45, "axis": "y", "origin": [9.5, 0, 7.25]},
			"faces": {
				"north": {"uv": [0, 0, 0, 0], "texture": "#1"},
				"east": {"uv": [0, 0, 0, 0], "texture": "#1"},
				"south": {"uv": [0, 0, 0, 0], "texture": "#1"},
				"west": {"uv": [0, 0, 0, 0], "texture": "#1"},
				"up": {"uv": [0, 0, 0, 0], "texture": "#1"},
				"down": {"uv": [0, 0, 0, 0], "texture": "#1"}
			}
		},
		{
			"from": [3.6125, 0.0375, 8],
			"to": [7.7375, 1.125, 10.25],
			"rotation": {"angle": -22.5, "axis": "y", "origin": [11, 0, 7.25]},
			"faces": {
				"north": {"uv": [0, 0, 0, 0], "rotation": 90, "texture": "#1"},
				"east": {"uv": [0, 0, 0, 0], "rotation": 90, "texture": "#1"},
				"south": {"uv": [0, 0, 0, 0], "rotation": 90, "texture": "#1"},
				"west": {"uv": [0, 0, 0, 0], "rotation": 90, "texture": "#1"},
				"up": {"uv": [0, 0, 0, 0], "rotation": 90, "texture": "#1"},
				"down": {"uv": [0, 0, 0, 0], "rotation": 90, "texture": "#1"}
			}
		},
		{
			"from": [3.0875, 0.0375, 6.9125],
			"to": [7.9625, 1.125, 9.1625],
			"rotation": {"angle": 0, "axis": "y", "origin": [11, 0, 7.25]},
			"faces": {
				"north": {"uv": [0, 0, 0, 0], "rotation": 90, "texture": "#1"},
				"east": {"uv": [0, 0, 0, 0], "rotation": 90, "texture": "#1"},
				"south": {"uv": [0, 0, 0, 0], "rotation": 90, "texture": "#1"},
				"west": {"uv": [0, 0, 0, 0], "rotation": 90, "texture": "#1"},
				"up": {"uv": [0, 0, 0, 0], "rotation": 90, "texture": "#1"},
				"down": {"uv": [0, 0, 0, 0], "rotation": 90, "texture": "#1"}
			}
		},
		{
			"from": [7.55, 0.0375, 6.95],
			"to": [12.8, 1.125, 9.2],
			"rotation": {"angle": 0, "axis": "y", "origin": [5, 0, 7.25]},
			"faces": {
				"north": {"uv": [0, 0, 0, 0], "rotation": 90, "texture": "#1"},
				"east": {"uv": [0, 0, 0, 0], "rotation": 90, "texture": "#1"},
				"south": {"uv": [0, 0, 0, 0], "rotation": 90, "texture": "#1"},
				"west": {"uv": [0, 0, 0, 0], "rotation": 90, "texture": "#1"},
				"up": {"uv": [0, 0, 0, 0], "rotation": 90, "texture": "#1"},
				"down": {"uv": [0, 0, 0, 0], "rotation": 90, "texture": "#1"}
			}
		},
		{
			"from": [9.65, 0.0375, 8],
			"to": [12.275, 1.125, 10.25],
			"rotation": {"angle": 22.5, "axis": "y", "origin": [5, 0, 7.25]},
			"faces": {
				"north": {"uv": [0, 0, 0, 0], "rotation": 90, "texture": "#1"},
				"east": {"uv": [0, 0, 0, 0], "rotation": 90, "texture": "#1"},
				"south": {"uv": [0, 0, 0, 0], "rotation": 90, "texture": "#1"},
				"west": {"uv": [0, 0, 0, 0], "rotation": 90, "texture": "#1"},
				"up": {"uv": [0, 0, 0, 0], "rotation": 90, "texture": "#1"},
				"down": {"uv": [0, 0, 0, 0], "rotation": 90, "texture": "#1"}
			}
		},
		{
			"from": [6.8, 0.0375, 3.2],
			"to": [9.125, 1.125, 5.825],
			"rotation": {"angle": 0, "axis": "y", "origin": [5, 0, 7.25]},
			"faces": {
				"north": {"uv": [0, 0, 0, 0], "texture": "#1"},
				"east": {"uv": [0, 0, 0, 0], "texture": "#1"},
				"south": {"uv": [0, 0, 0, 0], "texture": "#1"},
				"west": {"uv": [0, 0, 0, 0], "texture": "#1"},
				"up": {"uv": [0, 0, 0, 0], "texture": "#1"},
				"down": {"uv": [0, 0, 0, 0], "texture": "#1"}
			}
		},
		{
			"from": [6.3125, 0.0375, 7.6625],
			"to": [8.4875, 1.125, 11.7875],
			"rotation": {"angle": -22.5, "axis": "y", "origin": [5, 0, 8.7875]},
			"faces": {
				"north": {"uv": [0, 0, 0, 0], "texture": "#1"},
				"east": {"uv": [0, 0, 0, 0], "texture": "#1"},
				"south": {"uv": [0, 0, 0, 0], "texture": "#1"},
				"west": {"uv": [0, 0, 0, 0], "texture": "#1"},
				"up": {"uv": [0, 0, 0, 0], "texture": "#1"},
				"down": {"uv": [0, 0, 0, 0], "texture": "#1"}
			}
		},
		{
			"from": [6.95, 0.0375, 9.5375],
			"to": [9.125, 1.125, 14.0375],
			"rotation": {"angle": 22.5, "axis": "y", "origin": [5, 0, 8.7875]},
			"faces": {
				"north": {"uv": [0, 0, 0, 0], "texture": "#1"},
				"east": {"uv": [0, 0, 0, 0], "texture": "#1"},
				"south": {"uv": [0, 0, 0, 0], "texture": "#1"},
				"west": {"uv": [0, 0, 0, 0], "texture": "#1"},
				"up": {"uv": [0, 0, 0, 0], "texture": "#1"},
				"down": {"uv": [0, 0, 0, 0], "texture": "#1"}
			}
		},
		{
			"from": [6.40101, 0.0375, 10.02253],
			"to": [8.65102, 1.125, 13.39753],
			"rotation": {"angle": -45, "axis": "y", "origin": [8.375, 0, 8.7875]},
			"faces": {
				"north": {"uv": [0, 0, 0, 0], "texture": "#1"},
				"east": {"uv": [0, 0, 0, 0], "texture": "#1"},
				"south": {"uv": [0, 0, 0, 0], "texture": "#1"},
				"west": {"uv": [0, 0, 0, 0], "texture": "#1"},
				"up": {"uv": [0, 0, 0, 0], "texture": "#1"},
				"down": {"uv": [0, 0, 0, 0], "texture": "#1"}
			}
		},
		{
			"from": [7.85552, 0.0375, 7.48052],
			"to": [10.10552, 1.125, 11.98052],
			"rotation": {"angle": 45, "axis": "y", "origin": [9.5, 0, 8.7875]},
			"faces": {
				"north": {"uv": [0, 0, 0, 0], "texture": "#1"},
				"east": {"uv": [0, 0, 0, 0], "texture": "#1"},
				"south": {"uv": [0, 0, 0, 0], "texture": "#1"},
				"west": {"uv": [0, 0, 0, 0], "texture": "#1"},
				"up": {"uv": [0, 0, 0, 0], "texture": "#1"},
				"down": {"uv": [0, 0, 0, 0], "texture": "#1"}
			}
		},
		{
			"from": [3.6125, 0.0375, 5.7875],
			"to": [6.6125, 1.125, 8.0375],
			"rotation": {"angle": 22.5, "axis": "y", "origin": [11, 0, 8.7875]},
			"faces": {
				"north": {"uv": [0, 0, 0, 0], "rotation": 90, "texture": "#1"},
				"east": {"uv": [0, 0, 0, 0], "rotation": 90, "texture": "#1"},
				"south": {"uv": [0, 0, 0, 0], "rotation": 90, "texture": "#1"},
				"west": {"uv": [0, 0, 0, 0], "rotation": 90, "texture": "#1"},
				"up": {"uv": [0, 0, 0, 0], "rotation": 90, "texture": "#1"},
				"down": {"uv": [0, 0, 0, 0], "rotation": 90, "texture": "#1"}
			}
		},
		{
			"from": [10.025, 0.0375, 5.7875],
			"to": [12.275, 1.125, 8.0375],
			"rotation": {"angle": -22.5, "axis": "y", "origin": [5, 0, 8.7875]},
			"faces": {
				"north": {"uv": [0, 0, 0, 0], "rotation": 90, "texture": "#1"},
				"east": {"uv": [0, 0, 0, 0], "rotation": 90, "texture": "#1"},
				"south": {"uv": [0, 0, 0, 0], "rotation": 90, "texture": "#1"},
				"west": {"uv": [0, 0, 0, 0], "rotation": 90, "texture": "#1"},
				"up": {"uv": [0, 0, 0, 0], "rotation": 90, "texture": "#1"},
				"down": {"uv": [0, 0, 0, 0], "rotation": 90, "texture": "#1"}
			}
		},
		{
			"from": [6.8, 0.0375, 9.4625],
			"to": [9.125, 1.125, 12.8375],
			"rotation": {"angle": 0, "axis": "y", "origin": [5, 0, 8.7875]},
			"faces": {
				"north": {"uv": [0, 0, 0, 0], "texture": "#1"},
				"east": {"uv": [0, 0, 0, 0], "texture": "#1"},
				"south": {"uv": [0, 0, 0, 0], "texture": "#1"},
				"west": {"uv": [0, 0, 0, 0], "texture": "#1"},
				"up": {"uv": [0, 0, 0, 0], "texture": "#1"},
				"down": {"uv": [0, 0, 0, 0], "texture": "#1"}
			}
		}
	],
	"display": {
		"thirdperson_righthand": {
			"rotation": [-180, 0, 0],
			"translation": [0, -1.25, 0],
			"scale": [0.25, 0.25, 0.25]
		},
		"thirdperson_lefthand": {
			"rotation": [-180, 0, 0],
			"translation": [0, -1.25, 0],
			"scale": [0.25, 0.25, 0.25]
		},
		"firstperson_righthand": {
			"rotation": [-180, 0, 0],
			"translation": [0, -1.25, 0],
			"scale": [0.25, 0.25, 0.25]
		},
		"firstperson_lefthand": {
			"rotation": [-180, 0, 0],
			"translation": [0, -1.25, 0],
			"scale": [0.25, 0.25, 0.25]
		},
		"ground": {
			"rotation": [-180, 0, 0],
			"translation": [0, -1.25, 0],
			"scale": [0.25, 0.25, 0.25]
		},
		"gui": {
			"rotation": [67.5, 22.5, -22.5],
			"translation": [1, 1, 0],
			"scale": [0.4, 0.4, 0.4]
		},
		"head": {
			"translation": [0, -37, 0],
			"scale": [0.9, 0.9, 0.9]
		},
		"fixed": {
			"rotation": [90, 0, 0],
			"translation": [0, 0, 1.25],
			"scale": [0.25, 0.25, 0.25]
		}
	},
	"groups": [
		{
			"name": "group",
			"origin": [0, 0, 0],
			"color": 0,
			"children": [0, 1, 2, 3, 4, 5, 6, 7, 8, 9, 10, 11, 12, 13, 14, 15]
		},
		{
			"name": "group",
			"origin": [0, 0, 0],
			"color": 0,
			"children": [16, 17, 18, 19, 20, 21, 22, 23, 24, 25, 26, 27, 28, 29, 30, 31]
		}
	]
}