{
	"credit": "Made by TeleMinecraft (Storbo)",
	"textures": {
		"0": "block/light_gray_concrete",
		"particle": "block/light_gray_concrete"
	},
	"elements": [
		{
			"from": [11.3, 2.9, 6.6],
			"to": [14.3, 3.9, 8.1],
			"rotation": {"angle": 22.5, "axis": "z", "origin": [1, -7, 0]},
			"faces": {
				"north": {"uv": [1, 1, 7, 2], "rotation": 180, "texture": "#0"},
				"east": {"uv": [1, 1, 7, 2], "texture": "#0"},
				"south": {"uv": [1, 1, 7, 2], "texture": "#0"},
				"west": {"uv": [1, 1, 7, 2], "texture": "#0"},
				"up": {"uv": [1, 1, 7, 2], "texture": "#0"},
				"down": {"uv": [1, 1, 7, 2], "texture": "#0"}
			}
		},
		{
			"from": [17.1, -3, 6.6],
			"to": [18, -2, 8.1],
			"rotation": {"angle": 45, "axis": "z", "origin": [1, -7, 0]},
			"faces": {
				"north": {"uv": [1, 1, 7, 2], "rotation": 180, "texture": "#0"},
				"east": {"uv": [1, 1, 7, 2], "texture": "#0"},
				"south": {"uv": [1, 1, 7, 2], "texture": "#0"},
				"west": {"uv": [1, 1, 7, 2], "texture": "#0"},
				"up": {"uv": [1, 1, 7, 2], "texture": "#0"},
				"down": {"uv": [1, 1, 7, 2], "texture": "#0"}
			}
		},
		{
			"from": [-0.45, -5.6, 6.6],
			"to": [0.55, -4.6, 8.1],
			"rotation": {"angle": -45, "axis": "z", "origin": [17, -7, 0]},
			"faces": {
				"north": {"uv": [7, 1, 1, 2], "rotation": 180, "texture": "#0"},
				"east": {"uv": [7, 1, 1, 2], "texture": "#0"},
				"south": {"uv": [7, 1, 1, 2], "texture": "#0"},
				"west": {"uv": [7, 1, 1, 2], "texture": "#0"},
				"up": {"uv": [7, 1, 1, 2], "texture": "#0"},
				"down": {"uv": [7, 1, 1, 2], "texture": "#0"}
			}
		},
		{
			"from": [2.8, 10.2, 6.6],
			"to": [3.8, 11.2, 8.1],
			"rotation": {"angle": -22.5, "axis": "z", "origin": [1, -7, 0]},
			"faces": {
				"north": {"uv": [1, 1, 7, 2], "rotation": 270, "texture": "#0"},
				"east": {"uv": [1, 1, 7, 2], "rotation": 270, "texture": "#0"},
				"south": {"uv": [1, 1, 7, 2], "rotation": 270, "texture": "#0"},
				"west": {"uv": [1, 1, 7, 2], "rotation": 270, "texture": "#0"},
				"up": {"uv": [1, 1, 7, 2], "rotation": 270, "texture": "#0"},
				"down": {"uv": [1, 1, 7, 2], "rotation": 270, "texture": "#0"}
			}
		},
		{
			"from": [2.8, 10.2, 6.6],
			"to": [3.2, 11.7, 8.1],
			"rotation": {"angle": -22.5, "axis": "z", "origin": [1, -7, 0]},
			"faces": {
				"north": {"uv": [1, 1, 7, 2], "rotation": 270, "texture": "#0"},
				"east": {"uv": [1, 1, 7, 2], "rotation": 270, "texture": "#0"},
				"south": {"uv": [1, 1, 7, 2], "rotation": 270, "texture": "#0"},
				"west": {"uv": [1, 1, 7, 2], "rotation": 270, "texture": "#0"},
				"up": {"uv": [1, 1, 7, 2], "rotation": 270, "texture": "#0"},
				"down": {"uv": [1, 1, 7, 2], "rotation": 270, "texture": "#0"}
			}
		},
		{
			"from": [9.75, 8.7, 6.6],
			"to": [10.55, 10.2, 8.1],
			"rotation": {"angle": 0, "axis": "z", "origin": [1, -7, 0]},
			"faces": {
				"north": {"uv": [1, 1, 7, 2], "rotation": 270, "texture": "#0"},
				"east": {"uv": [1, 1, 7, 2], "rotation": 270, "texture": "#0"},
				"south": {"uv": [1, 1, 7, 2], "rotation": 270, "texture": "#0"},
				"west": {"uv": [1, 1, 7, 2], "rotation": 270, "texture": "#0"},
				"up": {"uv": [1, 1, 7, 2], "rotation": 270, "texture": "#0"},
				"down": {"uv": [1, 1, 7, 2], "rotation": 270, "texture": "#0"}
			}
		},
		{
			"from": [15.7, 5.2, 6.6],
			"to": [16.4, 6.2, 8.1],
			"rotation": {"angle": 22.5, "axis": "z", "origin": [1, -7, 0]},
			"faces": {
				"north": {"uv": [1, 1, 7, 2], "rotation": 270, "texture": "#0"},
				"east": {"uv": [1, 1, 7, 2], "rotation": 270, "texture": "#0"},
				"south": {"uv": [1, 1, 7, 2], "rotation": 270, "texture": "#0"},
				"west": {"uv": [1, 1, 7, 2], "rotation": 270, "texture": "#0"},
				"up": {"uv": [1, 1, 7, 2], "rotation": 270, "texture": "#0"},
				"down": {"uv": [1, 1, 7, 2], "rotation": 270, "texture": "#0"}
			}
		},
		{
			"from": [15.7, 5.2, 6.6],
			"to": [16.1, 6.5, 8.1],
			"rotation": {"angle": 22.5, "axis": "z", "origin": [1, -7, 0]},
			"faces": {
				"north": {"uv": [1, 1, 7, 2], "rotation": 270, "texture": "#0"},
				"east": {"uv": [1, 1, 7, 2], "rotation": 270, "texture": "#0"},
				"south": {"uv": [1, 1, 7, 2], "rotation": 270, "texture": "#0"},
				"west": {"uv": [1, 1, 7, 2], "rotation": 270, "texture": "#0"},
				"up": {"uv": [1, 1, 7, 2], "rotation": 270, "texture": "#0"},
				"down": {"uv": [1, 1, 7, 2], "rotation": 270, "texture": "#0"}
			}
		},
		{
			"from": [19.75, -0.7, 6.6],
			"to": [20.25, 0.3, 8.1],
			"rotation": {"angle": 45, "axis": "z", "origin": [1, -7, 0]},
			"faces": {
				"north": {"uv": [1, 1, 7, 2], "rotation": 270, "texture": "#0"},
				"east": {"uv": [1, 1, 7, 2], "rotation": 270, "texture": "#0"},
				"south": {"uv": [1, 1, 7, 2], "rotation": 270, "texture": "#0"},
				"west": {"uv": [1, 1, 7, 2], "rotation": 270, "texture": "#0"},
				"up": {"uv": [1, 1, 7, 2], "rotation": 270, "texture": "#0"},
				"down": {"uv": [1, 1, 7, 2], "rotation": 270, "texture": "#0"}
			}
		},
		{
			"from": [0.6, 13.05, 6.6],
			"to": [1.6, 13.55, 8.1],
			"rotation": {"angle": -22.5, "axis": "z", "origin": [1, -7, 0]},
			"faces": {
				"north": {"uv": [1, 1, 7, 2], "texture": "#0"},
				"east": {"uv": [1, 1, 7, 2], "rotation": 180, "texture": "#0"},
				"south": {"uv": [1, 1, 7, 2], "rotation": 180, "texture": "#0"},
				"west": {"uv": [1, 1, 7, 2], "rotation": 180, "texture": "#0"},
				"up": {"uv": [1, 1, 7, 2], "rotation": 180, "texture": "#0"},
				"down": {"uv": [1, 1, 7, 2], "rotation": 180, "texture": "#0"}
			}
		},
		{
			"from": [7, 11.65, 6.6],
			"to": [8.5, 12.15, 8.1],
			"rotation": {"angle": 0, "axis": "z", "origin": [1, -7, 0]},
			"faces": {
				"north": {"uv": [1, 1, 7, 2], "texture": "#0"},
				"east": {"uv": [1, 1, 7, 2], "rotation": 180, "texture": "#0"},
				"south": {"uv": [1, 1, 7, 2], "rotation": 180, "texture": "#0"},
				"west": {"uv": [1, 1, 7, 2], "rotation": 180, "texture": "#0"},
				"up": {"uv": [1, 1, 7, 2], "rotation": 180, "texture": "#0"},
				"down": {"uv": [1, 1, 7, 2], "rotation": 180, "texture": "#0"}
			}
		},
		{
			"from": [0.1, 13.05, 6.6],
			"to": [1.6, 13.35, 8.1],
			"rotation": {"angle": -22.5, "axis": "z", "origin": [1, -7, 0]},
			"faces": {
				"north": {"uv": [1, 1, 7, 2], "texture": "#0"},
				"east": {"uv": [1, 1, 7, 2], "rotation": 180, "texture": "#0"},
				"south": {"uv": [1, 1, 7, 2], "rotation": 180, "texture": "#0"},
				"west": {"uv": [1, 1, 7, 2], "rotation": 180, "texture": "#0"},
				"up": {"uv": [1, 1, 7, 2], "rotation": 180, "texture": "#0"},
				"down": {"uv": [1, 1, 7, 2], "rotation": 180, "texture": "#0"}
			}
		},
		{
			"from": [13.9, 13.05, 6.6],
			"to": [15.4, 13.35, 8.1],
			"rotation": {"angle": 22.5, "axis": "z", "origin": [14.5, -7, 0]},
			"faces": {
				"north": {"uv": [7, 1, 1, 2], "texture": "#0"},
				"east": {"uv": [7, 1, 1, 2], "rotation": 180, "texture": "#0"},
				"south": {"uv": [7, 1, 1, 2], "rotation": 180, "texture": "#0"},
				"west": {"uv": [7, 1, 1, 2], "rotation": 180, "texture": "#0"},
				"up": {"uv": [7, 1, 1, 2], "rotation": 180, "texture": "#0"},
				"down": {"uv": [7, 1, 1, 2], "rotation": 180, "texture": "#0"}
			}
		},
		{
			"from": [13.9, 13.05, 6.6],
			"to": [14.9, 13.55, 8.1],
			"rotation": {"angle": 22.5, "axis": "z", "origin": [14.5, -7, 0]},
			"faces": {
				"north": {"uv": [7, 1, 1, 2], "texture": "#0"},
				"east": {"uv": [7, 1, 1, 2], "rotation": 180, "texture": "#0"},
				"south": {"uv": [7, 1, 1, 2], "rotation": 180, "texture": "#0"},
				"west": {"uv": [7, 1, 1, 2], "rotation": 180, "texture": "#0"},
				"up": {"uv": [7, 1, 1, 2], "rotation": 180, "texture": "#0"},
				"down": {"uv": [7, 1, 1, 2], "rotation": 180, "texture": "#0"}
			}
		},
		{
			"from": [-4.75, -0.7, 6.6],
			"to": [-4.25, 0.3, 8.1],
			"rotation": {"angle": -45, "axis": "z", "origin": [14.5, -7, 0]},
			"faces": {
				"north": {"uv": [1, 2, 7, 1], "rotation": 270, "texture": "#0"},
				"east": {"uv": [1, 2, 7, 1], "rotation": 270, "texture": "#0"},
				"south": {"uv": [1, 2, 7, 1], "rotation": 270, "texture": "#0"},
				"west": {"uv": [1, 2, 7, 1], "rotation": 270, "texture": "#0"},
				"up": {"uv": [1, 2, 7, 1], "rotation": 270, "texture": "#0"},
				"down": {"uv": [1, 2, 7, 1], "rotation": 270, "texture": "#0"}
			}
		},
		{
			"from": [20.05, 13.8, 6.6],
			"to": [20.55, 14.8, 8.1],
			"rotation": {"angle": -45, "axis": "z", "origin": [1.3, 21.1, 0]},
			"faces": {
				"north": {"uv": [7, 1, 1, 2], "rotation": 270, "texture": "#0"},
				"east": {"uv": [7, 1, 1, 2], "rotation": 270, "texture": "#0"},
				"south": {"uv": [7, 1, 1, 2], "rotation": 270, "texture": "#0"},
				"west": {"uv": [7, 1, 1, 2], "rotation": 270, "texture": "#0"},
				"up": {"uv": [7, 1, 1, 2], "rotation": 270, "texture": "#0"},
				"down": {"uv": [7, 1, 1, 2], "rotation": 270, "texture": "#0"}
			}
		},
		{
			"from": [0.9, 0.55, 6.6],
			"to": [1.9, 1.05, 8.1],
			"rotation": {"angle": 22.5, "axis": "z", "origin": [1.3, 21.1, 0]},
			"faces": {
				"north": {"uv": [1, 2, 7, 1], "texture": "#0"},
				"east": {"uv": [1, 2, 7, 1], "rotation": 180, "texture": "#0"},
				"south": {"uv": [1, 2, 7, 1], "rotation": 180, "texture": "#0"},
				"west": {"uv": [1, 2, 7, 1], "rotation": 180, "texture": "#0"},
				"up": {"uv": [1, 2, 7, 1], "rotation": 180, "texture": "#0"},
				"down": {"uv": [1, 2, 7, 1], "rotation": 180, "texture": "#0"}
			}
		},
		{
			"from": [0.4, 0.75, 6.6],
			"to": [1.9, 1.05, 8.1],
			"rotation": {"angle": 22.5, "axis": "z", "origin": [1.3, 21.1, 0]},
			"faces": {
				"north": {"uv": [1, 2, 7, 1], "texture": "#0"},
				"east": {"uv": [1, 2, 7, 1], "rotation": 180, "texture": "#0"},
				"south": {"uv": [1, 2, 7, 1], "rotation": 180, "texture": "#0"},
				"west": {"uv": [1, 2, 7, 1], "rotation": 180, "texture": "#0"},
				"up": {"uv": [1, 2, 7, 1], "rotation": 180, "texture": "#0"},
				"down": {"uv": [1, 2, 7, 1], "rotation": 180, "texture": "#0"}
			}
		},
		{
			"from": [14.2, 0.75, 6.6],
			"to": [15.7, 1.05, 8.1],
			"rotation": {"angle": -22.5, "axis": "z", "origin": [14.8, 21.1, 0]},
			"faces": {
				"north": {"uv": [7, 2, 1, 1], "texture": "#0"},
				"east": {"uv": [7, 2, 1, 1], "rotation": 180, "texture": "#0"},
				"south": {"uv": [7, 2, 1, 1], "rotation": 180, "texture": "#0"},
				"west": {"uv": [7, 2, 1, 1], "rotation": 180, "texture": "#0"},
				"up": {"uv": [7, 2, 1, 1], "rotation": 180, "texture": "#0"},
				"down": {"uv": [7, 2, 1, 1], "rotation": 180, "texture": "#0"}
			}
		},
		{
			"from": [7.3, 1.95, 6.6],
			"to": [8.8, 2.55, 8.1],
			"rotation": {"angle": 0, "axis": "z", "origin": [14.8, 21.1, 0]},
			"faces": {
				"north": {"uv": [7, 2, 1, 1], "texture": "#0"},
				"east": {"uv": [7, 2, 1, 1], "rotation": 180, "texture": "#0"},
				"south": {"uv": [7, 2, 1, 1], "rotation": 180, "texture": "#0"},
				"west": {"uv": [7, 2, 1, 1], "rotation": 180, "texture": "#0"},
				"up": {"uv": [7, 2, 1, 1], "rotation": 180, "texture": "#0"},
				"down": {"uv": [7, 2, 1, 1], "rotation": 180, "texture": "#0"}
			}
		},
		{
			"from": [14.2, 0.55, 6.6],
			"to": [15.2, 1.05, 8.1],
			"rotation": {"angle": -22.5, "axis": "z", "origin": [14.8, 21.1, 0]},
			"faces": {
				"north": {"uv": [7, 2, 1, 1], "texture": "#0"},
				"east": {"uv": [7, 2, 1, 1], "rotation": 180, "texture": "#0"},
				"south": {"uv": [7, 2, 1, 1], "rotation": 180, "texture": "#0"},
				"west": {"uv": [7, 2, 1, 1], "rotation": 180, "texture": "#0"},
				"up": {"uv": [7, 2, 1, 1], "rotation": 180, "texture": "#0"},
				"down": {"uv": [7, 2, 1, 1], "rotation": 180, "texture": "#0"}
			}
		},
		{
			"from": [-4.45, 13.8, 6.6],
			"to": [-3.95, 14.8, 8.1],
			"rotation": {"angle": 45, "axis": "z", "origin": [14.8, 21.1, 0]},
			"faces": {
				"north": {"uv": [7, 2, 1, 1], "rotation": 270, "texture": "#0"},
				"east": {"uv": [7, 2, 1, 1], "rotation": 270, "texture": "#0"},
				"south": {"uv": [7, 2, 1, 1], "rotation": 270, "texture": "#0"},
				"west": {"uv": [7, 2, 1, 1], "rotation": 270, "texture": "#0"},
				"up": {"uv": [7, 2, 1, 1], "rotation": 270, "texture": "#0"},
				"down": {"uv": [7, 2, 1, 1], "rotation": 270, "texture": "#0"}
			}
		},
		{
			"from": [-0.3, 7.6, 6.6],
			"to": [0.1, 8.9, 8.1],
			"rotation": {"angle": 22.5, "axis": "z", "origin": [14.8, 21.1, 0]},
			"faces": {
				"north": {"uv": [7, 2, 1, 1], "rotation": 270, "texture": "#0"},
				"east": {"uv": [7, 2, 1, 1], "rotation": 270, "texture": "#0"},
				"south": {"uv": [7, 2, 1, 1], "rotation": 270, "texture": "#0"},
				"west": {"uv": [7, 2, 1, 1], "rotation": 270, "texture": "#0"},
				"up": {"uv": [7, 2, 1, 1], "rotation": 270, "texture": "#0"},
				"down": {"uv": [7, 2, 1, 1], "rotation": 270, "texture": "#0"}
			}
		},
		{
			"from": [-0.6, 7.9, 6.6],
			"to": [0.1, 8.9, 8.1],
			"rotation": {"angle": 22.5, "axis": "z", "origin": [14.8, 21.1, 0]},
			"faces": {
				"north": {"uv": [7, 2, 1, 1], "rotation": 270, "texture": "#0"},
				"east": {"uv": [7, 2, 1, 1], "rotation": 270, "texture": "#0"},
				"south": {"uv": [7, 2, 1, 1], "rotation": 270, "texture": "#0"},
				"west": {"uv": [7, 2, 1, 1], "rotation": 270, "texture": "#0"},
				"up": {"uv": [7, 2, 1, 1], "rotation": 270, "texture": "#0"},
				"down": {"uv": [7, 2, 1, 1], "rotation": 270, "texture": "#0"}
			}
		},
		{
			"from": [5.25, 3.9, 6.6],
			"to": [6.05, 5.4, 8.1],
			"rotation": {"angle": 0, "axis": "z", "origin": [14.8, 21.1, 0]},
			"faces": {
				"north": {"uv": [7, 2, 1, 1], "rotation": 270, "texture": "#0"},
				"east": {"uv": [7, 2, 1, 1], "rotation": 270, "texture": "#0"},
				"south": {"uv": [7, 2, 1, 1], "rotation": 270, "texture": "#0"},
				"west": {"uv": [7, 2, 1, 1], "rotation": 270, "texture": "#0"},
				"up": {"uv": [7, 2, 1, 1], "rotation": 270, "texture": "#0"},
				"down": {"uv": [7, 2, 1, 1], "rotation": 270, "texture": "#0"}
			}
		},
		{
			"from": [12.6, 2.4, 6.6],
			"to": [13, 3.9, 8.1],
			"rotation": {"angle": -22.5, "axis": "z", "origin": [14.8, 21.1, 0]},
			"faces": {
				"north": {"uv": [7, 2, 1, 1], "rotation": 270, "texture": "#0"},
				"east": {"uv": [7, 2, 1, 1], "rotation": 270, "texture": "#0"},
				"south": {"uv": [7, 2, 1, 1], "rotation": 270, "texture": "#0"},
				"west": {"uv": [7, 2, 1, 1], "rotation": 270, "texture": "#0"},
				"up": {"uv": [7, 2, 1, 1], "rotation": 270, "texture": "#0"},
				"down": {"uv": [7, 2, 1, 1], "rotation": 270, "texture": "#0"}
			}
		},
		{
			"from": [12, 2.9, 6.6],
			"to": [13, 4, 8.1],
			"rotation": {"angle": -22.5, "axis": "z", "origin": [14.8, 21.1, 0]},
			"faces": {
				"north": {"uv": [7, 2, 1, 1], "rotation": 270, "texture": "#0"},
				"east": {"uv": [7, 2, 1, 1], "rotation": 270, "texture": "#0"},
				"south": {"uv": [7, 2, 1, 1], "rotation": 270, "texture": "#0"},
				"west": {"uv": [7, 2, 1, 1], "rotation": 270, "texture": "#0"},
				"up": {"uv": [7, 2, 1, 1], "rotation": 270, "texture": "#0"},
				"down": {"uv": [7, 2, 1, 1], "rotation": 270, "texture": "#0"}
			}
		},
		{
			"from": [5.2336, 11.1152, 6.604],
			"to": [5.3792, 11.5632, 8.104],
			"rotation": {"angle": 0, "axis": "y", "origin": [1.952, 6.68, 4.22]},
			"faces": {
				"north": {"uv": [1, 1, 7, 2], "texture": "#0"},
				"east": {"uv": [1, 1, 7, 2], "texture": "#0"},
				"south": {"uv": [1, 1, 7, 2], "texture": "#0"},
				"west": {"uv": [1, 1, 7, 2], "texture": "#0"},
				"up": {"uv": [1, 1, 7, 2], "texture": "#0"},
				"down": {"uv": [1, 1, 7, 2], "texture": "#0"}
			}
		},
		{
			"from": [6.8912, 9.0128, 6.604],
			"to": [7.0256, 9.8608, 8.104],
			"rotation": {"angle": 22.5, "axis": "z", "origin": [1.952, 6.68, 4.22]},
			"faces": {
				"north": {"uv": [1, 1, 7, 2], "texture": "#0"},
				"east": {"uv": [1, 1, 7, 2], "texture": "#0"},
				"south": {"uv": [1, 1, 7, 2], "texture": "#0"},
				"west": {"uv": [1, 1, 7, 2], "texture": "#0"},
				"up": {"uv": [1, 1, 7, 2], "texture": "#0"},
				"down": {"uv": [1, 1, 7, 2], "texture": "#0"}
			}
		},
		{
			"from": [7.6112, 7.0128, 6.604],
			"to": [7.7456, 7.4608, 8.104],
			"rotation": {"angle": 45, "axis": "z", "origin": [1.952, 6.68, 4.22]},
			"faces": {
				"north": {"uv": [1, 1, 7, 2], "texture": "#0"},
				"east": {"uv": [1, 1, 7, 2], "texture": "#0"},
				"south": {"uv": [1, 1, 7, 2], "texture": "#0"},
				"west": {"uv": [1, 1, 7, 2], "texture": "#0"},
				"up": {"uv": [1, 1, 7, 2], "texture": "#0"},
				"down": {"uv": [1, 1, 7, 2], "texture": "#0"}
			}
		},
		{
			"from": [7.6112, 14.3472, 6.604],
			"to": [7.8112, 14.7952, 8.104],
			"rotation": {"angle": -45, "axis": "z", "origin": [1.952, 15.208, 4.22]},
			"faces": {
				"north": {"uv": [1, 2, 7, 1], "texture": "#0"},
				"east": {"uv": [1, 2, 7, 1], "texture": "#0"},
				"south": {"uv": [1, 2, 7, 1], "texture": "#0"},
				"west": {"uv": [1, 2, 7, 1], "texture": "#0"},
				"up": {"uv": [1, 2, 7, 1], "texture": "#0"},
				"down": {"uv": [1, 2, 7, 1], "texture": "#0"}
			}
		},
		{
			"from": [6.8912, 12.0272, 6.604],
			"to": [7.0256, 12.7952, 8.104],
			"rotation": {"angle": -22.5, "axis": "z", "origin": [1.952, 15.208, 4.22]},
			"faces": {
				"north": {"uv": [1, 2, 7, 1], "texture": "#0"},
				"east": {"uv": [1, 2, 7, 1], "texture": "#0"},
				"south": {"uv": [1, 2, 7, 1], "texture": "#0"},
				"west": {"uv": [1, 2, 7, 1], "texture": "#0"},
				"up": {"uv": [1, 2, 7, 1], "texture": "#0"},
				"down": {"uv": [1, 2, 7, 1], "texture": "#0"}
			}
		},
		{
			"from": [5.2336, 10.3088, 6.604],
			"to": [5.3792, 10.7568, 8.104],
			"rotation": {"angle": 0, "axis": "y", "origin": [11.36, 6.68, 4.22]},
			"faces": {
				"north": {"uv": [1, 2, 7, 1], "texture": "#0"},
				"east": {"uv": [1, 2, 7, 1], "texture": "#0"},
				"south": {"uv": [1, 2, 7, 1], "texture": "#0"},
				"west": {"uv": [1, 2, 7, 1], "texture": "#0"},
				"up": {"uv": [1, 2, 7, 1], "texture": "#0"},
				"down": {"uv": [1, 2, 7, 1], "texture": "#0"}
			}
		},
		{
			"from": [5.2336, 10.6224, 6.604],
			"to": [5.5136, 11.3168, 8.104],
			"rotation": {"angle": 0, "axis": "y", "origin": [11.36, 6.68, 4.22]},
			"faces": {
				"north": {"uv": [1, 2, 7, 1], "texture": "#0"},
				"east": {"uv": [1, 2, 7, 1], "texture": "#0"},
				"south": {"uv": [1, 2, 7, 1], "texture": "#0"},
				"west": {"uv": [1, 2, 7, 1], "texture": "#0"},
				"up": {"uv": [1, 2, 7, 1], "texture": "#0"},
				"down": {"uv": [1, 2, 7, 1], "texture": "#0"}
			}
		},
		{
			"from": [10.4208, 2.5368, 6.604],
			"to": [10.5664, 2.9848, 8.104],
			"rotation": {"angle": 0, "axis": "y", "origin": [13.848, 7.42, 4.22]},
			"faces": {
				"north": {"uv": [7, 2, 1, 1], "texture": "#0"},
				"east": {"uv": [7, 2, 1, 1], "texture": "#0"},
				"south": {"uv": [7, 2, 1, 1], "texture": "#0"},
				"west": {"uv": [7, 2, 1, 1], "texture": "#0"},
				"up": {"uv": [7, 2, 1, 1], "texture": "#0"},
				"down": {"uv": [7, 2, 1, 1], "texture": "#0"}
			}
		},
		{
			"from": [8.7744, 4.2392, 6.604],
			"to": [8.9088, 5.0872, 8.104],
			"rotation": {"angle": 22.5, "axis": "z", "origin": [13.848, 7.42, 4.22]},
			"faces": {
				"north": {"uv": [7, 2, 1, 1], "texture": "#0"},
				"east": {"uv": [7, 2, 1, 1], "texture": "#0"},
				"south": {"uv": [7, 2, 1, 1], "texture": "#0"},
				"west": {"uv": [7, 2, 1, 1], "texture": "#0"},
				"up": {"uv": [7, 2, 1, 1], "texture": "#0"},
				"down": {"uv": [7, 2, 1, 1], "texture": "#0"}
			}
		},
		{
			"from": [8.0544, 6.6392, 6.604],
			"to": [8.1888, 7.0872, 8.104],
			"rotation": {"angle": 45, "axis": "z", "origin": [13.848, 7.42, 4.22]},
			"faces": {
				"north": {"uv": [7, 2, 1, 1], "texture": "#0"},
				"east": {"uv": [7, 2, 1, 1], "texture": "#0"},
				"south": {"uv": [7, 2, 1, 1], "texture": "#0"},
				"west": {"uv": [7, 2, 1, 1], "texture": "#0"},
				"up": {"uv": [7, 2, 1, 1], "texture": "#0"},
				"down": {"uv": [7, 2, 1, 1], "texture": "#0"}
			}
		},
		{
			"from": [7.9888, -0.6952, 6.604],
			"to": [8.1888, -0.2472, 8.104],
			"rotation": {"angle": -45, "axis": "z", "origin": [13.848, -1.108, 4.22]},
			"faces": {
				"north": {"uv": [7, 1, 1, 2], "texture": "#0"},
				"east": {"uv": [7, 1, 1, 2], "texture": "#0"},
				"south": {"uv": [7, 1, 1, 2], "texture": "#0"},
				"west": {"uv": [7, 1, 1, 2], "texture": "#0"},
				"up": {"uv": [7, 1, 1, 2], "texture": "#0"},
				"down": {"uv": [7, 1, 1, 2], "texture": "#0"}
			}
		},
		{
			"from": [8.7744, 1.3048, 6.604],
			"to": [8.9088, 2.0728, 8.104],
			"rotation": {"angle": -22.5, "axis": "z", "origin": [13.848, -1.108, 4.22]},
			"faces": {
				"north": {"uv": [7, 1, 1, 2], "texture": "#0"},
				"east": {"uv": [7, 1, 1, 2], "texture": "#0"},
				"south": {"uv": [7, 1, 1, 2], "texture": "#0"},
				"west": {"uv": [7, 1, 1, 2], "texture": "#0"},
				"up": {"uv": [7, 1, 1, 2], "texture": "#0"},
				"down": {"uv": [7, 1, 1, 2], "texture": "#0"}
			}
		},
		{
			"from": [10.4208, 3.3432, 6.604],
			"to": [10.5664, 3.7912, 8.104],
			"rotation": {"angle": 0, "axis": "y", "origin": [4.44, 7.42, 4.22]},
			"faces": {
				"north": {"uv": [7, 1, 1, 2], "texture": "#0"},
				"east": {"uv": [7, 1, 1, 2], "texture": "#0"},
				"south": {"uv": [7, 1, 1, 2], "texture": "#0"},
				"west": {"uv": [7, 1, 1, 2], "texture": "#0"},
				"up": {"uv": [7, 1, 1, 2], "texture": "#0"},
				"down": {"uv": [7, 1, 1, 2], "texture": "#0"}
			}
		},
		{
			"from": [10.2864, 2.7832, 6.604],
			"to": [10.5664, 3.4776, 8.104],
			"rotation": {"angle": 0, "axis": "y", "origin": [4.44, 7.42, 4.22]},
			"faces": {
				"north": {"uv": [7, 1, 1, 2], "texture": "#0"},
				"east": {"uv": [7, 1, 1, 2], "texture": "#0"},
				"south": {"uv": [7, 1, 1, 2], "texture": "#0"},
				"west": {"uv": [7, 1, 1, 2], "texture": "#0"},
				"up": {"uv": [7, 1, 1, 2], "texture": "#0"},
				"down": {"uv": [7, 1, 1, 2], "texture": "#0"}
			}
		},
		{
			"from": [5.4, 10.8, 7],
			"to": [5.7, 11.1, 10],
			"rotation": {"angle": 0, "axis": "y", "origin": [1, 0, 0]},
			"faces": {
				"north": {"uv": [0, 0, 0.5, 0.5], "texture": "#0"},
				"east": {"uv": [0, 0, 0.5, 0.5], "texture": "#0"},
				"south": {"uv": [0, 0, 0.5, 0.5], "texture": "#0"},
				"west": {"uv": [0, 0, 0.5, 0.5], "texture": "#0"},
				"up": {"uv": [0, 0, 0.5, 0.5], "texture": "#0"},
				"down": {"uv": [0, 0, 0.5, 0.5], "texture": "#0"}
			}
		},
		{
			"from": [10.1, 2.95, 7],
			"to": [10.4, 3.25, 10],
			"rotation": {"angle": 0, "axis": "y", "origin": [1, 0, 0]},
			"faces": {
				"north": {"uv": [0, 0, 0.5, 0.5], "texture": "#0"},
				"east": {"uv": [0, 0, 0.5, 0.5], "texture": "#0"},
				"south": {"uv": [0, 0, 0.5, 0.5], "texture": "#0"},
				"west": {"uv": [0, 0, 0.5, 0.5], "texture": "#0"},
				"up": {"uv": [0, 0, 0.5, 0.5], "texture": "#0"},
				"down": {"uv": [0, 0, 0.5, 0.5], "texture": "#0"}
			}
		},
		{
			"from": [7.8, 7.05, 7],
			"to": [8.1, 7.35, 10],
			"rotation": {"angle": 0, "axis": "y", "origin": [1, 0, 0]},
			"faces": {
				"north": {"uv": [0, 0, 0.5, 0.5], "texture": "#0"},
				"east": {"uv": [0, 0, 0.5, 0.5], "texture": "#0"},
				"south": {"uv": [0, 0, 0.5, 0.5], "texture": "#0"},
				"west": {"uv": [0, 0, 0.5, 0.5], "texture": "#0"},
				"up": {"uv": [0, 0, 0.5, 0.5], "texture": "#0"},
				"down": {"uv": [0, 0, 0.5, 0.5], "texture": "#0"}
			}
		}
	],
	"display": {
		"head": {
			"translation": [0, -23, 9.5],
			"scale": [4, 3.3, 3.8]
		}
	},
	"groups": [
		0,
		1,
		2,
		3,
		4,
		5,
		6,
		7,
		8,
		9,
		10,
		11,
		12,
		13,
		14,
		15,
		16,
		17,
		18,
		19,
		20,
		21,
		22,
		23,
		24,
		25,
		26,
		{
			"name": "group",
			"origin": [14, -2.18, 1.6],
			"color": 0,
			"children": [27, 28, 29, 30, 31, 32, 33, 34, 35, 36, 37, 38, 39, 40]
		},
		{
			"name": "group",
			"origin": [0, 0, 0],
			"color": 0,
			"children": [41, 42, 43]
		}
	]
}