{
	"credit": "Made by TeleMinecraft (Storbo)",
	"textures": {
		"0": "block/light_gray_concrete",
		"particle": "block/light_gray_concrete"
	},
	"elements": [
		{
			"from": [11.36, 5, 6.8],
			"to": [12.32, 7.4, 8.3],
			"rotation": {"angle": 0, "axis": "z", "origin": [15.32, -9.4, -1.6]},
			"faces": {
				"north": {"uv": [1, 2, 7, 1], "rotation": 270, "texture": "#0"},
				"east": {"uv": [1, 2, 7, 1], "rotation": 270, "texture": "#0"},
				"south": {"uv": [1, 2, 7, 1], "rotation": 270, "texture": "#0"},
				"west": {"uv": [1, 2, 7, 1], "rotation": 270, "texture": "#0"},
				"up": {"uv": [1, 2, 7, 1], "rotation": 270, "texture": "#0"},
				"down": {"uv": [1, 2, 7, 1], "rotation": 270, "texture": "#0"}
			}
		},
		{
			"from": [6.92, 10.4, 6.8],
			"to": [8.72, 11, 8.3],
			"rotation": {"angle": 0, "axis": "z", "origin": [15.32, -9.4, -1.6]},
			"faces": {
				"north": {"uv": [1, 2, 7, 1], "rotation": 270, "texture": "#0"},
				"east": {"uv": [1, 2, 7, 1], "rotation": 270, "texture": "#0"},
				"south": {"uv": [1, 2, 7, 1], "rotation": 270, "texture": "#0"},
				"west": {"uv": [1, 2, 7, 1], "rotation": 270, "texture": "#0"},
				"up": {"uv": [1, 2, 7, 1], "rotation": 270, "texture": "#0"},
				"down": {"uv": [1, 2, 7, 1], "rotation": 270, "texture": "#0"}
			}
		},
		{
			"from": [1.4, 6.32, 6.8],
			"to": [3.32, 6.92, 8.3],
			"rotation": {"angle": -22.5, "axis": "z", "origin": [15.32, -9.4, -1.6]},
			"faces": {
				"north": {"uv": [1, 2, 7, 1], "rotation": 270, "texture": "#0"},
				"east": {"uv": [1, 2, 7, 1], "rotation": 270, "texture": "#0"},
				"south": {"uv": [1, 2, 7, 1], "rotation": 270, "texture": "#0"},
				"west": {"uv": [1, 2, 7, 1], "rotation": 270, "texture": "#0"},
				"up": {"uv": [1, 2, 7, 1], "rotation": 270, "texture": "#0"},
				"down": {"uv": [1, 2, 7, 1], "rotation": 270, "texture": "#0"}
			}
		},
		{
			"from": [-2.02, 0.5, 6.8],
			"to": [-0.52, 1.1, 8.3],
			"rotation": {"angle": -45, "axis": "z", "origin": [15.32, -9.4, -1.6]},
			"faces": {
				"north": {"uv": [1, 2, 7, 1], "rotation": 270, "texture": "#0"},
				"east": {"uv": [1, 2, 7, 1], "rotation": 270, "texture": "#0"},
				"south": {"uv": [1, 2, 7, 1], "rotation": 270, "texture": "#0"},
				"west": {"uv": [1, 2, 7, 1], "rotation": 270, "texture": "#0"},
				"up": {"uv": [1, 2, 7, 1], "rotation": 270, "texture": "#0"},
				"down": {"uv": [1, 2, 7, 1], "rotation": 270, "texture": "#0"}
			}
		},
		{
			"from": [-2.56, 0.2, 6.8],
			"to": [-0.52, 0.8, 8.3],
			"rotation": {"angle": -45, "axis": "z", "origin": [15.32, -9.4, -1.6]},
			"faces": {
				"north": {"uv": [1, 2, 7, 1], "rotation": 270, "texture": "#0"},
				"east": {"uv": [1, 2, 7, 1], "rotation": 270, "texture": "#0"},
				"south": {"uv": [1, 2, 7, 1], "rotation": 270, "texture": "#0"},
				"west": {"uv": [1, 2, 7, 1], "rotation": 270, "texture": "#0"},
				"up": {"uv": [1, 2, 7, 1], "rotation": 270, "texture": "#0"},
				"down": {"uv": [1, 2, 7, 1], "rotation": 270, "texture": "#0"}
			}
		},
		{
			"from": [18.02, 7.28, 6.8],
			"to": [18.98, 9.32, 8.3],
			"rotation": {"angle": 22.5, "axis": "z", "origin": [15.32, -9.4, -1.6]},
			"faces": {
				"north": {"uv": [7, 1, 1, 2], "texture": "#0"},
				"east": {"uv": [7, 1, 1, 2], "rotation": 180, "texture": "#0"},
				"south": {"uv": [7, 1, 1, 2], "rotation": 180, "texture": "#0"},
				"west": {"uv": [7, 1, 1, 2], "rotation": 180, "texture": "#0"},
				"up": {"uv": [7, 1, 1, 2], "rotation": 180, "texture": "#0"},
				"down": {"uv": [7, 1, 1, 2], "rotation": 180, "texture": "#0"}
			}
		},
		{
			"from": [6.92, 1.4, 6.8],
			"to": [8.72, 2, 8.3],
			"rotation": {"angle": 0, "axis": "z", "origin": [15.32, 21.8, -1.6]},
			"faces": {
				"north": {"uv": [7, 2, 1, 1], "rotation": 270, "texture": "#0"},
				"east": {"uv": [7, 2, 1, 1], "rotation": 270, "texture": "#0"},
				"south": {"uv": [7, 2, 1, 1], "rotation": 270, "texture": "#0"},
				"west": {"uv": [7, 2, 1, 1], "rotation": 270, "texture": "#0"},
				"up": {"uv": [7, 2, 1, 1], "rotation": 270, "texture": "#0"},
				"down": {"uv": [7, 2, 1, 1], "rotation": 270, "texture": "#0"}
			}
		},
		{
			"from": [1.4, 5.48, 6.8],
			"to": [3.32, 6.08, 8.3],
			"rotation": {"angle": 22.5, "axis": "z", "origin": [15.32, 21.8, -1.6]},
			"faces": {
				"north": {"uv": [7, 2, 1, 1], "rotation": 270, "texture": "#0"},
				"east": {"uv": [7, 2, 1, 1], "rotation": 270, "texture": "#0"},
				"south": {"uv": [7, 2, 1, 1], "rotation": 270, "texture": "#0"},
				"west": {"uv": [7, 2, 1, 1], "rotation": 270, "texture": "#0"},
				"up": {"uv": [7, 2, 1, 1], "rotation": 270, "texture": "#0"},
				"down": {"uv": [7, 2, 1, 1], "rotation": 270, "texture": "#0"}
			}
		},
		{
			"from": [-2.56, 11.6, 6.8],
			"to": [-0.52, 12.2, 8.3],
			"rotation": {"angle": 45, "axis": "z", "origin": [15.32, 21.8, -1.6]},
			"faces": {
				"north": {"uv": [7, 2, 1, 1], "rotation": 270, "texture": "#0"},
				"east": {"uv": [7, 2, 1, 1], "rotation": 270, "texture": "#0"},
				"south": {"uv": [7, 2, 1, 1], "rotation": 270, "texture": "#0"},
				"west": {"uv": [7, 2, 1, 1], "rotation": 270, "texture": "#0"},
				"up": {"uv": [7, 2, 1, 1], "rotation": 270, "texture": "#0"},
				"down": {"uv": [7, 2, 1, 1], "rotation": 270, "texture": "#0"}
			}
		},
		{
			"from": [-2.02, 11.3, 6.8],
			"to": [-0.52, 11.9, 8.3],
			"rotation": {"angle": 45, "axis": "z", "origin": [15.32, 21.8, -1.6]},
			"faces": {
				"north": {"uv": [7, 2, 1, 1], "rotation": 270, "texture": "#0"},
				"east": {"uv": [7, 2, 1, 1], "rotation": 270, "texture": "#0"},
				"south": {"uv": [7, 2, 1, 1], "rotation": 270, "texture": "#0"},
				"west": {"uv": [7, 2, 1, 1], "rotation": 270, "texture": "#0"},
				"up": {"uv": [7, 2, 1, 1], "rotation": 270, "texture": "#0"},
				"down": {"uv": [7, 2, 1, 1], "rotation": 270, "texture": "#0"}
			}
		},
		{
			"from": [18.02, 3.08, 6.8],
			"to": [18.98, 5.12, 8.3],
			"rotation": {"angle": -22.5, "axis": "z", "origin": [15.32, 21.8, -1.6]},
			"faces": {
				"north": {"uv": [7, 2, 1, 1], "texture": "#0"},
				"east": {"uv": [7, 2, 1, 1], "rotation": 180, "texture": "#0"},
				"south": {"uv": [7, 2, 1, 1], "rotation": 180, "texture": "#0"},
				"west": {"uv": [7, 2, 1, 1], "rotation": 180, "texture": "#0"},
				"up": {"uv": [7, 2, 1, 1], "rotation": 180, "texture": "#0"},
				"down": {"uv": [7, 2, 1, 1], "rotation": 180, "texture": "#0"}
			}
		},
		{
			"from": [3.68, 5, 6.8],
			"to": [4.64, 7.4, 8.3],
			"rotation": {"angle": 0, "axis": "z", "origin": [0.68, -9.4, -1.6]},
			"faces": {
				"north": {"uv": [1, 1, 7, 2], "rotation": 270, "texture": "#0"},
				"east": {"uv": [1, 1, 7, 2], "rotation": 270, "texture": "#0"},
				"south": {"uv": [1, 1, 7, 2], "rotation": 270, "texture": "#0"},
				"west": {"uv": [1, 1, 7, 2], "rotation": 270, "texture": "#0"},
				"up": {"uv": [1, 1, 7, 2], "rotation": 270, "texture": "#0"},
				"down": {"uv": [1, 1, 7, 2], "rotation": 270, "texture": "#0"}
			}
		},
		{
			"from": [12.68, 6.32, 6.8],
			"to": [14.6, 6.92, 8.3],
			"rotation": {"angle": 22.5, "axis": "z", "origin": [0.68, -9.4, -1.6]},
			"faces": {
				"north": {"uv": [1, 1, 7, 2], "rotation": 270, "texture": "#0"},
				"east": {"uv": [1, 1, 7, 2], "rotation": 270, "texture": "#0"},
				"south": {"uv": [1, 1, 7, 2], "rotation": 270, "texture": "#0"},
				"west": {"uv": [1, 1, 7, 2], "rotation": 270, "texture": "#0"},
				"up": {"uv": [1, 1, 7, 2], "rotation": 270, "texture": "#0"},
				"down": {"uv": [1, 1, 7, 2], "rotation": 270, "texture": "#0"}
			}
		},
		{
			"from": [16.52, 0.5, 6.8],
			"to": [18.02, 1.1, 8.3],
			"rotation": {"angle": 45, "axis": "z", "origin": [0.68, -9.4, -1.6]},
			"faces": {
				"north": {"uv": [1, 1, 7, 2], "rotation": 270, "texture": "#0"},
				"east": {"uv": [1, 1, 7, 2], "rotation": 270, "texture": "#0"},
				"south": {"uv": [1, 1, 7, 2], "rotation": 270, "texture": "#0"},
				"west": {"uv": [1, 1, 7, 2], "rotation": 270, "texture": "#0"},
				"up": {"uv": [1, 1, 7, 2], "rotation": 270, "texture": "#0"},
				"down": {"uv": [1, 1, 7, 2], "rotation": 270, "texture": "#0"}
			}
		},
		{
			"from": [16.52, 0.2, 6.8],
			"to": [18.56, 0.8, 8.3],
			"rotation": {"angle": 45, "axis": "z", "origin": [0.68, -9.4, -1.6]},
			"faces": {
				"north": {"uv": [1, 1, 7, 2], "rotation": 270, "texture": "#0"},
				"east": {"uv": [1, 1, 7, 2], "rotation": 270, "texture": "#0"},
				"south": {"uv": [1, 1, 7, 2], "rotation": 270, "texture": "#0"},
				"west": {"uv": [1, 1, 7, 2], "rotation": 270, "texture": "#0"},
				"up": {"uv": [1, 1, 7, 2], "rotation": 270, "texture": "#0"},
				"down": {"uv": [1, 1, 7, 2], "rotation": 270, "texture": "#0"}
			}
		},
		{
			"from": [-2.98, 7.28, 6.8],
			"to": [-2.02, 9.32, 8.3],
			"rotation": {"angle": -22.5, "axis": "z", "origin": [0.68, -9.4, -1.6]},
			"faces": {
				"north": {"uv": [1, 1, 7, 2], "texture": "#0"},
				"east": {"uv": [1, 1, 7, 2], "rotation": 180, "texture": "#0"},
				"south": {"uv": [1, 1, 7, 2], "rotation": 180, "texture": "#0"},
				"west": {"uv": [1, 1, 7, 2], "rotation": 180, "texture": "#0"},
				"up": {"uv": [1, 1, 7, 2], "rotation": 180, "texture": "#0"},
				"down": {"uv": [1, 1, 7, 2], "rotation": 180, "texture": "#0"}
			}
		},
		{
			"from": [12.68, 5.48, 6.8],
			"to": [14.6, 6.08, 8.3],
			"rotation": {"angle": -22.5, "axis": "z", "origin": [0.68, 21.8, -1.6]},
			"faces": {
				"north": {"uv": [7, 1, 1, 2], "rotation": 270, "texture": "#0"},
				"east": {"uv": [7, 1, 1, 2], "rotation": 270, "texture": "#0"},
				"south": {"uv": [7, 1, 1, 2], "rotation": 270, "texture": "#0"},
				"west": {"uv": [7, 1, 1, 2], "rotation": 270, "texture": "#0"},
				"up": {"uv": [7, 1, 1, 2], "rotation": 270, "texture": "#0"},
				"down": {"uv": [7, 1, 1, 2], "rotation": 270, "texture": "#0"}
			}
		},
		{
			"from": [16.52, 11.6, 6.8],
			"to": [18.56, 12.2, 8.3],
			"rotation": {"angle": -45, "axis": "z", "origin": [0.68, 21.8, -1.6]},
			"faces": {
				"north": {"uv": [7, 1, 1, 2], "rotation": 270, "texture": "#0"},
				"east": {"uv": [7, 1, 1, 2], "rotation": 270, "texture": "#0"},
				"south": {"uv": [7, 1, 1, 2], "rotation": 270, "texture": "#0"},
				"west": {"uv": [7, 1, 1, 2], "rotation": 270, "texture": "#0"},
				"up": {"uv": [7, 1, 1, 2], "rotation": 270, "texture": "#0"},
				"down": {"uv": [7, 1, 1, 2], "rotation": 270, "texture": "#0"}
			}
		},
		{
			"from": [16.52, 11.3, 6.8],
			"to": [18.02, 11.9, 8.3],
			"rotation": {"angle": -45, "axis": "z", "origin": [0.68, 21.8, -1.6]},
			"faces": {
				"north": {"uv": [7, 1, 1, 2], "rotation": 270, "texture": "#0"},
				"east": {"uv": [7, 1, 1, 2], "rotation": 270, "texture": "#0"},
				"south": {"uv": [7, 1, 1, 2], "rotation": 270, "texture": "#0"},
				"west": {"uv": [7, 1, 1, 2], "rotation": 270, "texture": "#0"},
				"up": {"uv": [7, 1, 1, 2], "rotation": 270, "texture": "#0"},
				"down": {"uv": [7, 1, 1, 2], "rotation": 270, "texture": "#0"}
			}
		},
		{
			"from": [-2.98, 3.08, 6.8],
			"to": [-2.02, 5.12, 8.3],
			"rotation": {"angle": 22.5, "axis": "z", "origin": [0.68, 21.8, -1.6]},
			"faces": {
				"north": {"uv": [1, 2, 7, 1], "texture": "#0"},
				"east": {"uv": [1, 2, 7, 1], "rotation": 180, "texture": "#0"},
				"south": {"uv": [1, 2, 7, 1], "rotation": 180, "texture": "#0"},
				"west": {"uv": [1, 2, 7, 1], "rotation": 180, "texture": "#0"},
				"up": {"uv": [1, 2, 7, 1], "rotation": 180, "texture": "#0"},
				"down": {"uv": [1, 2, 7, 1], "rotation": 180, "texture": "#0"}
			}
		},
		{
			"from": [11.62, 6.08, 6.8],
			"to": [11.98, 6.44, 10.4],
			"rotation": {"angle": 0, "axis": "y", "origin": [15.32, -1, -1.6]},
			"faces": {
				"north": {"uv": [0.5, 0, 0, 0.5], "texture": "#0"},
				"east": {"uv": [0.5, 0, 0, 0.5], "texture": "#0"},
				"south": {"uv": [0.5, 0, 0, 0.5], "texture": "#0"},
				"west": {"uv": [0.5, 0, 0, 0.5], "texture": "#0"},
				"up": {"uv": [0.5, 0, 0, 0.5], "texture": "#0"},
				"down": {"uv": [0.5, 0, 0, 0.5], "texture": "#0"}
			}
		},
		{
			"from": [4.02, 6.08, 6.8],
			"to": [4.38, 6.44, 10.4],
			"rotation": {"angle": 0, "axis": "y", "origin": [0.68, -1, -1.6]},
			"faces": {
				"north": {"uv": [0, 0, 0.5, 0.5], "texture": "#0"},
				"east": {"uv": [0, 0, 0.5, 0.5], "texture": "#0"},
				"south": {"uv": [0, 0, 0.5, 0.5], "texture": "#0"},
				"west": {"uv": [0, 0, 0.5, 0.5], "texture": "#0"},
				"up": {"uv": [0, 0, 0.5, 0.5], "texture": "#0"},
				"down": {"uv": [0, 0, 0.5, 0.5], "texture": "#0"}
			}
		},
		{
			"from": [7.62, 10.48, 6.8],
			"to": [7.98, 10.84, 10.4],
			"rotation": {"angle": 0, "axis": "y", "origin": [15.32, -1, -1.6]},
			"faces": {
				"north": {"uv": [0.5, 0, 0, 0.5], "texture": "#0"},
				"east": {"uv": [0.5, 0, 0, 0.5], "texture": "#0"},
				"south": {"uv": [0.5, 0, 0, 0.5], "texture": "#0"},
				"west": {"uv": [0.5, 0, 0, 0.5], "texture": "#0"},
				"up": {"uv": [0.5, 0, 0, 0.5], "texture": "#0"},
				"down": {"uv": [0.5, 0, 0, 0.5], "texture": "#0"}
			}
		},
		{
			"from": [7.62, 1.56, 6.8],
			"to": [7.98, 1.92, 10.4],
			"rotation": {"angle": 0, "axis": "y", "origin": [15.32, 17, -1.6]},
			"faces": {
				"north": {"uv": [0.5, 0.5, 0, 0], "texture": "#0"},
				"east": {"uv": [0.5, 0.5, 0, 0], "texture": "#0"},
				"south": {"uv": [0.5, 0.5, 0, 0], "texture": "#0"},
				"west": {"uv": [0.5, 0.5, 0, 0], "texture": "#0"},
				"up": {"uv": [0.5, 0.5, 0, 0], "texture": "#0"},
				"down": {"uv": [0.5, 0.5, 0, 0], "texture": "#0"}
			}
		}
	],
	"display": {
		"head": {
			"translation": [-0.25, -20, 8.5],
			"scale": [3.75, 3.5, 3.5]
		}
	},
	"groups": [
		0,
		1,
		2,
		3,
		4,
		5,
		6,
		7,
		8,
		9,
		10,
		11,
		12,
		13,
		14,
		15,
		16,
		17,
		18,
		19,
		{
			"name": "group",
			"origin": [0, 0, 0],
			"color": 0,
			"children": [20, 21, 22, 23]
		}
	]
}