{
	"credit": "Made by TeleMinecraft (Storbo)",
	"textures": {
		"0": "block/light_gray_concrete",
		"particle": "block/light_gray_concrete"
	},
	"elements": [
		{
			"from": [7, 3, 6.6],
			"to": [9, 3.8, 8.1],
			"rotation": {"angle": 0, "axis": "y", "origin": [0, -7, 0]},
			"faces": {
				"north": {"uv": [0, 0, 2, 0.5], "texture": "#0"},
				"east": {"uv": [0, 0, 2, 0.5], "texture": "#0"},
				"south": {"uv": [0, 0, 2, 0.5], "texture": "#0"},
				"west": {"uv": [0, 0, 2, 0.5], "texture": "#0"},
				"up": {"uv": [0, 0, 2, 0.5], "texture": "#0"},
				"down": {"uv": [0, 0, 2, 0.5], "texture": "#0"}
			}
		},
		{
			"from": [10.9, -0.6, 6.6],
			"to": [12.8, -0.2, 8.1],
			"rotation": {"angle": 22.5, "axis": "z", "origin": [0, -7, 0]},
			"faces": {
				"north": {"uv": [0, 0, 1.9, 0.4], "texture": "#0"},
				"east": {"uv": [0, 0, 1.9, 0.4], "texture": "#0"},
				"south": {"uv": [0, 0, 1.9, 0.4], "texture": "#0"},
				"west": {"uv": [0, 0, 1.9, 0.4], "texture": "#0"},
				"up": {"uv": [0, 0, 1.9, 0.4], "texture": "#0"},
				"down": {"uv": [0, 0, 1.9, 0.4], "texture": "#0"}
			}
		},
		{
			"from": [12.1, -1.2, 6.6],
			"to": [13.1, -0.2, 8.1],
			"rotation": {"angle": 22.5, "axis": "z", "origin": [0, -7, 0]},
			"faces": {
				"north": {"uv": [0, 0, 1, 1], "texture": "#0"},
				"east": {"uv": [0, 0, 1, 1], "texture": "#0"},
				"south": {"uv": [0, 0, 1, 1], "texture": "#0"},
				"west": {"uv": [0, 0, 1, 1], "texture": "#0"},
				"up": {"uv": [0, 0, 1, 1], "texture": "#0"},
				"down": {"uv": [0, 0, 1, 1], "texture": "#0"}
			}
		},
		{
			"from": [2.9, -1.2, 6.6],
			"to": [3.9, -0.5, 8.1],
			"rotation": {"angle": -22.5, "axis": "z", "origin": [16, -7, 0]},
			"faces": {
				"north": {"uv": [1, 0, 2, 0.5], "texture": "#0"},
				"east": {"uv": [1, 0, 2, 0.5], "texture": "#0"},
				"south": {"uv": [1, 0, 2, 0.5], "texture": "#0"},
				"west": {"uv": [1, 0, 2, 0.5], "texture": "#0"},
				"up": {"uv": [1, 0, 2, 0.5], "texture": "#0"},
				"down": {"uv": [1, 0, 2, 0.5], "texture": "#0"}
			}
		},
		{
			"from": [0.7, -6.65, 6.6],
			"to": [1.7, -6.05, 8.1],
			"rotation": {"angle": -45, "axis": "z", "origin": [16, -7, 0]},
			"faces": {
				"north": {"uv": [1, 0, 2, 0.5], "texture": "#0"},
				"east": {"uv": [1, 0, 2, 0.5], "texture": "#0"},
				"south": {"uv": [1, 0, 2, 0.5], "texture": "#0"},
				"west": {"uv": [1, 0, 2, 0.5], "texture": "#0"},
				"up": {"uv": [1, 0, 2, 0.5], "texture": "#0"},
				"down": {"uv": [1, 0, 2, 0.5], "texture": "#0"}
			}
		},
		{
			"from": [10.45, 7.3, 6.6],
			"to": [11.05, 8.3, 8.1],
			"rotation": {"angle": 22.5, "axis": "z", "origin": [16, -7, 0]},
			"faces": {
				"north": {"uv": [1, 0, 2, 0.5], "rotation": 270, "texture": "#0"},
				"east": {"uv": [1, 0, 2, 0.5], "rotation": 270, "texture": "#0"},
				"south": {"uv": [1, 0, 2, 0.5], "rotation": 270, "texture": "#0"},
				"west": {"uv": [1, 0, 2, 0.5], "rotation": 270, "texture": "#0"},
				"up": {"uv": [1, 0, 2, 0.5], "rotation": 270, "texture": "#0"},
				"down": {"uv": [1, 0, 2, 0.5], "rotation": 270, "texture": "#0"}
			}
		},
		{
			"from": [4.55, 7.3, 6.6],
			"to": [5.55, 8.3, 8.1],
			"rotation": {"angle": -22.5, "axis": "z", "origin": [0, -7, 0]},
			"faces": {
				"north": {"uv": [1, 1, 2, 0], "rotation": 270, "texture": "#0"},
				"east": {"uv": [1, 1, 2, 0], "rotation": 270, "texture": "#0"},
				"south": {"uv": [1, 1, 2, 0], "rotation": 270, "texture": "#0"},
				"west": {"uv": [1, 1, 2, 0], "rotation": 270, "texture": "#0"},
				"up": {"uv": [1, 1, 2, 0], "rotation": 270, "texture": "#0"},
				"down": {"uv": [1, 1, 2, 0], "rotation": 270, "texture": "#0"}
			}
		},
		{
			"from": [10, 5, 6.6],
			"to": [11, 11, 8.1],
			"rotation": {"angle": 0, "axis": "y", "origin": [0, -7, 0]},
			"faces": {
				"north": {"uv": [1, 1, 7, 2], "rotation": 270, "texture": "#0"},
				"east": {"uv": [1, 1, 7, 2], "rotation": 270, "texture": "#0"},
				"south": {"uv": [1, 1, 7, 2], "rotation": 270, "texture": "#0"},
				"west": {"uv": [1, 1, 7, 2], "rotation": 270, "texture": "#0"},
				"up": {"uv": [1, 1, 7, 2], "rotation": 270, "texture": "#0"},
				"down": {"uv": [1, 1, 7, 2], "rotation": 270, "texture": "#0"}
			}
		},
		{
			"from": [9.2, 11, 6.6],
			"to": [11.8, 11.5, 8.1],
			"rotation": {"angle": 0, "axis": "y", "origin": [0, -7, 0]},
			"faces": {
				"north": {"uv": [1, 1, 1.5, 3.6], "rotation": 270, "texture": "#0"},
				"east": {"uv": [1, 1, 1.5, 3.6], "rotation": 270, "texture": "#0"},
				"south": {"uv": [1, 1, 1.5, 3.6], "rotation": 270, "texture": "#0"},
				"west": {"uv": [1, 1, 1.5, 3.6], "rotation": 270, "texture": "#0"},
				"up": {"uv": [1, 1, 1.5, 3.6], "rotation": 270, "texture": "#0"},
				"down": {"uv": [1, 1, 1.5, 3.6], "rotation": 270, "texture": "#0"}
			}
		},
		{
			"from": [3.9, 11.1, 6.6],
			"to": [6.5, 11.5, 8.1],
			"rotation": {"angle": 0, "axis": "z", "origin": [16, -7, 0]},
			"faces": {
				"north": {"uv": [1, 3.6, 1.4, 6.2], "rotation": 270, "texture": "#0"},
				"east": {"uv": [1, 3.6, 1.4, 6.2], "rotation": 270, "texture": "#0"},
				"south": {"uv": [1, 3.6, 1.4, 6.2], "rotation": 270, "texture": "#0"},
				"west": {"uv": [1, 3.6, 1.4, 6.2], "rotation": 270, "texture": "#0"},
				"up": {"uv": [1, 3.6, 1.4, 6.2], "rotation": 270, "texture": "#0"},
				"down": {"uv": [1, 3.6, 1.4, 6.2], "rotation": 270, "texture": "#0"}
			}
		},
		{
			"from": [16.7, 5.1, 6.6],
			"to": [17.7, 5.6, 8.1],
			"rotation": {"angle": 22.5, "axis": "z", "origin": [0, -6.9, 0]},
			"faces": {
				"north": {"uv": [1, 1, 1.5, 2], "rotation": 270, "texture": "#0"},
				"east": {"uv": [1, 1, 1.5, 2], "rotation": 270, "texture": "#0"},
				"south": {"uv": [1, 1, 1.5, 2], "rotation": 270, "texture": "#0"},
				"west": {"uv": [1, 1, 1.5, 2], "rotation": 270, "texture": "#0"},
				"up": {"uv": [1, 1, 1.5, 2], "rotation": 270, "texture": "#0"},
				"down": {"uv": [1, 1, 1.5, 2], "rotation": 270, "texture": "#0"}
			}
		},
		{
			"from": [2.9, 7, 6.6],
			"to": [3.9, 7.5, 8.1],
			"rotation": {"angle": -22.5, "axis": "z", "origin": [16, -6.9, 0]},
			"faces": {
				"north": {"uv": [1, 2.4, 1.5, 3.4], "rotation": 270, "texture": "#0"},
				"east": {"uv": [1, 2.4, 1.5, 3.4], "rotation": 270, "texture": "#0"},
				"south": {"uv": [1, 2.4, 1.5, 3.4], "rotation": 270, "texture": "#0"},
				"west": {"uv": [1, 2.4, 1.5, 3.4], "rotation": 270, "texture": "#0"},
				"up": {"uv": [1, 2.4, 1.5, 3.4], "rotation": 270, "texture": "#0"},
				"down": {"uv": [1, 2.4, 1.5, 3.4], "rotation": 270, "texture": "#0"}
			}
		},
		{
			"from": [11.3, 5.3, 6.6],
			"to": [12.3, 5.6, 8.1],
			"rotation": {"angle": 22.5, "axis": "z", "origin": [-5.4, -6.8, 0]},
			"faces": {
				"north": {"uv": [1, 1, 1.3, 2], "rotation": 270, "texture": "#0"},
				"east": {"uv": [1, 1, 1.3, 2], "rotation": 270, "texture": "#0"},
				"south": {"uv": [1, 1, 1.3, 2], "rotation": 270, "texture": "#0"},
				"west": {"uv": [1, 1, 1.3, 2], "rotation": 270, "texture": "#0"},
				"up": {"uv": [1, 1, 1.3, 2], "rotation": 270, "texture": "#0"},
				"down": {"uv": [1, 1, 1.3, 2], "rotation": 270, "texture": "#0"}
			}
		},
		{
			"from": [-2.2, 7.3, 6.6],
			"to": [-1.2, 7.7, 8.1],
			"rotation": {"angle": -22.5, "axis": "z", "origin": [10.6, -6.8, 0]},
			"faces": {
				"north": {"uv": [1, 2.4, 1.4, 3.4], "rotation": 270, "texture": "#0"},
				"east": {"uv": [1, 2.4, 1.4, 3.4], "rotation": 270, "texture": "#0"},
				"south": {"uv": [1, 2.4, 1.4, 3.4], "rotation": 270, "texture": "#0"},
				"west": {"uv": [1, 2.4, 1.4, 3.4], "rotation": 270, "texture": "#0"},
				"up": {"uv": [1, 2.4, 1.4, 3.4], "rotation": 270, "texture": "#0"},
				"down": {"uv": [1, 2.4, 1.4, 3.4], "rotation": 270, "texture": "#0"}
			}
		},
		{
			"from": [5, 5, 6.6],
			"to": [5.5, 11.4, 8.1],
			"rotation": {"angle": 0, "axis": "z", "origin": [16, -7, 0]},
			"faces": {
				"north": {"uv": [1, 2, 7.4, 2.5], "rotation": 270, "texture": "#0"},
				"east": {"uv": [1, 2, 7.4, 2.5], "rotation": 270, "texture": "#0"},
				"south": {"uv": [1, 2, 7.4, 2.5], "rotation": 270, "texture": "#0"},
				"west": {"uv": [1, 2, 7.4, 2.5], "rotation": 270, "texture": "#0"},
				"up": {"uv": [1, 2, 7.4, 2.5], "rotation": 270, "texture": "#0"},
				"down": {"uv": [1, 2, 7.4, 2.5], "rotation": 270, "texture": "#0"}
			}
		},
		{
			"from": [14.3, -6.65, 6.6],
			"to": [15.3, -5.65, 8.1],
			"rotation": {"angle": 45, "axis": "z", "origin": [0, -7, 0]},
			"faces": {
				"north": {"uv": [2, 0, 1, 1], "texture": "#0"},
				"east": {"uv": [2, 0, 1, 1], "texture": "#0"},
				"south": {"uv": [2, 0, 1, 1], "texture": "#0"},
				"west": {"uv": [2, 0, 1, 1], "texture": "#0"},
				"up": {"uv": [2, 0, 1, 1], "texture": "#0"},
				"down": {"uv": [2, 0, 1, 1], "texture": "#0"}
			}
		},
		{
			"from": [10.2, 10.8, 7],
			"to": [10.7, 11.3, 10],
			"faces": {
				"north": {"uv": [0, 0, 0.5, 0.5], "texture": "#0"},
				"east": {"uv": [0, 0, 0.5, 0.5], "texture": "#0"},
				"south": {"uv": [0, 0, 0.5, 0.5], "texture": "#0"},
				"west": {"uv": [0, 0, 0.5, 0.5], "texture": "#0"},
				"up": {"uv": [0, 0, 0.5, 0.5], "texture": "#0"},
				"down": {"uv": [0, 0, 0.5, 0.5], "texture": "#0"}
			}
		},
		{
			"from": [5, 10.9, 7],
			"to": [5.5, 11.4, 10],
			"faces": {
				"north": {"uv": [0, 0, 0.5, 0.5], "texture": "#0"},
				"east": {"uv": [0, 0, 0.5, 0.5], "texture": "#0"},
				"south": {"uv": [0, 0, 0.5, 0.5], "texture": "#0"},
				"west": {"uv": [0, 0, 0.5, 0.5], "texture": "#0"},
				"up": {"uv": [0, 0, 0.5, 0.5], "texture": "#0"},
				"down": {"uv": [0, 0, 0.5, 0.5], "texture": "#0"}
			}
		},
		{
			"from": [7.8, 3.1, 7],
			"to": [8.3, 3.6, 10],
			"faces": {
				"north": {"uv": [0, 0, 0.5, 0.5], "texture": "#0"},
				"east": {"uv": [0, 0, 0.5, 0.5], "texture": "#0"},
				"south": {"uv": [0, 0, 0.5, 0.5], "texture": "#0"},
				"west": {"uv": [0, 0, 0.5, 0.5], "texture": "#0"},
				"up": {"uv": [0, 0, 0.5, 0.5], "texture": "#0"},
				"down": {"uv": [0, 0, 0.5, 0.5], "texture": "#0"}
			}
		}
	],
	"display": {
		"head": {
			"translation": [0, -23, 9.5],
			"scale": [4, 4, 4]
		}
	},
	"groups": [
		{
			"name": "group",
			"origin": [0, 0, 0],
			"color": 0,
			"children": [0, 1, 2, 3, 4, 5, 6, 7, 8, 9, 10, 11, 12, 13, 14, 15]
		},
		16,
		17,
		18
	]
}