{
	"credit": "Made by TeleMinecraft (Storbo)",
	"textures": {
		"0": "block/light_gray_concrete",
		"particle": "block/light_gray_concrete"
	},
	"elements": [
		{
			"from": [9.5, 5, 6.5],
			"to": [11, 14, 8],
			"rotation": {"angle": 0, "axis": "z", "origin": [-4, -11.5, -4]},
			"faces": {
				"north": {"uv": [1, 1, 7, 2], "rotation": 270, "texture": "#0"},
				"east": {"uv": [1, 1, 7, 2], "rotation": 270, "texture": "#0"},
				"south": {"uv": [1, 1, 7, 2], "rotation": 270, "texture": "#0"},
				"west": {"uv": [1, 1, 7, 2], "rotation": 270, "texture": "#0"},
				"up": {"uv": [1, 1, 7, 2], "rotation": 270, "texture": "#0"},
				"down": {"uv": [1, 1, 7, 2], "rotation": 270, "texture": "#0"}
			}
		},
		{
			"from": [7.25, 13.25, 6.5],
			"to": [9.5, 14, 8],
			"rotation": {"angle": 0, "axis": "z", "origin": [-4, -11.5, -4]},
			"faces": {
				"north": {"uv": [1, 1, 7, 2], "rotation": 270, "texture": "#0"},
				"east": {"uv": [1, 1, 7, 2], "rotation": 270, "texture": "#0"},
				"south": {"uv": [1, 1, 7, 2], "rotation": 270, "texture": "#0"},
				"west": {"uv": [1, 1, 7, 2], "rotation": 270, "texture": "#0"},
				"up": {"uv": [1, 1, 7, 2], "rotation": 270, "texture": "#0"},
				"down": {"uv": [1, 1, 7, 2], "rotation": 270, "texture": "#0"}
			}
		},
		{
			"from": [7.25, 9.05, 6.5],
			"to": [9.5, 9.8, 8],
			"rotation": {"angle": 0, "axis": "z", "origin": [-4, -11.5, -4]},
			"faces": {
				"north": {"uv": [1, 1, 7, 2], "rotation": 270, "texture": "#0"},
				"east": {"uv": [1, 1, 7, 2], "rotation": 270, "texture": "#0"},
				"south": {"uv": [1, 1, 7, 2], "rotation": 270, "texture": "#0"},
				"west": {"uv": [1, 1, 7, 2], "rotation": 270, "texture": "#0"},
				"up": {"uv": [1, 1, 7, 2], "rotation": 270, "texture": "#0"},
				"down": {"uv": [1, 1, 7, 2], "rotation": 270, "texture": "#0"}
			}
		},
		{
			"from": [19.4, -1.705, 6.5],
			"to": [20.6, -0.85, 8],
			"rotation": {"angle": 45, "axis": "z", "origin": [-4, -11.5, -4]},
			"faces": {
				"north": {"uv": [1, 1, 7, 2], "rotation": 270, "texture": "#0"},
				"east": {"uv": [1, 1, 7, 2], "rotation": 270, "texture": "#0"},
				"south": {"uv": [1, 1, 7, 2], "rotation": 270, "texture": "#0"},
				"west": {"uv": [1, 1, 7, 2], "rotation": 270, "texture": "#0"},
				"up": {"uv": [1, 1, 7, 2], "rotation": 270, "texture": "#0"},
				"down": {"uv": [1, 1, 7, 2], "rotation": 270, "texture": "#0"}
			}
		},
		{
			"from": [-4.87, 13.4, 6.5],
			"to": [-3.97, 14.3, 8],
			"rotation": {"angle": -22.5, "axis": "z", "origin": [-4, -11.5, -4]},
			"faces": {
				"north": {"uv": [1, 1, 7, 2], "texture": "#0"},
				"east": {"uv": [1, 1, 7, 2], "rotation": 180, "texture": "#0"},
				"south": {"uv": [1, 1, 7, 2], "rotation": 180, "texture": "#0"},
				"west": {"uv": [1, 1, 7, 2], "rotation": 180, "texture": "#0"},
				"up": {"uv": [1, 1, 7, 2], "rotation": 180, "texture": "#0"},
				"down": {"uv": [1, 1, 7, 2], "rotation": 180, "texture": "#0"}
			}
		},
		{
			"from": [4.73, 11.15, 6.5],
			"to": [5.63, 11.9, 8],
			"rotation": {"angle": 0, "axis": "z", "origin": [-4, -11.5, -4]},
			"faces": {
				"north": {"uv": [1, 1, 7, 2], "texture": "#0"},
				"east": {"uv": [1, 1, 7, 2], "rotation": 180, "texture": "#0"},
				"south": {"uv": [1, 1, 7, 2], "rotation": 180, "texture": "#0"},
				"west": {"uv": [1, 1, 7, 2], "rotation": 180, "texture": "#0"},
				"up": {"uv": [1, 1, 7, 2], "rotation": 180, "texture": "#0"},
				"down": {"uv": [1, 1, 7, 2], "rotation": 180, "texture": "#0"}
			}
		},
		{
			"from": [14.6, 6.875, 6.5],
			"to": [16.295, 7.73, 8],
			"rotation": {"angle": 22.5, "axis": "z", "origin": [-4, -11.5, -4]},
			"faces": {
				"north": {"uv": [1, 1, 7, 2], "rotation": 270, "texture": "#0"},
				"east": {"uv": [1, 1, 7, 2], "rotation": 270, "texture": "#0"},
				"south": {"uv": [1, 1, 7, 2], "rotation": 270, "texture": "#0"},
				"west": {"uv": [1, 1, 7, 2], "rotation": 270, "texture": "#0"},
				"up": {"uv": [1, 1, 7, 2], "rotation": 270, "texture": "#0"},
				"down": {"uv": [1, 1, 7, 2], "rotation": 270, "texture": "#0"}
			}
		},
		{
			"from": [-4.87, 8.75, 6.5],
			"to": [-3.97, 9.65, 8],
			"rotation": {"angle": 22.5, "axis": "z", "origin": [-4, 34.55, -4]},
			"faces": {
				"north": {"uv": [1, 2, 7, 1], "texture": "#0"},
				"east": {"uv": [1, 2, 7, 1], "rotation": 180, "texture": "#0"},
				"south": {"uv": [1, 2, 7, 1], "rotation": 180, "texture": "#0"},
				"west": {"uv": [1, 2, 7, 1], "rotation": 180, "texture": "#0"},
				"up": {"uv": [1, 2, 7, 1], "rotation": 180, "texture": "#0"},
				"down": {"uv": [1, 2, 7, 1], "rotation": 180, "texture": "#0"}
			}
		},
		{
			"from": [19.4, 23.9, 6.5],
			"to": [20.6, 24.755, 8],
			"rotation": {"angle": -45, "axis": "z", "origin": [-4, 34.55, -4]},
			"faces": {
				"north": {"uv": [7, 1, 1, 2], "rotation": 270, "texture": "#0"},
				"east": {"uv": [7, 1, 1, 2], "rotation": 270, "texture": "#0"},
				"south": {"uv": [7, 1, 1, 2], "rotation": 270, "texture": "#0"},
				"west": {"uv": [7, 1, 1, 2], "rotation": 270, "texture": "#0"},
				"up": {"uv": [7, 1, 1, 2], "rotation": 270, "texture": "#0"},
				"down": {"uv": [7, 1, 1, 2], "rotation": 270, "texture": "#0"}
			}
		},
		{
			"from": [14.6, 15.305, 6.5],
			"to": [16.295, 16.175, 8],
			"rotation": {"angle": -22.5, "axis": "z", "origin": [-4, 34.55, -4]},
			"faces": {
				"north": {"uv": [7, 1, 1, 2], "rotation": 270, "texture": "#0"},
				"east": {"uv": [7, 1, 1, 2], "rotation": 270, "texture": "#0"},
				"south": {"uv": [7, 1, 1, 2], "rotation": 270, "texture": "#0"},
				"west": {"uv": [7, 1, 1, 2], "rotation": 270, "texture": "#0"},
				"up": {"uv": [7, 1, 1, 2], "rotation": 270, "texture": "#0"},
				"down": {"uv": [7, 1, 1, 2], "rotation": 270, "texture": "#0"}
			}
		},
		{
			"from": [-10.6, 6.05, 6.5],
			"to": [-10.15, 11.9, 8],
			"rotation": {"angle": -45, "axis": "z", "origin": [-4, -11.5, -4]},
			"faces": {
				"north": {"uv": [1, 1, 7, 2], "rotation": 270, "texture": "#0"},
				"east": {"uv": [1, 1, 7, 2], "rotation": 270, "texture": "#0"},
				"south": {"uv": [1, 1, 7, 2], "rotation": 270, "texture": "#0"},
				"west": {"uv": [1, 1, 7, 2], "rotation": 270, "texture": "#0"},
				"up": {"uv": [1, 1, 7, 2], "rotation": 270, "texture": "#0"},
				"down": {"uv": [1, 1, 7, 2], "rotation": 270, "texture": "#0"}
			}
		},
		{
			"from": [-10.15, 6.5, 6.5],
			"to": [-9.4, 12.2, 8],
			"rotation": {"angle": -45, "axis": "z", "origin": [-4, -11.5, -4]},
			"faces": {
				"north": {"uv": [1, 1, 7, 2], "rotation": 270, "texture": "#0"},
				"east": {"uv": [1, 1, 7, 2], "rotation": 270, "texture": "#0"},
				"south": {"uv": [1, 1, 7, 2], "rotation": 270, "texture": "#0"},
				"west": {"uv": [1, 1, 7, 2], "rotation": 270, "texture": "#0"},
				"up": {"uv": [1, 1, 7, 2], "rotation": 270, "texture": "#0"},
				"down": {"uv": [1, 1, 7, 2], "rotation": 270, "texture": "#0"}
			}
		},
		{
			"from": [10.1, 13.1, 6.5],
			"to": [10.55, 13.55, 11],
			"rotation": {"angle": 0, "axis": "y", "origin": [-4, -1, -4]},
			"faces": {
				"north": {"uv": [0, 0, 0.5, 0.5], "texture": "#0"},
				"east": {"uv": [0, 0, 0.5, 0.5], "texture": "#0"},
				"south": {"uv": [0, 0, 0.5, 0.5], "texture": "#0"},
				"west": {"uv": [0, 0, 0.5, 0.5], "texture": "#0"},
				"up": {"uv": [0, 0, 0.5, 0.5], "texture": "#0"},
				"down": {"uv": [0, 0, 0.5, 0.5], "texture": "#0"}
			}
		},
		{
			"from": [10.1, 5.975, 6.5],
			"to": [10.55, 6.425, 11],
			"rotation": {"angle": 0, "axis": "y", "origin": [-4, -1, -4]},
			"faces": {
				"north": {"uv": [0, 0, 0.5, 0.5], "texture": "#0"},
				"east": {"uv": [0, 0, 0.5, 0.5], "texture": "#0"},
				"south": {"uv": [0, 0, 0.5, 0.5], "texture": "#0"},
				"west": {"uv": [0, 0, 0.5, 0.5], "texture": "#0"},
				"up": {"uv": [0, 0, 0.5, 0.5], "texture": "#0"},
				"down": {"uv": [0, 0, 0.5, 0.5], "texture": "#0"}
			}
		},
		{
			"from": [4.4, 5.525, 6.5],
			"to": [4.85, 5.975, 11],
			"rotation": {"angle": 0, "axis": "y", "origin": [-4, -1, -4]},
			"faces": {
				"north": {"uv": [0, 0, 0.5, 0.5], "texture": "#0"},
				"east": {"uv": [0, 0, 0.5, 0.5], "texture": "#0"},
				"south": {"uv": [0, 0, 0.5, 0.5], "texture": "#0"},
				"west": {"uv": [0, 0, 0.5, 0.5], "texture": "#0"},
				"up": {"uv": [0, 0, 0.5, 0.5], "texture": "#0"},
				"down": {"uv": [0, 0, 0.5, 0.5], "texture": "#0"}
			}
		},
		{
			"from": [10.85, 13.55, 6.5],
			"to": [12.35, 14, 8],
			"rotation": {"angle": 0, "axis": "z", "origin": [-5.5, -12.1, -4]},
			"faces": {
				"north": {"uv": [1, 1, 7, 2], "rotation": 270, "texture": "#0"},
				"east": {"uv": [1, 1, 7, 2], "rotation": 270, "texture": "#0"},
				"south": {"uv": [1, 1, 7, 2], "rotation": 270, "texture": "#0"},
				"west": {"uv": [1, 1, 7, 2], "rotation": 270, "texture": "#0"},
				"up": {"uv": [1, 1, 7, 2], "rotation": 270, "texture": "#0"},
				"down": {"uv": [1, 1, 7, 2], "rotation": 270, "texture": "#0"}
			}
		},
		{
			"from": [19.1, 4.85, 6.5],
			"to": [20.6, 5.3, 8],
			"rotation": {"angle": 22.5, "axis": "z", "origin": [-5.5, -12.1, -4]},
			"faces": {
				"north": {"uv": [1, 1, 7, 2], "rotation": 270, "texture": "#0"},
				"east": {"uv": [1, 1, 7, 2], "rotation": 270, "texture": "#0"},
				"south": {"uv": [1, 1, 7, 2], "rotation": 270, "texture": "#0"},
				"west": {"uv": [1, 1, 7, 2], "rotation": 270, "texture": "#0"},
				"up": {"uv": [1, 1, 7, 2], "rotation": 270, "texture": "#0"},
				"down": {"uv": [1, 1, 7, 2], "rotation": 270, "texture": "#0"}
			}
		},
		{
			"from": [10.85, 5, 6.5],
			"to": [12.35, 5.45, 8],
			"rotation": {"angle": 0, "axis": "z", "origin": [-5.5, 31.1, -4]},
			"faces": {
				"north": {"uv": [7, 1, 1, 2], "rotation": 270, "texture": "#0"},
				"east": {"uv": [7, 1, 1, 2], "rotation": 270, "texture": "#0"},
				"south": {"uv": [7, 1, 1, 2], "rotation": 270, "texture": "#0"},
				"west": {"uv": [7, 1, 1, 2], "rotation": 270, "texture": "#0"},
				"up": {"uv": [7, 1, 1, 2], "rotation": 270, "texture": "#0"},
				"down": {"uv": [7, 1, 1, 2], "rotation": 270, "texture": "#0"}
			}
		},
		{
			"from": [19.1, 13.7, 6.5],
			"to": [20.6, 14.15, 8],
			"rotation": {"angle": -22.5, "axis": "z", "origin": [-5.5, 31.1, -4]},
			"faces": {
				"north": {"uv": [7, 1, 1, 2], "rotation": 270, "texture": "#0"},
				"east": {"uv": [7, 1, 1, 2], "rotation": 270, "texture": "#0"},
				"south": {"uv": [7, 1, 1, 2], "rotation": 270, "texture": "#0"},
				"west": {"uv": [7, 1, 1, 2], "rotation": 270, "texture": "#0"},
				"up": {"uv": [7, 1, 1, 2], "rotation": 270, "texture": "#0"},
				"down": {"uv": [7, 1, 1, 2], "rotation": 270, "texture": "#0"}
			}
		},
		{
			"from": [8.15, 5, 6.5],
			"to": [9.65, 5.45, 8],
			"rotation": {"angle": 0, "axis": "z", "origin": [26, 31.1, -4]},
			"faces": {
				"north": {"uv": [7, 2, 1, 1], "rotation": 270, "texture": "#0"},
				"east": {"uv": [7, 2, 1, 1], "rotation": 270, "texture": "#0"},
				"south": {"uv": [7, 2, 1, 1], "rotation": 270, "texture": "#0"},
				"west": {"uv": [7, 2, 1, 1], "rotation": 270, "texture": "#0"},
				"up": {"uv": [7, 2, 1, 1], "rotation": 270, "texture": "#0"},
				"down": {"uv": [7, 2, 1, 1], "rotation": 270, "texture": "#0"}
			}
		},
		{
			"from": [-0.1, 13.7, 6.5],
			"to": [1.4, 14.15, 8],
			"rotation": {"angle": 22.5, "axis": "z", "origin": [26, 31.1, -4]},
			"faces": {
				"north": {"uv": [7, 2, 1, 1], "rotation": 270, "texture": "#0"},
				"east": {"uv": [7, 2, 1, 1], "rotation": 270, "texture": "#0"},
				"south": {"uv": [7, 2, 1, 1], "rotation": 270, "texture": "#0"},
				"west": {"uv": [7, 2, 1, 1], "rotation": 270, "texture": "#0"},
				"up": {"uv": [7, 2, 1, 1], "rotation": 270, "texture": "#0"},
				"down": {"uv": [7, 2, 1, 1], "rotation": 270, "texture": "#0"}
			}
		},
		{
			"from": [3.2, 5, 6.5],
			"to": [5, 5.45, 8],
			"rotation": {"angle": 0, "axis": "z", "origin": [21.05, 31.1, -4]},
			"faces": {
				"north": {"uv": [7, 2, 1, 1], "rotation": 270, "texture": "#0"},
				"east": {"uv": [7, 2, 1, 1], "rotation": 270, "texture": "#0"},
				"south": {"uv": [7, 2, 1, 1], "rotation": 270, "texture": "#0"},
				"west": {"uv": [7, 2, 1, 1], "rotation": 270, "texture": "#0"},
				"up": {"uv": [7, 2, 1, 1], "rotation": 270, "texture": "#0"},
				"down": {"uv": [7, 2, 1, 1], "rotation": 270, "texture": "#0"}
			}
		},
		{
			"from": [-5.05, 13.7, 6.5],
			"to": [-3.55, 14.15, 8],
			"rotation": {"angle": 22.5, "axis": "z", "origin": [21.05, 31.1, -4]},
			"faces": {
				"north": {"uv": [7, 2, 1, 1], "rotation": 270, "texture": "#0"},
				"east": {"uv": [7, 2, 1, 1], "rotation": 270, "texture": "#0"},
				"south": {"uv": [7, 2, 1, 1], "rotation": 270, "texture": "#0"},
				"west": {"uv": [7, 2, 1, 1], "rotation": 270, "texture": "#0"},
				"up": {"uv": [7, 2, 1, 1], "rotation": 270, "texture": "#0"},
				"down": {"uv": [7, 2, 1, 1], "rotation": 270, "texture": "#0"}
			}
		}
	],
	"display": {
		"head": {
			"translation": [0, -32, 9.75],
			"scale": [3.7, 3.7, 3.5]
		}
	},
	"groups": [
		0,
		1,
		2,
		3,
		4,
		5,
		6,
		7,
		8,
		9,
		10,
		11,
		{
			"name": "group",
			"origin": [0, 0, 0],
			"color": 0,
			"children": [12, 13, 14]
		},
		{
			"name": "group",
			"origin": [20.5, -5.6, 0],
			"color": 0,
			"children": [15, 16]
		},
		{
			"name": "group",
			"origin": [20.5, -5.6, 0],
			"color": 0,
			"children": [17, 18]
		},
		{
			"name": "group",
			"origin": [20.5, -5.6, 0],
			"color": 0,
			"children": [19, 20]
		},
		{
			"name": "group",
			"origin": [20.5, -5.6, 0],
			"color": 0,
			"children": [21, 22]
		}
	]
}