{
	"credit": "Made by TeleMinecraft (Storbo)",
	"textures": {
		"0": "block/light_gray_concrete",
		"particle": "block/light_gray_concrete"
	},
	"elements": [
		{
			"from": [7.25, 3.5, 6.5],
			"to": [8.75, 12.5, 8],
			"rotation": {"angle": 0, "axis": "z", "origin": [-4, -14.5, -4]},
			"faces": {
				"north": {"uv": [1, 1, 7, 2], "rotation": 270, "texture": "#0"},
				"east": {"uv": [1, 1, 7, 2], "rotation": 270, "texture": "#0"},
				"south": {"uv": [1, 1, 7, 2], "rotation": 270, "texture": "#0"},
				"west": {"uv": [1, 1, 7, 2], "rotation": 270, "texture": "#0"},
				"up": {"uv": [1, 1, 7, 2], "rotation": 270, "texture": "#0"},
				"down": {"uv": [1, 1, 7, 2], "rotation": 270, "texture": "#0"}
			}
		},
		{
			"from": [6.32, 3.48, 6.5],
			"to": [7.52, 3.86, 8],
			"rotation": {"angle": 0, "axis": "z", "origin": [20.6, 24.48, -1.6]},
			"faces": {
				"north": {"uv": [7, 2, 1, 1], "rotation": 270, "texture": "#0"},
				"east": {"uv": [7, 2, 1, 1], "rotation": 270, "texture": "#0"},
				"south": {"uv": [7, 2, 1, 1], "rotation": 270, "texture": "#0"},
				"west": {"uv": [7, 2, 1, 1], "rotation": 270, "texture": "#0"},
				"up": {"uv": [7, 2, 1, 1], "rotation": 270, "texture": "#0"},
				"down": {"uv": [7, 2, 1, 1], "rotation": 270, "texture": "#0"}
			}
		},
		{
			"from": [-0.28, 10.46, 6.5],
			"to": [0.92, 10.82, 8],
			"rotation": {"angle": 22.5, "axis": "z", "origin": [20.6, 24.48, -1.6]},
			"faces": {
				"north": {"uv": [7, 2, 1, 1], "rotation": 270, "texture": "#0"},
				"east": {"uv": [7, 2, 1, 1], "rotation": 270, "texture": "#0"},
				"south": {"uv": [7, 2, 1, 1], "rotation": 270, "texture": "#0"},
				"west": {"uv": [7, 2, 1, 1], "rotation": 270, "texture": "#0"},
				"up": {"uv": [7, 2, 1, 1], "rotation": 270, "texture": "#0"},
				"down": {"uv": [7, 2, 1, 1], "rotation": 270, "texture": "#0"}
			}
		},
		{
			"from": [15.08, 10.46, 6.5],
			"to": [16.28, 10.82, 8],
			"rotation": {"angle": -22.5, "axis": "z", "origin": [-4.6, 24.48, -1.6]},
			"faces": {
				"north": {"uv": [7, 1, 1, 2], "rotation": 270, "texture": "#0"},
				"east": {"uv": [7, 1, 1, 2], "rotation": 270, "texture": "#0"},
				"south": {"uv": [7, 1, 1, 2], "rotation": 270, "texture": "#0"},
				"west": {"uv": [7, 1, 1, 2], "rotation": 270, "texture": "#0"},
				"up": {"uv": [7, 1, 1, 2], "rotation": 270, "texture": "#0"},
				"down": {"uv": [7, 1, 1, 2], "rotation": 270, "texture": "#0"}
			}
		},
		{
			"from": [8.48, 3.48, 6.5],
			"to": [9.68, 3.86, 8],
			"rotation": {"angle": 0, "axis": "z", "origin": [-4.6, 24.48, -1.6]},
			"faces": {
				"north": {"uv": [7, 1, 1, 2], "rotation": 270, "texture": "#0"},
				"east": {"uv": [7, 1, 1, 2], "rotation": 270, "texture": "#0"},
				"south": {"uv": [7, 1, 1, 2], "rotation": 270, "texture": "#0"},
				"west": {"uv": [7, 1, 1, 2], "rotation": 270, "texture": "#0"},
				"up": {"uv": [7, 1, 1, 2], "rotation": 270, "texture": "#0"},
				"down": {"uv": [7, 1, 1, 2], "rotation": 270, "texture": "#0"}
			}
		},
		{
			"from": [7.55, 3.8, 6.5],
			"to": [8.3, 4.55, 11],
			"rotation": {"angle": 0, "axis": "y", "origin": [-4, -4, -4]},
			"faces": {
				"north": {"uv": [0, 0, 0.5, 0.5], "texture": "#0"},
				"east": {"uv": [0, 0, 0.5, 0.5], "texture": "#0"},
				"south": {"uv": [0, 0, 0.5, 0.5], "texture": "#0"},
				"west": {"uv": [0, 0, 0.5, 0.5], "texture": "#0"},
				"up": {"uv": [0, 0, 0.5, 0.5], "texture": "#0"},
				"down": {"uv": [0, 0, 0.5, 0.5], "texture": "#0"}
			}
		},
		{
			"from": [7.55, 11.15, 6.5],
			"to": [8.3, 11.9, 11],
			"rotation": {"angle": 0, "axis": "y", "origin": [-4, -4, -4]},
			"faces": {
				"north": {"uv": [0, 0, 0.5, 0.5], "texture": "#0"},
				"east": {"uv": [0, 0, 0.5, 0.5], "texture": "#0"},
				"south": {"uv": [0, 0, 0.5, 0.5], "texture": "#0"},
				"west": {"uv": [0, 0, 0.5, 0.5], "texture": "#0"},
				"up": {"uv": [0, 0, 0.5, 0.5], "texture": "#0"},
				"down": {"uv": [0, 0, 0.5, 0.5], "texture": "#0"}
			}
		},
		{
			"from": [9.7, 20.05, 6.5],
			"to": [10.15, 21.4, 8],
			"rotation": {"angle": -22.5, "axis": "z", "origin": [-14, 30.1, -4]},
			"faces": {
				"north": {"uv": [7, 1, 1, 2], "texture": "#0"},
				"east": {"uv": [7, 1, 1, 2], "texture": "#0"},
				"south": {"uv": [7, 1, 1, 2], "texture": "#0"},
				"west": {"uv": [7, 1, 1, 2], "texture": "#0"},
				"up": {"uv": [7, 1, 1, 2], "texture": "#0"},
				"down": {"uv": [7, 1, 1, 2], "texture": "#0"}
			}
		},
		{
			"from": [4, 11.5, 6.5],
			"to": [4.45, 13, 8],
			"rotation": {"angle": 0, "axis": "y", "origin": [-14, 30.1, -4]},
			"faces": {
				"north": {"uv": [7, 1, 1, 2], "texture": "#0"},
				"east": {"uv": [7, 1, 1, 2], "texture": "#0"},
				"south": {"uv": [7, 1, 1, 2], "texture": "#0"},
				"west": {"uv": [7, 1, 1, 2], "texture": "#0"},
				"up": {"uv": [7, 1, 1, 2], "texture": "#0"},
				"down": {"uv": [7, 1, 1, 2], "texture": "#0"}
			}
		},
		{
			"from": [11.55, 11.5, 6.5],
			"to": [12, 13, 8],
			"rotation": {"angle": 0, "axis": "y", "origin": [30, 30.1, -4]},
			"faces": {
				"north": {"uv": [1, 1, 7, 2], "texture": "#0"},
				"east": {"uv": [1, 1, 7, 2], "texture": "#0"},
				"south": {"uv": [1, 1, 7, 2], "texture": "#0"},
				"west": {"uv": [1, 1, 7, 2], "texture": "#0"},
				"up": {"uv": [1, 1, 7, 2], "texture": "#0"},
				"down": {"uv": [1, 1, 7, 2], "texture": "#0"}
			}
		},
		{
			"from": [5.85, 20.05, 6.5],
			"to": [6.3, 21.4, 8],
			"rotation": {"angle": 22.5, "axis": "z", "origin": [30, 30.1, -4]},
			"faces": {
				"north": {"uv": [1, 1, 7, 2], "texture": "#0"},
				"east": {"uv": [1, 1, 7, 2], "texture": "#0"},
				"south": {"uv": [1, 1, 7, 2], "texture": "#0"},
				"west": {"uv": [1, 1, 7, 2], "texture": "#0"},
				"up": {"uv": [1, 1, 7, 2], "texture": "#0"},
				"down": {"uv": [1, 1, 7, 2], "texture": "#0"}
			}
		},
		{
			"from": [4.3, 12.25, 6.5],
			"to": [11.7, 13, 8],
			"rotation": {"angle": 0, "axis": "y", "origin": [-4, -12.5, -4]},
			"faces": {
				"north": {"uv": [1, 1, 7, 2], "rotation": 270, "texture": "#0"},
				"east": {"uv": [1, 1, 7, 2], "rotation": 270, "texture": "#0"},
				"south": {"uv": [1, 1, 7, 2], "rotation": 270, "texture": "#0"},
				"west": {"uv": [1, 1, 7, 2], "rotation": 270, "texture": "#0"},
				"up": {"uv": [1, 1, 7, 2], "rotation": 270, "texture": "#0"},
				"down": {"uv": [1, 1, 7, 2], "rotation": 270, "texture": "#0"}
			}
		}
	],
	"display": {
		"head": {
			"translation": [0, -27, 9.5],
			"scale": [3.1, 3.5, 3.5]
		}
	},
	"groups": [
		0,
		1,
		2,
		3,
		4,
		{
			"name": "group",
			"origin": [0, 0, 0],
			"color": 0,
			"children": [5, 6]
		},
		7,
		8,
		9,
		10,
		11
	]
}