{
	"credit": "Made by TeleMinecraft (Storbo)",
	"textures": {
		"0": "block/light_gray_concrete",
		"particle": "block/light_gray_concrete"
	},
	"elements": [
		{
			"from": [11.36, 5, 6.8],
			"to": [12.32, 7.4, 8.3],
			"rotation": {"angle": 0, "axis": "z", "origin": [15.32, -9.4, -1.6]},
			"faces": {
				"north": {"uv": [1, 2, 7, 1], "rotation": 270, "texture": "#0"},
				"east": {"uv": [1, 2, 7, 1], "rotation": 270, "texture": "#0"},
				"south": {"uv": [1, 2, 7, 1], "rotation": 270, "texture": "#0"},
				"west": {"uv": [1, 2, 7, 1], "rotation": 270, "texture": "#0"},
				"up": {"uv": [1, 2, 7, 1], "rotation": 270, "texture": "#0"},
				"down": {"uv": [1, 2, 7, 1], "rotation": 270, "texture": "#0"}
			}
		},
		{
			"from": [6.92, 10.4, 6.8],
			"to": [8.72, 11, 8.3],
			"rotation": {"angle": 0, "axis": "z", "origin": [15.32, -9.4, -1.6]},
			"faces": {
				"north": {"uv": [1, 2, 7, 1], "rotation": 270, "texture": "#0"},
				"east": {"uv": [1, 2, 7, 1], "rotation": 270, "texture": "#0"},
				"south": {"uv": [1, 2, 7, 1], "rotation": 270, "texture": "#0"},
				"west": {"uv": [1, 2, 7, 1], "rotation": 270, "texture": "#0"},
				"up": {"uv": [1, 2, 7, 1], "rotation": 270, "texture": "#0"},
				"down": {"uv": [1, 2, 7, 1], "rotation": 270, "texture": "#0"}
			}
		},
		{
			"from": [1.4, 6.32, 6.8],
			"to": [3.32, 6.92, 8.3],
			"rotation": {"angle": -22.5, "axis": "z", "origin": [15.32, -9.4, -1.6]},
			"faces": {
				"north": {"uv": [1, 2, 7, 1], "rotation": 270, "texture": "#0"},
				"east": {"uv": [1, 2, 7, 1], "rotation": 270, "texture": "#0"},
				"south": {"uv": [1, 2, 7, 1], "rotation": 270, "texture": "#0"},
				"west": {"uv": [1, 2, 7, 1], "rotation": 270, "texture": "#0"},
				"up": {"uv": [1, 2, 7, 1], "rotation": 270, "texture": "#0"},
				"down": {"uv": [1, 2, 7, 1], "rotation": 270, "texture": "#0"}
			}
		},
		{
			"from": [-2.02, 0.5, 6.8],
			"to": [-0.52, 1.1, 8.3],
			"rotation": {"angle": -45, "axis": "z", "origin": [15.32, -9.4, -1.6]},
			"faces": {
				"north": {"uv": [1, 2, 7, 1], "rotation": 270, "texture": "#0"},
				"east": {"uv": [1, 2, 7, 1], "rotation": 270, "texture": "#0"},
				"south": {"uv": [1, 2, 7, 1], "rotation": 270, "texture": "#0"},
				"west": {"uv": [1, 2, 7, 1], "rotation": 270, "texture": "#0"},
				"up": {"uv": [1, 2, 7, 1], "rotation": 270, "texture": "#0"},
				"down": {"uv": [1, 2, 7, 1], "rotation": 270, "texture": "#0"}
			}
		},
		{
			"from": [-2.56, 0.2, 6.8],
			"to": [-0.52, 0.8, 8.3],
			"rotation": {"angle": -45, "axis": "z", "origin": [15.32, -9.4, -1.6]},
			"faces": {
				"north": {"uv": [1, 2, 7, 1], "rotation": 270, "texture": "#0"},
				"east": {"uv": [1, 2, 7, 1], "rotation": 270, "texture": "#0"},
				"south": {"uv": [1, 2, 7, 1], "rotation": 270, "texture": "#0"},
				"west": {"uv": [1, 2, 7, 1], "rotation": 270, "texture": "#0"},
				"up": {"uv": [1, 2, 7, 1], "rotation": 270, "texture": "#0"},
				"down": {"uv": [1, 2, 7, 1], "rotation": 270, "texture": "#0"}
			}
		},
		{
			"from": [18.02, 7.28, 6.8],
			"to": [18.98, 9.32, 8.3],
			"rotation": {"angle": 22.5, "axis": "z", "origin": [15.32, -9.4, -1.6]},
			"faces": {
				"north": {"uv": [7, 1, 1, 2], "texture": "#0"},
				"east": {"uv": [7, 1, 1, 2], "rotation": 180, "texture": "#0"},
				"south": {"uv": [7, 1, 1, 2], "rotation": 180, "texture": "#0"},
				"west": {"uv": [7, 1, 1, 2], "rotation": 180, "texture": "#0"},
				"up": {"uv": [7, 1, 1, 2], "rotation": 180, "texture": "#0"},
				"down": {"uv": [7, 1, 1, 2], "rotation": 180, "texture": "#0"}
			}
		},
		{
			"from": [6.92, 1.4, 6.8],
			"to": [8.72, 2, 8.3],
			"rotation": {"angle": 0, "axis": "z", "origin": [15.32, 21.8, -1.6]},
			"faces": {
				"north": {"uv": [7, 2, 1, 1], "rotation": 270, "texture": "#0"},
				"east": {"uv": [7, 2, 1, 1], "rotation": 270, "texture": "#0"},
				"south": {"uv": [7, 2, 1, 1], "rotation": 270, "texture": "#0"},
				"west": {"uv": [7, 2, 1, 1], "rotation": 270, "texture": "#0"},
				"up": {"uv": [7, 2, 1, 1], "rotation": 270, "texture": "#0"},
				"down": {"uv": [7, 2, 1, 1], "rotation": 270, "texture": "#0"}
			}
		},
		{
			"from": [1.4, 5.48, 6.8],
			"to": [3.32, 6.08, 8.3],
			"rotation": {"angle": 22.5, "axis": "z", "origin": [15.32, 21.8, -1.6]},
			"faces": {
				"north": {"uv": [7, 2, 1, 1], "rotation": 270, "texture": "#0"},
				"east": {"uv": [7, 2, 1, 1], "rotation": 270, "texture": "#0"},
				"south": {"uv": [7, 2, 1, 1], "rotation": 270, "texture": "#0"},
				"west": {"uv": [7, 2, 1, 1], "rotation": 270, "texture": "#0"},
				"up": {"uv": [7, 2, 1, 1], "rotation": 270, "texture": "#0"},
				"down": {"uv": [7, 2, 1, 1], "rotation": 270, "texture": "#0"}
			}
		},
		{
			"from": [-2.56, 11.6, 6.8],
			"to": [-0.52, 12.2, 8.3],
			"rotation": {"angle": 45, "axis": "z", "origin": [15.32, 21.8, -1.6]},
			"faces": {
				"north": {"uv": [7, 2, 1, 1], "rotation": 270, "texture": "#0"},
				"east": {"uv": [7, 2, 1, 1], "rotation": 270, "texture": "#0"},
				"south": {"uv": [7, 2, 1, 1], "rotation": 270, "texture": "#0"},
				"west": {"uv": [7, 2, 1, 1], "rotation": 270, "texture": "#0"},
				"up": {"uv": [7, 2, 1, 1], "rotation": 270, "texture": "#0"},
				"down": {"uv": [7, 2, 1, 1], "rotation": 270, "texture": "#0"}
			}
		},
		{
			"from": [-2.02, 11.3, 6.8],
			"to": [-0.52, 11.9, 8.3],
			"rotation": {"angle": 45, "axis": "z", "origin": [15.32, 21.8, -1.6]},
			"faces": {
				"north": {"uv": [7, 2, 1, 1], "rotation": 270, "texture": "#0"},
				"east": {"uv": [7, 2, 1, 1], "rotation": 270, "texture": "#0"},
				"south": {"uv": [7, 2, 1, 1], "rotation": 270, "texture": "#0"},
				"west": {"uv": [7, 2, 1, 1], "rotation": 270, "texture": "#0"},
				"up": {"uv": [7, 2, 1, 1], "rotation": 270, "texture": "#0"},
				"down": {"uv": [7, 2, 1, 1], "rotation": 270, "texture": "#0"}
			}
		},
		{
			"from": [12.68, 6.32, 6.8],
			"to": [14.6, 6.97, 8.3],
			"rotation": {"angle": 22.5, "axis": "z", "origin": [0.68, -9.4, -1.6]},
			"faces": {
				"north": {"uv": [1, 1, 7, 2], "rotation": 270, "texture": "#0"},
				"east": {"uv": [1, 1, 7, 2], "rotation": 270, "texture": "#0"},
				"south": {"uv": [1, 1, 7, 2], "rotation": 270, "texture": "#0"},
				"west": {"uv": [1, 1, 7, 2], "rotation": 270, "texture": "#0"},
				"up": {"uv": [1, 1, 7, 2], "rotation": 270, "texture": "#0"},
				"down": {"uv": [1, 1, 7, 2], "rotation": 270, "texture": "#0"}
			}
		},
		{
			"from": [16.52, 0.5, 6.8],
			"to": [18.02, 1.1, 8.3],
			"rotation": {"angle": 45, "axis": "z", "origin": [0.68, -9.4, -1.6]},
			"faces": {
				"north": {"uv": [1, 1, 7, 2], "rotation": 270, "texture": "#0"},
				"east": {"uv": [1, 1, 7, 2], "rotation": 270, "texture": "#0"},
				"south": {"uv": [1, 1, 7, 2], "rotation": 270, "texture": "#0"},
				"west": {"uv": [1, 1, 7, 2], "rotation": 270, "texture": "#0"},
				"up": {"uv": [1, 1, 7, 2], "rotation": 270, "texture": "#0"},
				"down": {"uv": [1, 1, 7, 2], "rotation": 270, "texture": "#0"}
			}
		},
		{
			"from": [16.52, 0.2, 6.8],
			"to": [18.56, 0.8, 8.3],
			"rotation": {"angle": 45, "axis": "z", "origin": [0.68, -9.4, -1.6]},
			"faces": {
				"north": {"uv": [1, 1, 7, 2], "rotation": 270, "texture": "#0"},
				"east": {"uv": [1, 1, 7, 2], "rotation": 270, "texture": "#0"},
				"south": {"uv": [1, 1, 7, 2], "rotation": 270, "texture": "#0"},
				"west": {"uv": [1, 1, 7, 2], "rotation": 270, "texture": "#0"},
				"up": {"uv": [1, 1, 7, 2], "rotation": 270, "texture": "#0"},
				"down": {"uv": [1, 1, 7, 2], "rotation": 270, "texture": "#0"}
			}
		},
		{
			"from": [16.52, 11.3, 6.8],
			"to": [18.02, 11.9, 8.3],
			"rotation": {"angle": -45, "axis": "z", "origin": [0.68, 21.8, -1.6]},
			"faces": {
				"north": {"uv": [7, 1, 1, 2], "rotation": 270, "texture": "#0"},
				"east": {"uv": [7, 1, 1, 2], "rotation": 270, "texture": "#0"},
				"south": {"uv": [7, 1, 1, 2], "rotation": 270, "texture": "#0"},
				"west": {"uv": [7, 1, 1, 2], "rotation": 270, "texture": "#0"},
				"up": {"uv": [7, 1, 1, 2], "rotation": 270, "texture": "#0"},
				"down": {"uv": [7, 1, 1, 2], "rotation": 270, "texture": "#0"}
			}
		},
		{
			"from": [12.68, 5.48, 6.8],
			"to": [14.6, 6.08, 8.3],
			"rotation": {"angle": -22.5, "axis": "z", "origin": [0.68, 21.8, -1.6]},
			"faces": {
				"north": {"uv": [7, 1, 1, 2], "rotation": 270, "texture": "#0"},
				"east": {"uv": [7, 1, 1, 2], "rotation": 270, "texture": "#0"},
				"south": {"uv": [7, 1, 1, 2], "rotation": 270, "texture": "#0"},
				"west": {"uv": [7, 1, 1, 2], "rotation": 270, "texture": "#0"},
				"up": {"uv": [7, 1, 1, 2], "rotation": 270, "texture": "#0"},
				"down": {"uv": [7, 1, 1, 2], "rotation": 270, "texture": "#0"}
			}
		},
		{
			"from": [16.52, 11.6, 6.8],
			"to": [18.56, 12.2, 8.3],
			"rotation": {"angle": -45, "axis": "z", "origin": [0.68, 21.8, -1.6]},
			"faces": {
				"north": {"uv": [7, 1, 1, 2], "rotation": 270, "texture": "#0"},
				"east": {"uv": [7, 1, 1, 2], "rotation": 270, "texture": "#0"},
				"south": {"uv": [7, 1, 1, 2], "rotation": 270, "texture": "#0"},
				"west": {"uv": [7, 1, 1, 2], "rotation": 270, "texture": "#0"},
				"up": {"uv": [7, 1, 1, 2], "rotation": 270, "texture": "#0"},
				"down": {"uv": [7, 1, 1, 2], "rotation": 270, "texture": "#0"}
			}
		},
		{
			"from": [18.02, 3.08, 6.8],
			"to": [18.98, 5.12, 8.3],
			"rotation": {"angle": -22.5, "axis": "z", "origin": [15.32, 21.8, -1.6]},
			"faces": {
				"north": {"uv": [7, 2, 1, 1], "texture": "#0"},
				"east": {"uv": [7, 2, 1, 1], "rotation": 180, "texture": "#0"},
				"south": {"uv": [7, 2, 1, 1], "rotation": 180, "texture": "#0"},
				"west": {"uv": [7, 2, 1, 1], "rotation": 180, "texture": "#0"},
				"up": {"uv": [7, 2, 1, 1], "rotation": 180, "texture": "#0"},
				"down": {"uv": [7, 2, 1, 1], "rotation": 180, "texture": "#0"}
			}
		},
		{
			"from": [11.62, 6.08, 6.8],
			"to": [11.98, 6.44, 10.4],
			"rotation": {"angle": 0, "axis": "y", "origin": [15.32, -1, -1.6]},
			"faces": {
				"north": {"uv": [0.5, 0, 0, 0.5], "texture": "#0"},
				"east": {"uv": [0.5, 0, 0, 0.5], "texture": "#0"},
				"south": {"uv": [0.5, 0, 0, 0.5], "texture": "#0"},
				"west": {"uv": [0.5, 0, 0, 0.5], "texture": "#0"},
				"up": {"uv": [0.5, 0, 0, 0.5], "texture": "#0"},
				"down": {"uv": [0.5, 0, 0, 0.5], "texture": "#0"}
			}
		},
		{
			"from": [7.62, 10.48, 6.8],
			"to": [7.98, 10.84, 10.4],
			"rotation": {"angle": 0, "axis": "y", "origin": [15.32, -1, -1.6]},
			"faces": {
				"north": {"uv": [0.5, 0, 0, 0.5], "texture": "#0"},
				"east": {"uv": [0.5, 0, 0, 0.5], "texture": "#0"},
				"south": {"uv": [0.5, 0, 0, 0.5], "texture": "#0"},
				"west": {"uv": [0.5, 0, 0, 0.5], "texture": "#0"},
				"up": {"uv": [0.5, 0, 0, 0.5], "texture": "#0"},
				"down": {"uv": [0.5, 0, 0, 0.5], "texture": "#0"}
			}
		},
		{
			"from": [7.62, 1.56, 6.8],
			"to": [7.98, 1.92, 10.4],
			"rotation": {"angle": 0, "axis": "y", "origin": [15.32, 17, -1.6]},
			"faces": {
				"north": {"uv": [0.5, 0.5, 0, 0], "texture": "#0"},
				"east": {"uv": [0.5, 0.5, 0, 0], "texture": "#0"},
				"south": {"uv": [0.5, 0.5, 0, 0], "texture": "#0"},
				"west": {"uv": [0.5, 0.5, 0, 0], "texture": "#0"},
				"up": {"uv": [0.5, 0.5, 0, 0], "texture": "#0"},
				"down": {"uv": [0.5, 0.5, 0, 0], "texture": "#0"}
			}
		},
		{
			"from": [4.58, 3.44, 6.8],
			"to": [4.94, 3.8, 10.4],
			"rotation": {"angle": 0, "axis": "y", "origin": [15.32, -1, -1.6]},
			"faces": {
				"north": {"uv": [0.5, 0, 0, 0.5], "texture": "#0"},
				"east": {"uv": [0.5, 0, 0, 0.5], "texture": "#0"},
				"south": {"uv": [0.5, 0, 0, 0.5], "texture": "#0"},
				"west": {"uv": [0.5, 0, 0, 0.5], "texture": "#0"},
				"up": {"uv": [0.5, 0, 0, 0.5], "texture": "#0"},
				"down": {"uv": [0.5, 0, 0, 0.5], "texture": "#0"}
			}
		},
		{
			"from": [4.8, 9.32, 6.8],
			"to": [5.16, 9.68, 10.4],
			"rotation": {"angle": 0, "axis": "y", "origin": [15.32, -1, -1.6]},
			"faces": {
				"north": {"uv": [0.5, 0, 0, 0.5], "texture": "#0"},
				"east": {"uv": [0.5, 0, 0, 0.5], "texture": "#0"},
				"south": {"uv": [0.5, 0, 0, 0.5], "texture": "#0"},
				"west": {"uv": [0.5, 0, 0, 0.5], "texture": "#0"},
				"up": {"uv": [0.5, 0, 0, 0.5], "texture": "#0"},
				"down": {"uv": [0.5, 0, 0, 0.5], "texture": "#0"}
			}
		},
		{
			"from": [4.30048, 9.45136, 6.4072],
			"to": [4.56256, 10.25776, 7.9072],
			"rotation": {"angle": 0, "axis": "y", "origin": [-1.6064, 1.468, 2.116]},
			"faces": {
				"north": {"uv": [1, 1, 7, 2], "texture": "#0"},
				"east": {"uv": [1, 1, 7, 2], "texture": "#0"},
				"south": {"uv": [1, 1, 7, 2], "texture": "#0"},
				"west": {"uv": [1, 1, 7, 2], "texture": "#0"},
				"up": {"uv": [1, 1, 7, 2], "texture": "#0"},
				"down": {"uv": [1, 1, 7, 2], "texture": "#0"}
			}
		},
		{
			"from": [7.28416, 5.66704, 6.4072],
			"to": [7.52608, 7.19344, 7.9072],
			"rotation": {"angle": 22.5, "axis": "z", "origin": [-1.6064, 1.468, 2.116]},
			"faces": {
				"north": {"uv": [1, 1, 7, 2], "texture": "#0"},
				"east": {"uv": [1, 1, 7, 2], "texture": "#0"},
				"south": {"uv": [1, 1, 7, 2], "texture": "#0"},
				"west": {"uv": [1, 1, 7, 2], "texture": "#0"},
				"up": {"uv": [1, 1, 7, 2], "texture": "#0"},
				"down": {"uv": [1, 1, 7, 2], "texture": "#0"}
			}
		},
		{
			"from": [8.58016, 2.06704, 6.4072],
			"to": [8.82208, 2.87344, 7.9072],
			"rotation": {"angle": 45, "axis": "z", "origin": [-1.6064, 1.468, 2.116]},
			"faces": {
				"north": {"uv": [1, 1, 7, 2], "texture": "#0"},
				"east": {"uv": [1, 1, 7, 2], "texture": "#0"},
				"south": {"uv": [1, 1, 7, 2], "texture": "#0"},
				"west": {"uv": [1, 1, 7, 2], "texture": "#0"},
				"up": {"uv": [1, 1, 7, 2], "texture": "#0"},
				"down": {"uv": [1, 1, 7, 2], "texture": "#0"}
			}
		},
		{
			"from": [8.58016, 15.26896, 6.4072],
			"to": [8.94016, 16.07536, 7.9072],
			"rotation": {"angle": -45, "axis": "z", "origin": [-1.6064, 16.8184, 2.116]},
			"faces": {
				"north": {"uv": [1, 2, 7, 1], "texture": "#0"},
				"east": {"uv": [1, 2, 7, 1], "texture": "#0"},
				"south": {"uv": [1, 2, 7, 1], "texture": "#0"},
				"west": {"uv": [1, 2, 7, 1], "texture": "#0"},
				"up": {"uv": [1, 2, 7, 1], "texture": "#0"},
				"down": {"uv": [1, 2, 7, 1], "texture": "#0"}
			}
		},
		{
			"from": [7.28416, 11.09296, 6.4072],
			"to": [7.52608, 12.47536, 7.9072],
			"rotation": {"angle": -22.5, "axis": "z", "origin": [-1.6064, 16.8184, 2.116]},
			"faces": {
				"north": {"uv": [1, 2, 7, 1], "texture": "#0"},
				"east": {"uv": [1, 2, 7, 1], "texture": "#0"},
				"south": {"uv": [1, 2, 7, 1], "texture": "#0"},
				"west": {"uv": [1, 2, 7, 1], "texture": "#0"},
				"up": {"uv": [1, 2, 7, 1], "texture": "#0"},
				"down": {"uv": [1, 2, 7, 1], "texture": "#0"}
			}
		},
		{
			"from": [4.30048, 7.99984, 6.4072],
			"to": [4.56256, 8.80624, 7.9072],
			"rotation": {"angle": 0, "axis": "y", "origin": [15.328, 1.468, 2.116]},
			"faces": {
				"north": {"uv": [1, 2, 7, 1], "texture": "#0"},
				"east": {"uv": [1, 2, 7, 1], "texture": "#0"},
				"south": {"uv": [1, 2, 7, 1], "texture": "#0"},
				"west": {"uv": [1, 2, 7, 1], "texture": "#0"},
				"up": {"uv": [1, 2, 7, 1], "texture": "#0"},
				"down": {"uv": [1, 2, 7, 1], "texture": "#0"}
			}
		},
		{
			"from": [4.30048, 8.56432, 6.4072],
			"to": [4.80448, 9.81424, 7.9072],
			"rotation": {"angle": 0, "axis": "y", "origin": [15.328, 1.468, 2.116]},
			"faces": {
				"north": {"uv": [1, 2, 7, 1], "texture": "#0"},
				"east": {"uv": [1, 2, 7, 1], "texture": "#0"},
				"south": {"uv": [1, 2, 7, 1], "texture": "#0"},
				"west": {"uv": [1, 2, 7, 1], "texture": "#0"},
				"up": {"uv": [1, 2, 7, 1], "texture": "#0"},
				"down": {"uv": [1, 2, 7, 1], "texture": "#0"}
			}
		},
		{
			"from": [4.30048, 2.24224, 6.4072],
			"to": [4.56256, 3.04864, 7.9072],
			"rotation": {"angle": 0, "axis": "y", "origin": [-1.6064, 11.032, 2.116]},
			"faces": {
				"north": {"uv": [1, 2, 7, 1], "texture": "#0"},
				"east": {"uv": [1, 2, 7, 1], "texture": "#0"},
				"south": {"uv": [1, 2, 7, 1], "texture": "#0"},
				"west": {"uv": [1, 2, 7, 1], "texture": "#0"},
				"up": {"uv": [1, 2, 7, 1], "texture": "#0"},
				"down": {"uv": [1, 2, 7, 1], "texture": "#0"}
			}
		},
		{
			"from": [7.28416, 5.30656, 6.4072],
			"to": [7.52608, 6.83296, 7.9072],
			"rotation": {"angle": -22.5, "axis": "z", "origin": [-1.6064, 11.032, 2.116]},
			"faces": {
				"north": {"uv": [1, 2, 7, 1], "texture": "#0"},
				"east": {"uv": [1, 2, 7, 1], "texture": "#0"},
				"south": {"uv": [1, 2, 7, 1], "texture": "#0"},
				"west": {"uv": [1, 2, 7, 1], "texture": "#0"},
				"up": {"uv": [1, 2, 7, 1], "texture": "#0"},
				"down": {"uv": [1, 2, 7, 1], "texture": "#0"}
			}
		},
		{
			"from": [8.58016, 9.62656, 6.4072],
			"to": [8.82208, 10.43296, 7.9072],
			"rotation": {"angle": -45, "axis": "z", "origin": [-1.6064, 11.032, 2.116]},
			"faces": {
				"north": {"uv": [1, 2, 7, 1], "texture": "#0"},
				"east": {"uv": [1, 2, 7, 1], "texture": "#0"},
				"south": {"uv": [1, 2, 7, 1], "texture": "#0"},
				"west": {"uv": [1, 2, 7, 1], "texture": "#0"},
				"up": {"uv": [1, 2, 7, 1], "texture": "#0"},
				"down": {"uv": [1, 2, 7, 1], "texture": "#0"}
			}
		},
		{
			"from": [8.58016, -3.57536, 6.4072],
			"to": [8.94016, -2.76896, 7.9072],
			"rotation": {"angle": 45, "axis": "z", "origin": [-1.6064, -4.3184, 2.116]},
			"faces": {
				"north": {"uv": [1, 1, 7, 2], "texture": "#0"},
				"east": {"uv": [1, 1, 7, 2], "texture": "#0"},
				"south": {"uv": [1, 1, 7, 2], "texture": "#0"},
				"west": {"uv": [1, 1, 7, 2], "texture": "#0"},
				"up": {"uv": [1, 1, 7, 2], "texture": "#0"},
				"down": {"uv": [1, 1, 7, 2], "texture": "#0"}
			}
		},
		{
			"from": [7.28416, 0.02464, 6.4072],
			"to": [7.52608, 1.40704, 7.9072],
			"rotation": {"angle": 22.5, "axis": "z", "origin": [-1.6064, -4.3184, 2.116]},
			"faces": {
				"north": {"uv": [1, 1, 7, 2], "texture": "#0"},
				"east": {"uv": [1, 1, 7, 2], "texture": "#0"},
				"south": {"uv": [1, 1, 7, 2], "texture": "#0"},
				"west": {"uv": [1, 1, 7, 2], "texture": "#0"},
				"up": {"uv": [1, 1, 7, 2], "texture": "#0"},
				"down": {"uv": [1, 1, 7, 2], "texture": "#0"}
			}
		},
		{
			"from": [4.30048, 3.69376, 6.4072],
			"to": [4.56256, 4.50016, 7.9072],
			"rotation": {"angle": 0, "axis": "y", "origin": [15.328, 11.032, 2.116]},
			"faces": {
				"north": {"uv": [1, 1, 7, 2], "texture": "#0"},
				"east": {"uv": [1, 1, 7, 2], "texture": "#0"},
				"south": {"uv": [1, 1, 7, 2], "texture": "#0"},
				"west": {"uv": [1, 1, 7, 2], "texture": "#0"},
				"up": {"uv": [1, 1, 7, 2], "texture": "#0"},
				"down": {"uv": [1, 1, 7, 2], "texture": "#0"}
			}
		},
		{
			"from": [4.30048, 2.68576, 6.4072],
			"to": [4.80448, 3.93568, 7.9072],
			"rotation": {"angle": 0, "axis": "y", "origin": [15.328, 11.032, 2.116]},
			"faces": {
				"north": {"uv": [1, 1, 7, 2], "texture": "#0"},
				"east": {"uv": [1, 1, 7, 2], "texture": "#0"},
				"south": {"uv": [1, 1, 7, 2], "texture": "#0"},
				"west": {"uv": [1, 1, 7, 2], "texture": "#0"},
				"up": {"uv": [1, 1, 7, 2], "texture": "#0"},
				"down": {"uv": [1, 1, 7, 2], "texture": "#0"}
			}
		}
	],
	"display": {
		"head": {
			"translation": [-0.25, -20, 8.5],
			"scale": [3.75, 3.5, 3.5]
		}
	},
	"groups": [
		0,
		1,
		2,
		3,
		4,
		5,
		6,
		7,
		8,
		9,
		10,
		11,
		12,
		13,
		14,
		15,
		16,
		{
			"name": "group",
			"origin": [0, 0, 0],
			"color": 0,
			"children": [17, 18, 19, 20, 21]
		},
		{
			"name": "group",
			"origin": [14, -2.18, 1.6],
			"color": 0,
			"children": [22, 23, 24, 25, 26, 27, 28]
		},
		{
			"name": "group",
			"origin": [14, -2.18, 1.6],
			"color": 0,
			"children": [29, 30, 31, 32, 33, 34, 35]
		}
	]
}