{
	"credit": "Made by TeleMinecraft (Storbo)",
	"textures": {
		"0": "block/light_gray_concrete",
		"particle": "block/light_gray_concrete"
	},
	"elements": [
		{
			"from": [13.85, -1.6, 6.5],
			"to": [14.6, 8.25, 8],
			"rotation": {"angle": 22.5, "axis": "z", "origin": [-4, -14.5, -4]},
			"faces": {
				"north": {"uv": [1, 1, 7, 2], "rotation": 270, "texture": "#0"},
				"east": {"uv": [1, 1, 7, 2], "rotation": 270, "texture": "#0"},
				"south": {"uv": [1, 1, 7, 2], "rotation": 270, "texture": "#0"},
				"west": {"uv": [1, 1, 7, 2], "rotation": 270, "texture": "#0"},
				"up": {"uv": [1, 1, 7, 2], "rotation": 270, "texture": "#0"},
				"down": {"uv": [1, 1, 7, 2], "rotation": 270, "texture": "#0"}
			}
		},
		{
			"from": [-1.45, 8.45, 6.5],
			"to": [-0.7, 17.05, 8],
			"rotation": {"angle": -22.5, "axis": "z", "origin": [-4, -14.5, -4]},
			"faces": {
				"north": {"uv": [1, 1, 7, 2], "rotation": 270, "texture": "#0"},
				"east": {"uv": [1, 1, 7, 2], "rotation": 270, "texture": "#0"},
				"south": {"uv": [1, 1, 7, 2], "rotation": 270, "texture": "#0"},
				"west": {"uv": [1, 1, 7, 2], "rotation": 270, "texture": "#0"},
				"up": {"uv": [1, 1, 7, 2], "rotation": 270, "texture": "#0"},
				"down": {"uv": [1, 1, 7, 2], "rotation": 270, "texture": "#0"}
			}
		},
		{
			"from": [-0.7, 7.85, 6.5],
			"to": [0.05, 16.85, 8],
			"rotation": {"angle": -22.5, "axis": "z", "origin": [-4, -14.5, -4]},
			"faces": {
				"north": {"uv": [1, 1, 7, 2], "rotation": 270, "texture": "#0"},
				"east": {"uv": [1, 1, 7, 2], "rotation": 270, "texture": "#0"},
				"south": {"uv": [1, 1, 7, 2], "rotation": 270, "texture": "#0"},
				"west": {"uv": [1, 1, 7, 2], "rotation": 270, "texture": "#0"},
				"up": {"uv": [1, 1, 7, 2], "rotation": 270, "texture": "#0"},
				"down": {"uv": [1, 1, 7, 2], "rotation": 270, "texture": "#0"}
			}
		},
		{
			"from": [11.6, 13.25, 6.5],
			"to": [13.1, 13.7, 8],
			"rotation": {"angle": 0, "axis": "z", "origin": [-4.75, -12.4, -4]},
			"faces": {
				"north": {"uv": [1, 1, 7, 2], "rotation": 270, "texture": "#0"},
				"east": {"uv": [1, 1, 7, 2], "rotation": 270, "texture": "#0"},
				"south": {"uv": [1, 1, 7, 2], "rotation": 270, "texture": "#0"},
				"west": {"uv": [1, 1, 7, 2], "rotation": 270, "texture": "#0"},
				"up": {"uv": [1, 1, 7, 2], "rotation": 270, "texture": "#0"},
				"down": {"uv": [1, 1, 7, 2], "rotation": 270, "texture": "#0"}
			}
		},
		{
			"from": [19.85, 4.55, 6.5],
			"to": [21.35, 5, 8],
			"rotation": {"angle": 22.5, "axis": "z", "origin": [-4.75, -12.4, -4]},
			"faces": {
				"north": {"uv": [1, 1, 7, 2], "rotation": 270, "texture": "#0"},
				"east": {"uv": [1, 1, 7, 2], "rotation": 270, "texture": "#0"},
				"south": {"uv": [1, 1, 7, 2], "rotation": 270, "texture": "#0"},
				"west": {"uv": [1, 1, 7, 2], "rotation": 270, "texture": "#0"},
				"up": {"uv": [1, 1, 7, 2], "rotation": 270, "texture": "#0"},
				"down": {"uv": [1, 1, 7, 2], "rotation": 270, "texture": "#0"}
			}
		},
		{
			"from": [10.45, 12.8, 6.5],
			"to": [11.6, 13.7, 8],
			"rotation": {"angle": 0, "axis": "z", "origin": [26.75, -12.4, -4]},
			"faces": {
				"north": {"uv": [1, 2, 7, 1], "rotation": 270, "texture": "#0"},
				"east": {"uv": [1, 2, 7, 1], "rotation": 270, "texture": "#0"},
				"south": {"uv": [1, 2, 7, 1], "rotation": 270, "texture": "#0"},
				"west": {"uv": [1, 2, 7, 1], "rotation": 270, "texture": "#0"},
				"up": {"uv": [1, 2, 7, 1], "rotation": 270, "texture": "#0"},
				"down": {"uv": [1, 2, 7, 1], "rotation": 270, "texture": "#0"}
			}
		},
		{
			"from": [3.26, 12.89, 6.5],
			"to": [4.47, 13.64, 8],
			"rotation": {"angle": 0, "axis": "z", "origin": [17, -7.27, -1.6]},
			"faces": {
				"north": {"uv": [1, 2, 7, 1], "rotation": 270, "texture": "#0"},
				"east": {"uv": [1, 2, 7, 1], "rotation": 270, "texture": "#0"},
				"south": {"uv": [1, 2, 7, 1], "rotation": 270, "texture": "#0"},
				"west": {"uv": [1, 2, 7, 1], "rotation": 270, "texture": "#0"},
				"up": {"uv": [1, 2, 7, 1], "rotation": 270, "texture": "#0"},
				"down": {"uv": [1, 2, 7, 1], "rotation": 270, "texture": "#0"}
			}
		},
		{
			"from": [7.55, 5.45, 6.5],
			"to": [8.3, 6.2, 11],
			"rotation": {"angle": 0, "axis": "y", "origin": [-4, -4, -4]},
			"faces": {
				"north": {"uv": [0, 0, 0.5, 0.5], "texture": "#0"},
				"east": {"uv": [0, 0, 0.5, 0.5], "texture": "#0"},
				"south": {"uv": [0, 0, 0.5, 0.5], "texture": "#0"},
				"west": {"uv": [0, 0, 0.5, 0.5], "texture": "#0"},
				"up": {"uv": [0, 0, 0.5, 0.5], "texture": "#0"},
				"down": {"uv": [0, 0, 0.5, 0.5], "texture": "#0"}
			}
		},
		{
			"from": [10.55, 12.725, 6.5],
			"to": [11.3, 13.475, 11],
			"rotation": {"angle": 0, "axis": "y", "origin": [-4, -4, -4]},
			"faces": {
				"north": {"uv": [0, 0, 0.5, 0.5], "texture": "#0"},
				"east": {"uv": [0, 0, 0.5, 0.5], "texture": "#0"},
				"south": {"uv": [0, 0, 0.5, 0.5], "texture": "#0"},
				"west": {"uv": [0, 0, 0.5, 0.5], "texture": "#0"},
				"up": {"uv": [0, 0, 0.5, 0.5], "texture": "#0"},
				"down": {"uv": [0, 0, 0.5, 0.5], "texture": "#0"}
			}
		},
		{
			"from": [4.1, 12.725, 6.5],
			"to": [4.85, 13.475, 11],
			"rotation": {"angle": 0, "axis": "y", "origin": [-4, -4, -4]},
			"faces": {
				"north": {"uv": [0, 0, 0.5, 0.5], "texture": "#0"},
				"east": {"uv": [0, 0, 0.5, 0.5], "texture": "#0"},
				"south": {"uv": [0, 0, 0.5, 0.5], "texture": "#0"},
				"west": {"uv": [0, 0, 0.5, 0.5], "texture": "#0"},
				"up": {"uv": [0, 0, 0.5, 0.5], "texture": "#0"},
				"down": {"uv": [0, 0, 0.5, 0.5], "texture": "#0"}
			}
		},
		{
			"from": [11.58, 4, 6.5],
			"to": [12.78, 4.36, 8],
			"rotation": {"angle": 0, "axis": "y", "origin": [-1.5, 24.88, -1.6]},
			"faces": {
				"north": {"uv": [7, 1, 1, 2], "rotation": 270, "texture": "#0"},
				"east": {"uv": [7, 1, 1, 2], "rotation": 270, "texture": "#0"},
				"south": {"uv": [7, 1, 1, 2], "rotation": 270, "texture": "#0"},
				"west": {"uv": [7, 1, 1, 2], "rotation": 270, "texture": "#0"},
				"up": {"uv": [7, 1, 1, 2], "rotation": 270, "texture": "#0"},
				"down": {"uv": [7, 1, 1, 2], "rotation": 270, "texture": "#0"}
			}
		},
		{
			"from": [18.18, 10.96, 6.5],
			"to": [19.38, 11.32, 8],
			"rotation": {"angle": -22.5, "axis": "z", "origin": [-1.5, 24.88, -1.6]},
			"faces": {
				"north": {"uv": [7, 1, 1, 2], "rotation": 270, "texture": "#0"},
				"east": {"uv": [7, 1, 1, 2], "rotation": 270, "texture": "#0"},
				"south": {"uv": [7, 1, 1, 2], "rotation": 270, "texture": "#0"},
				"west": {"uv": [7, 1, 1, 2], "rotation": 270, "texture": "#0"},
				"up": {"uv": [7, 1, 1, 2], "rotation": 270, "texture": "#0"},
				"down": {"uv": [7, 1, 1, 2], "rotation": 270, "texture": "#0"}
			}
		},
		{
			"from": [3.72, 10.96, 6.5],
			"to": [4.92, 11.32, 8],
			"rotation": {"angle": 22.5, "axis": "z", "origin": [24.6, 24.88, -1.6]},
			"faces": {
				"north": {"uv": [7, 2, 1, 1], "rotation": 270, "texture": "#0"},
				"east": {"uv": [7, 2, 1, 1], "rotation": 270, "texture": "#0"},
				"south": {"uv": [7, 2, 1, 1], "rotation": 270, "texture": "#0"},
				"west": {"uv": [7, 2, 1, 1], "rotation": 270, "texture": "#0"},
				"up": {"uv": [7, 2, 1, 1], "rotation": 270, "texture": "#0"},
				"down": {"uv": [7, 2, 1, 1], "rotation": 270, "texture": "#0"}
			}
		},
		{
			"from": [10.32, 4, 6.5],
			"to": [11.52, 4.36, 8],
			"rotation": {"angle": 0, "axis": "y", "origin": [24.6, 24.88, -1.6]},
			"faces": {
				"north": {"uv": [7, 2, 1, 1], "rotation": 270, "texture": "#0"},
				"east": {"uv": [7, 2, 1, 1], "rotation": 270, "texture": "#0"},
				"south": {"uv": [7, 2, 1, 1], "rotation": 270, "texture": "#0"},
				"west": {"uv": [7, 2, 1, 1], "rotation": 270, "texture": "#0"},
				"up": {"uv": [7, 2, 1, 1], "rotation": 270, "texture": "#0"},
				"down": {"uv": [7, 2, 1, 1], "rotation": 270, "texture": "#0"}
			}
		},
		{
			"from": [11.3, 4, 6.5],
			"to": [12, 13, 8],
			"rotation": {"angle": 0, "axis": "y", "origin": [-3, -12.5, -4]},
			"faces": {
				"north": {"uv": [1, 1, 7, 2], "rotation": 270, "texture": "#0"},
				"east": {"uv": [1, 1, 7, 2], "rotation": 270, "texture": "#0"},
				"south": {"uv": [1, 1, 7, 2], "rotation": 270, "texture": "#0"},
				"west": {"uv": [1, 1, 7, 2], "rotation": 270, "texture": "#0"},
				"up": {"uv": [1, 1, 7, 2], "rotation": 270, "texture": "#0"},
				"down": {"uv": [1, 1, 7, 2], "rotation": 270, "texture": "#0"}
			}
		},
		{
			"from": [2.35, 4, 6.5],
			"to": [3.85, 4.45, 8],
			"rotation": {"angle": 0, "axis": "y", "origin": [20.2, 30.1, -4]},
			"faces": {
				"north": {"uv": [7, 2, 1, 1], "rotation": 270, "texture": "#0"},
				"east": {"uv": [7, 2, 1, 1], "rotation": 270, "texture": "#0"},
				"south": {"uv": [7, 2, 1, 1], "rotation": 270, "texture": "#0"},
				"west": {"uv": [7, 2, 1, 1], "rotation": 270, "texture": "#0"},
				"up": {"uv": [7, 2, 1, 1], "rotation": 270, "texture": "#0"},
				"down": {"uv": [7, 2, 1, 1], "rotation": 270, "texture": "#0"}
			}
		},
		{
			"from": [-5.9, 12.7, 6.5],
			"to": [-4.4, 13.15, 8],
			"rotation": {"angle": 22.5, "axis": "z", "origin": [20.2, 30.1, -4]},
			"faces": {
				"north": {"uv": [7, 2, 1, 1], "rotation": 270, "texture": "#0"},
				"east": {"uv": [7, 2, 1, 1], "rotation": 270, "texture": "#0"},
				"south": {"uv": [7, 2, 1, 1], "rotation": 270, "texture": "#0"},
				"west": {"uv": [7, 2, 1, 1], "rotation": 270, "texture": "#0"},
				"up": {"uv": [7, 2, 1, 1], "rotation": 270, "texture": "#0"},
				"down": {"uv": [7, 2, 1, 1], "rotation": 270, "texture": "#0"}
			}
		},
		{
			"from": [-5.9, 4.45, 6.5],
			"to": [-4.4, 4.9, 8],
			"rotation": {"angle": -22.5, "axis": "z", "origin": [20.2, -12.5, -4]},
			"faces": {
				"north": {"uv": [1, 2, 7, 1], "rotation": 270, "texture": "#0"},
				"east": {"uv": [1, 2, 7, 1], "rotation": 270, "texture": "#0"},
				"south": {"uv": [1, 2, 7, 1], "rotation": 270, "texture": "#0"},
				"west": {"uv": [1, 2, 7, 1], "rotation": 270, "texture": "#0"},
				"up": {"uv": [1, 2, 7, 1], "rotation": 270, "texture": "#0"},
				"down": {"uv": [1, 2, 7, 1], "rotation": 270, "texture": "#0"}
			}
		},
		{
			"from": [2.35, 13.15, 6.5],
			"to": [3.85, 13.6, 8],
			"rotation": {"angle": 0, "axis": "y", "origin": [20.2, -12.5, -4]},
			"faces": {
				"north": {"uv": [1, 2, 7, 1], "rotation": 270, "texture": "#0"},
				"east": {"uv": [1, 2, 7, 1], "rotation": 270, "texture": "#0"},
				"south": {"uv": [1, 2, 7, 1], "rotation": 270, "texture": "#0"},
				"west": {"uv": [1, 2, 7, 1], "rotation": 270, "texture": "#0"},
				"up": {"uv": [1, 2, 7, 1], "rotation": 270, "texture": "#0"},
				"down": {"uv": [1, 2, 7, 1], "rotation": 270, "texture": "#0"}
			}
		},
		{
			"from": [12.4, 12.7, 6.5],
			"to": [13.9, 13.15, 8],
			"rotation": {"angle": -22.5, "axis": "z", "origin": [-12.2, 30.1, -4]},
			"faces": {
				"north": {"uv": [7, 1, 1, 2], "rotation": 270, "texture": "#0"},
				"east": {"uv": [7, 1, 1, 2], "rotation": 270, "texture": "#0"},
				"south": {"uv": [7, 1, 1, 2], "rotation": 270, "texture": "#0"},
				"west": {"uv": [7, 1, 1, 2], "rotation": 270, "texture": "#0"},
				"up": {"uv": [7, 1, 1, 2], "rotation": 270, "texture": "#0"},
				"down": {"uv": [7, 1, 1, 2], "rotation": 270, "texture": "#0"}
			}
		},
		{
			"from": [4.15, 4, 6.5],
			"to": [5.65, 4.45, 8],
			"rotation": {"angle": 0, "axis": "y", "origin": [-12.2, 30.1, -4]},
			"faces": {
				"north": {"uv": [7, 1, 1, 2], "rotation": 270, "texture": "#0"},
				"east": {"uv": [7, 1, 1, 2], "rotation": 270, "texture": "#0"},
				"south": {"uv": [7, 1, 1, 2], "rotation": 270, "texture": "#0"},
				"west": {"uv": [7, 1, 1, 2], "rotation": 270, "texture": "#0"},
				"up": {"uv": [7, 1, 1, 2], "rotation": 270, "texture": "#0"},
				"down": {"uv": [7, 1, 1, 2], "rotation": 270, "texture": "#0"}
			}
		},
		{
			"from": [3.2, 4, 6.5],
			"to": [4.5, 13, 8],
			"rotation": {"angle": 0, "axis": "y", "origin": [18.2, -12.5, -4]},
			"faces": {
				"north": {"uv": [1, 2, 7, 1], "rotation": 270, "texture": "#0"},
				"east": {"uv": [1, 2, 7, 1], "rotation": 270, "texture": "#0"},
				"south": {"uv": [1, 2, 7, 1], "rotation": 270, "texture": "#0"},
				"west": {"uv": [1, 2, 7, 1], "rotation": 270, "texture": "#0"},
				"up": {"uv": [1, 2, 7, 1], "rotation": 270, "texture": "#0"},
				"down": {"uv": [1, 2, 7, 1], "rotation": 270, "texture": "#0"}
			}
		}
	],
	"display": {
		"head": {
			"translation": [0, -29.5, 9.5],
			"scale": [3.48, 3.5, 3.5]
		}
	},
	"groups": [
		0,
		1,
		2,
		3,
		4,
		5,
		6,
		{
			"name": "group",
			"origin": [0, 0, 0],
			"color": 0,
			"children": [7, 8, 9]
		},
		10,
		11,
		12,
		13,
		14,
		15,
		16,
		17,
		18,
		19,
		20,
		21
	]
}