{
	"credit": "Made by TeleMinecraft (Storbo)",
	"textures": {
		"0": "item/logos_simbolos/logo_usm",
		"1": "block/light_gray_concrete",
		"particle": "item/logos_simbolos/logo_usm"
	},
	"elements": [
		{
			"from": [1.3, 2.7, 11.12],
			"to": [14.9, 13.1, 11.12],
			"rotation": {"angle": 0, "axis": "y", "origin": [2.1, -3.7, 9.4]},
			"faces": {
				"north": {"uv": [0, 0, 16, 16], "texture": "#0"},
				"east": {"uv": [0, 0, 1, 13], "texture": "#missing"},
				"south": {"uv": [0, 0, 16, 16], "texture": "#0"},
				"west": {"uv": [0, 0, 1, 13], "texture": "#missing"},
				"up": {"uv": [0, 0, 8, 1], "texture": "#missing"},
				"down": {"uv": [0, 0, 8, 1], "texture": "#missing"}
			}
		},
		{
			"from": [1.38, 3.66, 11.2],
			"to": [2.26, 4.78, 11.7],
			"rotation": {"angle": 0, "axis": "y", "origin": [2.1, -3.7, 9.4]},
			"faces": {
				"north": {"uv": [0, 0, 0, 0], "texture": "#1"},
				"east": {"uv": [0, 0, 0, 0], "texture": "#1"},
				"south": {"uv": [0, 0, 0, 0], "texture": "#1"},
				"west": {"uv": [0, 0, 0, 0], "texture": "#1"},
				"up": {"uv": [0, 0, 0, 0], "texture": "#1"},
				"down": {"uv": [0, 0, 0, 0], "texture": "#1"}
			}
		},
		{
			"from": [13.78, 3.66, 11.2],
			"to": [14.66, 4.78, 11.7],
			"rotation": {"angle": 0, "axis": "y", "origin": [2.1, -3.7, 9.4]},
			"faces": {
				"north": {"uv": [0, 0, 0, 0], "texture": "#1"},
				"east": {"uv": [0, 0, 0, 0], "texture": "#1"},
				"south": {"uv": [0, 0, 0, 0], "texture": "#1"},
				"west": {"uv": [0, 0, 0, 0], "texture": "#1"},
				"up": {"uv": [0, 0, 0, 0], "texture": "#1"},
				"down": {"uv": [0, 0, 0, 0], "texture": "#1"}
			}
		},
		{
			"from": [7.3, 4.78, 11.2],
			"to": [8.9, 5.74, 11.7],
			"rotation": {"angle": 0, "axis": "y", "origin": [2.1, -3.7, 9.4]},
			"faces": {
				"north": {"uv": [0, 0, 0, 0], "texture": "#1"},
				"east": {"uv": [0, 0, 0, 0], "texture": "#1"},
				"south": {"uv": [0, 0, 0, 0], "texture": "#1"},
				"west": {"uv": [0, 0, 0, 0], "texture": "#1"},
				"up": {"uv": [0, 0, 0, 0], "texture": "#1"},
				"down": {"uv": [0, 0, 0, 0], "texture": "#1"}
			}
		},
		{
			"from": [2.1, 4.3, 11.2],
			"to": [7.54, 5.26, 11.7],
			"rotation": {"angle": 0, "axis": "y", "origin": [2.1, -3.7, 9.4]},
			"faces": {
				"north": {"uv": [0, 0, 0.8, 0], "texture": "#1"},
				"east": {"uv": [0, 0, 0.8, 0], "texture": "#1"},
				"south": {"uv": [0, 0, 0.8, 0], "texture": "#1"},
				"west": {"uv": [0, 0, 0.8, 0], "texture": "#1"},
				"up": {"uv": [0, 0, 0.8, 0], "texture": "#1"},
				"down": {"uv": [0, 0, 0.8, 0], "texture": "#1"}
			}
		},
		{
			"from": [8.5, 4.3, 11.2],
			"to": [13.94, 5.26, 11.7],
			"rotation": {"angle": 0, "axis": "y", "origin": [2.1, -3.7, 9.4]},
			"faces": {
				"north": {"uv": [0, 0, 0.8, 0], "texture": "#1"},
				"east": {"uv": [0, 0, 0.8, 0], "texture": "#1"},
				"south": {"uv": [0, 0, 0.8, 0], "texture": "#1"},
				"west": {"uv": [0, 0, 0.8, 0], "texture": "#1"},
				"up": {"uv": [0, 0, 0.8, 0], "texture": "#1"},
				"down": {"uv": [0, 0, 0.8, 0], "texture": "#1"}
			}
		},
		{
			"from": [2.18, 6.78, 11.2],
			"to": [7.62, 11.98, 11.7],
			"rotation": {"angle": 0, "axis": "y", "origin": [2.1, -3.7, 9.4]},
			"faces": {
				"north": {"uv": [0, 0, 0.8, 0.5], "texture": "#1"},
				"east": {"uv": [0, 0, 0.8, 0.5], "texture": "#1"},
				"south": {"uv": [0, 0, 0.8, 0.5], "texture": "#1"},
				"west": {"uv": [0, 0, 0.8, 0.5], "texture": "#1"},
				"up": {"uv": [0, 0, 0.8, 0.5], "texture": "#1"},
				"down": {"uv": [0, 0, 0.8, 0.5], "texture": "#1"}
			}
		},
		{
			"from": [1.98, 11.68, 11.2],
			"to": [7.82, 11.98, 11.7],
			"rotation": {"angle": 0, "axis": "y", "origin": [2.1, -3.7, 9.4]},
			"faces": {
				"north": {"uv": [0, 0, 0.8, 0.5], "texture": "#1"},
				"east": {"uv": [0, 0, 0.8, 0.5], "texture": "#1"},
				"south": {"uv": [0, 0, 0.8, 0.5], "texture": "#1"},
				"west": {"uv": [0, 0, 0.8, 0.5], "texture": "#1"},
				"up": {"uv": [0, 0, 0.8, 0.5], "texture": "#1"},
				"down": {"uv": [0, 0, 0.8, 0.5], "texture": "#1"}
			}
		},
		{
			"from": [8.38, 11.68, 11.2],
			"to": [14.22, 11.98, 11.7],
			"rotation": {"angle": 0, "axis": "y", "origin": [2.1, -3.7, 9.4]},
			"faces": {
				"north": {"uv": [0, 0, 0.8, 0.5], "texture": "#1"},
				"east": {"uv": [0, 0, 0.8, 0.5], "texture": "#1"},
				"south": {"uv": [0, 0, 0.8, 0.5], "texture": "#1"},
				"west": {"uv": [0, 0, 0.8, 0.5], "texture": "#1"},
				"up": {"uv": [0, 0, 0.8, 0.5], "texture": "#1"},
				"down": {"uv": [0, 0, 0.8, 0.5], "texture": "#1"}
			}
		},
		{
			"from": [8.58, 6.78, 11.2],
			"to": [14.02, 11.98, 11.7],
			"rotation": {"angle": 0, "axis": "y", "origin": [2.1, -3.7, 9.4]},
			"faces": {
				"north": {"uv": [0, 0, 0.8, 0.5], "texture": "#1"},
				"east": {"uv": [0, 0, 0.8, 0.5], "texture": "#1"},
				"south": {"uv": [0, 0, 0.8, 0.5], "texture": "#1"},
				"west": {"uv": [0, 0, 0.8, 0.5], "texture": "#1"},
				"up": {"uv": [0, 0, 0.8, 0.5], "texture": "#1"},
				"down": {"uv": [0, 0, 0.8, 0.5], "texture": "#1"}
			}
		},
		{
			"from": [2.98, 6.06, 11.2],
			"to": [6.82, 6.78, 11.7],
			"rotation": {"angle": 0, "axis": "y", "origin": [2.1, -3.7, 9.4]},
			"faces": {
				"north": {"uv": [0, 0, 0, 0], "texture": "#1"},
				"east": {"uv": [0, 0, 0, 0], "texture": "#1"},
				"south": {"uv": [0, 0, 0, 0], "texture": "#1"},
				"west": {"uv": [0, 0, 0, 0], "texture": "#1"},
				"up": {"uv": [0, 0, 0, 0], "texture": "#1"},
				"down": {"uv": [0, 0, 0, 0], "texture": "#1"}
			}
		},
		{
			"from": [2.34, 7.66, 11.2],
			"to": [3.14, 8.22, 11.7],
			"rotation": {"angle": -22.5, "axis": "z", "origin": [2.1, -3.7, 9.4]},
			"faces": {
				"north": {"uv": [0, 0, 0, 0], "rotation": 270, "texture": "#1"},
				"east": {"uv": [0, 0, 0, 0], "rotation": 270, "texture": "#1"},
				"south": {"uv": [0, 0, 0, 0], "rotation": 270, "texture": "#1"},
				"west": {"uv": [0, 0, 0, 0], "rotation": 270, "texture": "#1"},
				"up": {"uv": [0, 0, 0, 0], "rotation": 270, "texture": "#1"},
				"down": {"uv": [0, 0, 0, 0], "rotation": 270, "texture": "#1"}
			}
		},
		{
			"from": [-2.14, 6.78, 11.2],
			"to": [-1.3, 7.18, 11.7],
			"rotation": {"angle": -45, "axis": "z", "origin": [2.1, -3.7, 9.4]},
			"faces": {
				"north": {"uv": [0, 0, 0, 0], "rotation": 270, "texture": "#1"},
				"east": {"uv": [0, 0, 0, 0], "rotation": 270, "texture": "#1"},
				"south": {"uv": [0, 0, 0, 0], "rotation": 270, "texture": "#1"},
				"west": {"uv": [0, 0, 0, 0], "rotation": 270, "texture": "#1"},
				"up": {"uv": [0, 0, 0, 0], "rotation": 270, "texture": "#1"},
				"down": {"uv": [0, 0, 0, 0], "rotation": 270, "texture": "#1"}
			}
		},
		{
			"from": [10.18, 3.5, 11.2],
			"to": [10.58, 4.3, 11.7],
			"rotation": {"angle": 22.5, "axis": "z", "origin": [2.1, -3.7, 9.4]},
			"faces": {
				"north": {"uv": [0, 0, 0, 0], "texture": "#1"},
				"east": {"uv": [0, 0, 0, 0], "texture": "#1"},
				"south": {"uv": [0, 0, 0, 0], "texture": "#1"},
				"west": {"uv": [0, 0, 0, 0], "texture": "#1"},
				"up": {"uv": [0, 0, 0, 0], "texture": "#1"},
				"down": {"uv": [0, 0, 0, 0], "texture": "#1"}
			}
		},
		{
			"from": [16.58, 3.5, 11.2],
			"to": [16.98, 4.3, 11.7],
			"rotation": {"angle": 22.5, "axis": "z", "origin": [8.5, -3.7, 9.4]},
			"faces": {
				"north": {"uv": [0, 0, 0, 0], "texture": "#1"},
				"east": {"uv": [0, 0, 0, 0], "texture": "#1"},
				"south": {"uv": [0, 0, 0, 0], "texture": "#1"},
				"west": {"uv": [0, 0, 0, 0], "texture": "#1"},
				"up": {"uv": [0, 0, 0, 0], "texture": "#1"},
				"down": {"uv": [0, 0, 0, 0], "texture": "#1"}
			}
		},
		{
			"from": [4.26, 6.78, 11.2],
			"to": [5.1, 7.18, 11.7],
			"rotation": {"angle": -45, "axis": "z", "origin": [8.5, -3.7, 9.4]},
			"faces": {
				"north": {"uv": [0, 0, 0, 0], "rotation": 270, "texture": "#1"},
				"east": {"uv": [0, 0, 0, 0], "rotation": 270, "texture": "#1"},
				"south": {"uv": [0, 0, 0, 0], "rotation": 270, "texture": "#1"},
				"west": {"uv": [0, 0, 0, 0], "rotation": 270, "texture": "#1"},
				"up": {"uv": [0, 0, 0, 0], "rotation": 270, "texture": "#1"},
				"down": {"uv": [0, 0, 0, 0], "rotation": 270, "texture": "#1"}
			}
		},
		{
			"from": [8.74, 7.66, 11.2],
			"to": [9.54, 8.22, 11.7],
			"rotation": {"angle": -22.5, "axis": "z", "origin": [8.5, -3.7, 9.4]},
			"faces": {
				"north": {"uv": [0, 0, 0, 0], "rotation": 270, "texture": "#1"},
				"east": {"uv": [0, 0, 0, 0], "rotation": 270, "texture": "#1"},
				"south": {"uv": [0, 0, 0, 0], "rotation": 270, "texture": "#1"},
				"west": {"uv": [0, 0, 0, 0], "rotation": 270, "texture": "#1"},
				"up": {"uv": [0, 0, 0, 0], "rotation": 270, "texture": "#1"},
				"down": {"uv": [0, 0, 0, 0], "rotation": 270, "texture": "#1"}
			}
		},
		{
			"from": [-0.78, 3.5, 11.2],
			"to": [-0.38, 4.3, 11.7],
			"rotation": {"angle": -22.5, "axis": "z", "origin": [7.7, -3.7, 9.4]},
			"faces": {
				"north": {"uv": [0.5, 0, 0, 0], "texture": "#1"},
				"east": {"uv": [0.5, 0, 0, 0], "texture": "#1"},
				"south": {"uv": [0.5, 0, 0, 0], "texture": "#1"},
				"west": {"uv": [0.5, 0, 0, 0], "texture": "#1"},
				"up": {"uv": [0.5, 0, 0, 0], "texture": "#1"},
				"down": {"uv": [0.5, 0, 0, 0], "texture": "#1"}
			}
		},
		{
			"from": [11.1, 6.78, 11.2],
			"to": [11.94, 7.18, 11.7],
			"rotation": {"angle": 45, "axis": "z", "origin": [7.7, -3.7, 9.4]},
			"faces": {
				"north": {"uv": [0, 1.05, 0, 0], "rotation": 270, "texture": "#1"},
				"east": {"uv": [0, 1.05, 0, 0], "rotation": 270, "texture": "#1"},
				"south": {"uv": [0, 1.05, 0, 0], "rotation": 270, "texture": "#1"},
				"west": {"uv": [0, 1.05, 0, 0], "rotation": 270, "texture": "#1"},
				"up": {"uv": [0, 1.05, 0, 0], "rotation": 270, "texture": "#1"},
				"down": {"uv": [0, 1.05, 0, 0], "rotation": 270, "texture": "#1"}
			}
		},
		{
			"from": [6.66, 7.66, 11.2],
			"to": [7.46, 8.22, 11.7],
			"rotation": {"angle": 22.5, "axis": "z", "origin": [7.7, -3.7, 9.4]},
			"faces": {
				"north": {"uv": [0, 1, 0, 0], "rotation": 270, "texture": "#1"},
				"east": {"uv": [0, 1, 0, 0], "rotation": 270, "texture": "#1"},
				"south": {"uv": [0, 1, 0, 0], "rotation": 270, "texture": "#1"},
				"west": {"uv": [0, 1, 0, 0], "rotation": 270, "texture": "#1"},
				"up": {"uv": [0, 1, 0, 0], "rotation": 270, "texture": "#1"},
				"down": {"uv": [0, 1, 0, 0], "rotation": 270, "texture": "#1"}
			}
		},
		{
			"from": [5.62, 3.5, 11.2],
			"to": [6.02, 4.3, 11.7],
			"rotation": {"angle": -22.5, "axis": "z", "origin": [14.1, -3.7, 9.4]},
			"faces": {
				"north": {"uv": [0.5, 0, 0, 0], "texture": "#1"},
				"east": {"uv": [0.5, 0, 0, 0], "texture": "#1"},
				"south": {"uv": [0.5, 0, 0, 0], "texture": "#1"},
				"west": {"uv": [0.5, 0, 0, 0], "texture": "#1"},
				"up": {"uv": [0.5, 0, 0, 0], "texture": "#1"},
				"down": {"uv": [0.5, 0, 0, 0], "texture": "#1"}
			}
		},
		{
			"from": [17.5, 6.78, 11.2],
			"to": [18.34, 7.18, 11.7],
			"rotation": {"angle": 45, "axis": "z", "origin": [14.1, -3.7, 9.4]},
			"faces": {
				"north": {"uv": [0, 1.05, 0, 0], "rotation": 270, "texture": "#1"},
				"east": {"uv": [0, 1.05, 0, 0], "rotation": 270, "texture": "#1"},
				"south": {"uv": [0, 1.05, 0, 0], "rotation": 270, "texture": "#1"},
				"west": {"uv": [0, 1.05, 0, 0], "rotation": 270, "texture": "#1"},
				"up": {"uv": [0, 1.05, 0, 0], "rotation": 270, "texture": "#1"},
				"down": {"uv": [0, 1.05, 0, 0], "rotation": 270, "texture": "#1"}
			}
		},
		{
			"from": [13.06, 7.66, 11.2],
			"to": [13.86, 8.22, 11.7],
			"rotation": {"angle": 22.5, "axis": "z", "origin": [14.1, -3.7, 9.4]},
			"faces": {
				"north": {"uv": [0, 1, 0, 0], "rotation": 270, "texture": "#1"},
				"east": {"uv": [0, 1, 0, 0], "rotation": 270, "texture": "#1"},
				"south": {"uv": [0, 1, 0, 0], "rotation": 270, "texture": "#1"},
				"west": {"uv": [0, 1, 0, 0], "rotation": 270, "texture": "#1"},
				"up": {"uv": [0, 1, 0, 0], "rotation": 270, "texture": "#1"},
				"down": {"uv": [0, 1, 0, 0], "rotation": 270, "texture": "#1"}
			}
		},
		{
			"from": [9.38, 6.06, 11.2],
			"to": [13.22, 6.78, 11.7],
			"rotation": {"angle": 0, "axis": "y", "origin": [2.1, -3.7, 9.4]},
			"faces": {
				"north": {"uv": [0, 0, 0, 0], "texture": "#1"},
				"east": {"uv": [0, 0, 0, 0], "texture": "#1"},
				"south": {"uv": [0, 0, 0, 0], "texture": "#1"},
				"west": {"uv": [0, 0, 0, 0], "texture": "#1"},
				"up": {"uv": [0, 0, 0, 0], "texture": "#1"},
				"down": {"uv": [0, 0, 0, 0], "texture": "#1"}
			}
		},
		{
			"from": [15.3, -3.62, 11.2],
			"to": [15.94, -2.9, 11.7],
			"rotation": {"angle": 45, "axis": "z", "origin": [2.1, -3.7, 9.4]},
			"faces": {
				"north": {"uv": [0, 0, 0, 0], "texture": "#1"},
				"east": {"uv": [0, 0, 0, 0], "texture": "#1"},
				"south": {"uv": [0, 0, 0, 0], "texture": "#1"},
				"west": {"uv": [0, 0, 0, 0], "texture": "#1"},
				"up": {"uv": [0, 0, 0, 0], "texture": "#1"},
				"down": {"uv": [0, 0, 0, 0], "texture": "#1"}
			}
		},
		{
			"from": [13, 11, 11.7],
			"to": [13.5, 11.5, 14.2],
			"rotation": {"angle": 0, "axis": "z", "origin": [2.1, -3.7, 9.4]},
			"faces": {
				"north": {"uv": [0, 0, 0, 0], "rotation": 90, "texture": "#1"},
				"east": {"uv": [0, 0, 0, 0], "rotation": 270, "texture": "#1"},
				"south": {"uv": [0, 0, 0, 0], "rotation": 270, "texture": "#1"},
				"west": {"uv": [0, 0, 0, 0], "rotation": 270, "texture": "#1"},
				"up": {"uv": [0, 0, 0, 0], "rotation": 270, "texture": "#1"},
				"down": {"uv": [0, 0, 0, 0], "rotation": 270, "texture": "#1"}
			}
		},
		{
			"from": [3, 11, 11.7],
			"to": [3.5, 11.5, 14.2],
			"rotation": {"angle": 0, "axis": "z", "origin": [2.1, -3.7, 9.4]},
			"faces": {
				"north": {"uv": [0, 0, 0, 0], "rotation": 90, "texture": "#1"},
				"east": {"uv": [0, 0, 0, 0], "rotation": 270, "texture": "#1"},
				"south": {"uv": [0, 0, 0, 0], "rotation": 270, "texture": "#1"},
				"west": {"uv": [0, 0, 0, 0], "rotation": 270, "texture": "#1"},
				"up": {"uv": [0, 0, 0, 0], "rotation": 270, "texture": "#1"},
				"down": {"uv": [0, 0, 0, 0], "rotation": 270, "texture": "#1"}
			}
		},
		{
			"from": [4.8, 7, 11.7],
			"to": [5.3, 7.5, 14.2],
			"rotation": {"angle": 0, "axis": "z", "origin": [2.1, -3.7, 9.4]},
			"faces": {
				"north": {"uv": [0, 0, 0, 0], "rotation": 90, "texture": "#1"},
				"east": {"uv": [0, 0, 0, 0], "rotation": 270, "texture": "#1"},
				"south": {"uv": [0, 0, 0, 0], "rotation": 270, "texture": "#1"},
				"west": {"uv": [0, 0, 0, 0], "rotation": 270, "texture": "#1"},
				"up": {"uv": [0, 0, 0, 0], "rotation": 270, "texture": "#1"},
				"down": {"uv": [0, 0, 0, 0], "rotation": 270, "texture": "#1"}
			}
		},
		{
			"from": [11.1, 7, 11.7],
			"to": [11.6, 7.5, 14.2],
			"rotation": {"angle": 0, "axis": "z", "origin": [2.1, -3.7, 9.4]},
			"faces": {
				"north": {"uv": [0, 0, 0, 0], "rotation": 90, "texture": "#1"},
				"east": {"uv": [0, 0, 0, 0], "rotation": 270, "texture": "#1"},
				"south": {"uv": [0, 0, 0, 0], "rotation": 270, "texture": "#1"},
				"west": {"uv": [0, 0, 0, 0], "rotation": 270, "texture": "#1"},
				"up": {"uv": [0, 0, 0, 0], "rotation": 270, "texture": "#1"},
				"down": {"uv": [0, 0, 0, 0], "rotation": 270, "texture": "#1"}
			}
		},
		{
			"from": [12.8, 4.5, 11.7],
			"to": [13.3, 5, 14.2],
			"rotation": {"angle": 0, "axis": "z", "origin": [2.1, -3.7, 9.4]},
			"faces": {
				"north": {"uv": [0, 0, 0, 0], "rotation": 90, "texture": "#1"},
				"east": {"uv": [0, 0, 0, 0], "rotation": 270, "texture": "#1"},
				"south": {"uv": [0, 0, 0, 0], "rotation": 270, "texture": "#1"},
				"west": {"uv": [0, 0, 0, 0], "rotation": 270, "texture": "#1"},
				"up": {"uv": [0, 0, 0, 0], "rotation": 270, "texture": "#1"},
				"down": {"uv": [0, 0, 0, 0], "rotation": 270, "texture": "#1"}
			}
		},
		{
			"from": [2.8, 4.5, 11.7],
			"to": [3.3, 5, 14.2],
			"rotation": {"angle": 0, "axis": "z", "origin": [2.1, -3.7, 9.4]},
			"faces": {
				"north": {"uv": [0, 0, 0, 0], "rotation": 90, "texture": "#1"},
				"east": {"uv": [0, 0, 0, 0], "rotation": 270, "texture": "#1"},
				"south": {"uv": [0, 0, 0, 0], "rotation": 270, "texture": "#1"},
				"west": {"uv": [0, 0, 0, 0], "rotation": 270, "texture": "#1"},
				"up": {"uv": [0, 0, 0, 0], "rotation": 270, "texture": "#1"},
				"down": {"uv": [0, 0, 0, 0], "rotation": 270, "texture": "#1"}
			}
		},
		{
			"from": [7.9, 5.2, 11.7],
			"to": [8.4, 5.7, 14.2],
			"rotation": {"angle": 0, "axis": "z", "origin": [2.1, -3.7, 9.4]},
			"faces": {
				"north": {"uv": [0, 0, 0, 0], "rotation": 90, "texture": "#1"},
				"east": {"uv": [0, 0, 0, 0], "rotation": 270, "texture": "#1"},
				"south": {"uv": [0, 0, 0, 0], "rotation": 270, "texture": "#1"},
				"west": {"uv": [0, 0, 0, 0], "rotation": 270, "texture": "#1"},
				"up": {"uv": [0, 0, 0, 0], "rotation": 270, "texture": "#1"},
				"down": {"uv": [0, 0, 0, 0], "rotation": 270, "texture": "#1"}
			}
		},
		{
			"from": [10.74, 1.02, 11.2],
			"to": [11.38, 1.74, 11.7],
			"rotation": {"angle": 45, "axis": "z", "origin": [2.1, -3.7, 9.4]},
			"faces": {
				"north": {"uv": [0, 0, 0, 0], "texture": "#1"},
				"east": {"uv": [0, 0, 0, 0], "texture": "#1"},
				"south": {"uv": [0, 0, 0, 0], "texture": "#1"},
				"west": {"uv": [0, 0, 0, 0], "texture": "#1"},
				"up": {"uv": [0, 0, 0, 0], "texture": "#1"},
				"down": {"uv": [0, 0, 0, 0], "texture": "#1"}
			}
		}
	],
	"display": {
		"head": {
			"translation": [0, -25, -7],
			"scale": [4, 4, 4]
		},
		"fixed": {
			"translation": [-16, -15.7, -17.35],
			"scale": [4, 4, 4]
		}
	},
	"groups": [
		0,
		{
			"name": "group",
			"origin": [0, 0, 0],
			"color": 0,
			"children": [1, 2, 3, 4, 5]
		},
		{
			"name": "group",
			"origin": [8, 8, 8],
			"color": 0,
			"children": [6, 7, 8, 9, 10, 11, 12, 13, 14, 15, 16, 17, 18, 19, 20, 21, 22, 23, 24, 25, 26, 27, 28, 29, 30, 31, 32]
		}
	]
}