desilist753,7173c792-f1b5-3db1-abc4-179f950390fc
lejudio,31626709-aef5-3455-b5cd-b45476c601e7
richard363,d08177c0-2cf4-31d4-bdf9-716890033081
storbo,b319b04c-ede3-36b1-ac74-131f573b07a9
orozc048,00f20f4d-bbd0-3aff-8994-ca9f757f72ff
taztico,eba705f0-932f-30af-ae42-6a21b9587e33
playertest,29248963-278b-3c58-b053-f6f1cd87dee2
ar7rionio,d8b69fee-1aed-30ff-8b92-532d587ec025
mrred404owo,21ef206a-f666-3d7f-8a7b-c47543a10961
zero_flux566,ba74b938-f431-3728-8db3-cd91d2be4c38
sth3fan0,d1c4f539-fe68-318f-986c-a8847167e0f3
e_g_g_pilgrim,4d631a3d-e162-3b1c-b364-5adabdaee1e0
gamba1511,f3711b04-0019-3ee0-bba9-f0d81aeaf9a5
daniiiii6,9504288a-75c8-36d7-ac11-63749ab2c6df
leyrrah,a31ce8fe-c2d7-3521-bc1d-2f6e64f5c886
_yuuichi_,3e454aa4-d2ca-3ea5-8fd9-ac5c57042c4c
sander_xo,4e269c3f-3754-3ece-b006-fccbcfe324eb
kolomololoko,624e4270-61db-3a7c-acb7-1c26e14b1035
brownie,03e6852c-6d28-3115-a7e4-7d106e3d826c
elbeca,a91df703-b885-368b-8868-0ce3e85a3995
saafigue2726,df7ac309-71aa-3939-aeb5-0583f12f81c8
dario99,7505a77c-705e-3d9f-92bc-fbfb329c679e
lorenzouz,d318e5b3-e0dd-3827-98c5-d17b4d397423
just_des,dbb78777-e068-30eb-8338-c90f2e852439
zicko21,e5b91def-a4ab-3368-afd0-b3880c09e617
