{
	"credit": "Made by TeleMinecraft (Storbo)",
	"textures": {
		"2": "block/green_concrete",
		"3": "block/light_gray_concrete"
	},
	"elements": [
		{
			"from": [14.35, 0, 0],
			"to": [14.65, 16, 1],
			"rotation": {"angle": 0, "axis": "y", "origin": [14.5, 1.5, 0.5]},
			"faces": {
				"north": {"uv": [0, 0, 0.3, 1], "rotation": 270, "texture": "#3"},
				"east": {"uv": [0, 0, 0.3, 1], "rotation": 270, "texture": "#3"},
				"south": {"uv": [0, 0, 0.3, 1], "rotation": 270, "texture": "#3"},
				"west": {"uv": [0, 0, 0.3, 1], "rotation": 270, "texture": "#3"},
				"up": {"uv": [0, 0, 0.3, 1], "texture": "#3"},
				"down": {"uv": [0, 0, 0.3, 1], "rotation": 180, "texture": "#3"}
			}
		},
		{
			"from": [14, 0, 0.35],
			"to": [14, 16, 0.65],
			"rotation": {"angle": 0, "axis": "y", "origin": [14.5, 1.5, 0.5]},
			"faces": {
				"north": {"uv": [0, 0, 0.3, 0], "rotation": 180, "texture": "#3"},
				"east": {"uv": [0, 0, 0.3, 0], "rotation": 180, "texture": "#3"},
				"south": {"uv": [0, 0, 0.3, 0], "rotation": 180, "texture": "#3"},
				"west": {"uv": [0, 0, 0.3, 0], "rotation": 180, "texture": "#3"},
				"up": {"uv": [0, 0, 0.3, 0], "rotation": 270, "texture": "#3"},
				"down": {"uv": [0, 0, 0.3, 0], "rotation": 90, "texture": "#3"}
			}
		},
		{
			"from": [14, 0, 0.35],
			"to": [15, 16, 0.65],
			"rotation": {"angle": 0, "axis": "y", "origin": [14.5, 1.5, 0.5]},
			"faces": {
				"north": {"uv": [0, 0, 0.3, 1], "texture": "#3"},
				"east": {"uv": [0, 0, 0.3, 1], "texture": "#3"},
				"south": {"uv": [0, 0, 0.3, 1], "texture": "#3"},
				"west": {"uv": [0, 0, 0.3, 1], "texture": "#3"},
				"up": {"uv": [0, 0, 0.3, 1], "rotation": 90, "texture": "#3"},
				"down": {"uv": [0, 0, 0.3, 1], "rotation": 270, "texture": "#3"}
			}
		},
		{
			"from": [14.35, 0, 1],
			"to": [14.65, 16, 1],
			"rotation": {"angle": 0, "axis": "y", "origin": [14.5, 1.5, 0.5]},
			"faces": {
				"north": {"uv": [0, 0, 0.3, 0], "rotation": 90, "texture": "#3"},
				"east": {"uv": [0, 0, 0.3, 0], "rotation": 90, "texture": "#3"},
				"south": {"uv": [0, 0, 0.3, 0], "rotation": 90, "texture": "#3"},
				"west": {"uv": [0, 0, 0.3, 0], "rotation": 90, "texture": "#3"},
				"up": {"uv": [0, 0, 0.3, 0], "rotation": 180, "texture": "#3"},
				"down": {"uv": [0, 0, 0.3, 0], "texture": "#3"}
			}
		},
		{
			"from": [14.4, 0, 1],
			"to": [14.65, 16, 1],
			"rotation": {"angle": 45, "axis": "y", "origin": [14.5, 1.5, 0.5]},
			"faces": {
				"north": {"uv": [0, 0, 0.25, 0], "rotation": 90, "texture": "#3"},
				"east": {"uv": [0, 0, 0.25, 0], "rotation": 90, "texture": "#3"},
				"south": {"uv": [0, 0, 0.25, 0], "rotation": 90, "texture": "#3"},
				"west": {"uv": [0, 0, 0.25, 0], "rotation": 90, "texture": "#3"},
				"up": {"uv": [0, 0, 0.25, 0], "rotation": 180, "texture": "#3"},
				"down": {"uv": [0, 0, 0.25, 0], "texture": "#3"}
			}
		},
		{
			"from": [14.35, 0, 0],
			"to": [14.6, 16, 0],
			"rotation": {"angle": 45, "axis": "y", "origin": [14.5, 1.5, 0.5]},
			"faces": {
				"north": {"uv": [0, 0, 0.25, 0], "rotation": 270, "texture": "#3"},
				"east": {"uv": [0, 0, 0.25, 0], "rotation": 270, "texture": "#3"},
				"south": {"uv": [0, 0, 0.25, 0], "rotation": 270, "texture": "#3"},
				"west": {"uv": [0, 0, 0.25, 0], "rotation": 270, "texture": "#3"},
				"up": {"uv": [0, 0, 0.25, 0], "texture": "#3"},
				"down": {"uv": [0, 0, 0.25, 0], "rotation": 180, "texture": "#3"}
			}
		},
		{
			"from": [14, 0, 0.35],
			"to": [15, 16, 0.6],
			"rotation": {"angle": -22.5, "axis": "y", "origin": [14.5, 1.5, 0.5]},
			"faces": {
				"north": {"uv": [0, 0, 0.25, 1], "texture": "#3"},
				"east": {"uv": [0, 0, 0.25, 1], "texture": "#3"},
				"south": {"uv": [0, 0, 0.25, 1], "texture": "#3"},
				"west": {"uv": [0, 0, 0.25, 1], "texture": "#3"},
				"up": {"uv": [0, 0, 0.25, 1], "rotation": 90, "texture": "#3"},
				"down": {"uv": [0, 0, 0.25, 1], "rotation": 270, "texture": "#3"}
			}
		},
		{
			"from": [14.4, 0, 1],
			"to": [14.65, 16, 1],
			"rotation": {"angle": 22.5, "axis": "y", "origin": [14.5, 1.5, 0.5]},
			"faces": {
				"north": {"uv": [0, 0, 0.25, 0], "rotation": 90, "texture": "#3"},
				"east": {"uv": [0, 0, 0.25, 0], "rotation": 90, "texture": "#3"},
				"south": {"uv": [0, 0, 0.25, 0], "rotation": 90, "texture": "#3"},
				"west": {"uv": [0, 0, 0.25, 0], "rotation": 90, "texture": "#3"},
				"up": {"uv": [0, 0, 0.25, 0], "rotation": 180, "texture": "#3"},
				"down": {"uv": [0, 0, 0.25, 0], "texture": "#3"}
			}
		},
		{
			"from": [14.35, 0, 0],
			"to": [14.6, 16, 0],
			"rotation": {"angle": 22.5, "axis": "y", "origin": [14.5, 1.5, 0.5]},
			"faces": {
				"north": {"uv": [0, 0, 0.25, 0], "rotation": 270, "texture": "#3"},
				"east": {"uv": [0, 0, 0.25, 0], "rotation": 270, "texture": "#3"},
				"south": {"uv": [0, 0, 0.25, 0], "rotation": 270, "texture": "#3"},
				"west": {"uv": [0, 0, 0.25, 0], "rotation": 270, "texture": "#3"},
				"up": {"uv": [0, 0, 0.25, 0], "texture": "#3"},
				"down": {"uv": [0, 0, 0.25, 0], "rotation": 180, "texture": "#3"}
			}
		},
		{
			"from": [14, 0, 0.35],
			"to": [15, 16, 0.6],
			"rotation": {"angle": 22.5, "axis": "y", "origin": [14.5, 1.5, 0.5]},
			"faces": {
				"north": {"uv": [0, 0, 0.25, 1], "texture": "#3"},
				"east": {"uv": [0, 0, 0.25, 1], "texture": "#3"},
				"south": {"uv": [0, 0, 0.25, 1], "texture": "#3"},
				"west": {"uv": [0, 0, 0.25, 1], "texture": "#3"},
				"up": {"uv": [0, 0, 0.25, 1], "rotation": 90, "texture": "#3"},
				"down": {"uv": [0, 0, 0.25, 1], "rotation": 270, "texture": "#3"}
			}
		},
		{
			"from": [14, 0, 0.35],
			"to": [15, 16, 0.6],
			"rotation": {"angle": 45, "axis": "y", "origin": [14.5, 1.5, 0.5]},
			"faces": {
				"north": {"uv": [0, 0, 0.25, 1], "texture": "#3"},
				"east": {"uv": [0, 0, 0.25, 1], "texture": "#3"},
				"south": {"uv": [0, 0, 0.25, 1], "texture": "#3"},
				"west": {"uv": [0, 0, 0.25, 1], "texture": "#3"},
				"up": {"uv": [0, 0, 0.25, 1], "rotation": 90, "texture": "#3"},
				"down": {"uv": [0, 0, 0.25, 1], "rotation": 270, "texture": "#3"}
			}
		},
		{
			"from": [14.35, 0, 0],
			"to": [14.6, 16, 1],
			"rotation": {"angle": -22.5, "axis": "y", "origin": [14.5, 1.5, 0.5]},
			"faces": {
				"north": {"uv": [0, 0, 0.25, 1], "rotation": 270, "texture": "#3"},
				"east": {"uv": [0, 0, 0.25, 1], "rotation": 270, "texture": "#3"},
				"south": {"uv": [0, 0, 0.25, 1], "rotation": 270, "texture": "#3"},
				"west": {"uv": [0, 0, 0.25, 1], "rotation": 270, "texture": "#3"},
				"up": {"uv": [0, 0, 0.25, 1], "texture": "#3"},
				"down": {"uv": [0, 0, 0.25, 1], "rotation": 180, "texture": "#3"}
			}
		},
		{
			"from": [14.35, 0, 29.5],
			"to": [14.65, 16, 30.5],
			"rotation": {"angle": 0, "axis": "y", "origin": [14.5, 1.5, 30]},
			"faces": {
				"north": {"uv": [0, 0, 0.3, 1], "rotation": 270, "texture": "#3"},
				"east": {"uv": [0, 0, 0.3, 1], "rotation": 270, "texture": "#3"},
				"south": {"uv": [0, 0, 0.3, 1], "rotation": 270, "texture": "#3"},
				"west": {"uv": [0, 0, 0.3, 1], "rotation": 270, "texture": "#3"},
				"up": {"uv": [0, 0, 0.3, 1], "texture": "#3"},
				"down": {"uv": [0, 0, 0.3, 1], "rotation": 180, "texture": "#3"}
			}
		},
		{
			"from": [14, 0, 29.85],
			"to": [14, 16, 30.15],
			"rotation": {"angle": 0, "axis": "y", "origin": [14.5, 1.5, 30]},
			"faces": {
				"north": {"uv": [0, 0, 0.3, 0], "rotation": 180, "texture": "#3"},
				"east": {"uv": [0, 0, 0.3, 0], "rotation": 180, "texture": "#3"},
				"south": {"uv": [0, 0, 0.3, 0], "rotation": 180, "texture": "#3"},
				"west": {"uv": [0, 0, 0.3, 0], "rotation": 180, "texture": "#3"},
				"up": {"uv": [0, 0, 0.3, 0], "rotation": 270, "texture": "#3"},
				"down": {"uv": [0, 0, 0.3, 0], "rotation": 90, "texture": "#3"}
			}
		},
		{
			"from": [14, 0, 29.85],
			"to": [15, 16, 30.15],
			"rotation": {"angle": 0, "axis": "y", "origin": [14.5, 1.5, 30]},
			"faces": {
				"north": {"uv": [0, 0, 0.3, 1], "texture": "#3"},
				"east": {"uv": [0, 0, 0.3, 1], "texture": "#3"},
				"south": {"uv": [0, 0, 0.3, 1], "texture": "#3"},
				"west": {"uv": [0, 0, 0.3, 1], "texture": "#3"},
				"up": {"uv": [0, 0, 0.3, 1], "rotation": 90, "texture": "#3"},
				"down": {"uv": [0, 0, 0.3, 1], "rotation": 270, "texture": "#3"}
			}
		},
		{
			"from": [14.35, 0, 30.5],
			"to": [14.65, 16, 30.5],
			"rotation": {"angle": 0, "axis": "y", "origin": [14.5, 1.5, 30]},
			"faces": {
				"north": {"uv": [0, 0, 0.3, 0], "rotation": 90, "texture": "#3"},
				"east": {"uv": [0, 0, 0.3, 0], "rotation": 90, "texture": "#3"},
				"south": {"uv": [0, 0, 0.3, 0], "rotation": 90, "texture": "#3"},
				"west": {"uv": [0, 0, 0.3, 0], "rotation": 90, "texture": "#3"},
				"up": {"uv": [0, 0, 0.3, 0], "rotation": 180, "texture": "#3"},
				"down": {"uv": [0, 0, 0.3, 0], "texture": "#3"}
			}
		},
		{
			"from": [14.4, 0, 30.5],
			"to": [14.65, 16, 30.5],
			"rotation": {"angle": 45, "axis": "y", "origin": [14.5, 1.5, 30]},
			"faces": {
				"north": {"uv": [0, 0, 0.25, 0], "rotation": 90, "texture": "#3"},
				"east": {"uv": [0, 0, 0.25, 0], "rotation": 90, "texture": "#3"},
				"south": {"uv": [0, 0, 0.25, 0], "rotation": 90, "texture": "#3"},
				"west": {"uv": [0, 0, 0.25, 0], "rotation": 90, "texture": "#3"},
				"up": {"uv": [0, 0, 0.25, 0], "rotation": 180, "texture": "#3"},
				"down": {"uv": [0, 0, 0.25, 0], "texture": "#3"}
			}
		},
		{
			"from": [14.35, 0, 29.5],
			"to": [14.6, 16, 29.5],
			"rotation": {"angle": 45, "axis": "y", "origin": [14.5, 1.5, 30]},
			"faces": {
				"north": {"uv": [0, 0, 0.25, 0], "rotation": 270, "texture": "#3"},
				"east": {"uv": [0, 0, 0.25, 0], "rotation": 270, "texture": "#3"},
				"south": {"uv": [0, 0, 0.25, 0], "rotation": 270, "texture": "#3"},
				"west": {"uv": [0, 0, 0.25, 0], "rotation": 270, "texture": "#3"},
				"up": {"uv": [0, 0, 0.25, 0], "texture": "#3"},
				"down": {"uv": [0, 0, 0.25, 0], "rotation": 180, "texture": "#3"}
			}
		},
		{
			"from": [14, 0, 29.85],
			"to": [15, 16, 30.1],
			"rotation": {"angle": -22.5, "axis": "y", "origin": [14.5, 1.5, 30]},
			"faces": {
				"north": {"uv": [0, 0, 0.25, 1], "texture": "#3"},
				"east": {"uv": [0, 0, 0.25, 1], "texture": "#3"},
				"south": {"uv": [0, 0, 0.25, 1], "texture": "#3"},
				"west": {"uv": [0, 0, 0.25, 1], "texture": "#3"},
				"up": {"uv": [0, 0, 0.25, 1], "rotation": 90, "texture": "#3"},
				"down": {"uv": [0, 0, 0.25, 1], "rotation": 270, "texture": "#3"}
			}
		},
		{
			"from": [14.4, 0, 30.5],
			"to": [14.65, 16, 30.5],
			"rotation": {"angle": 22.5, "axis": "y", "origin": [14.5, 1.5, 30]},
			"faces": {
				"north": {"uv": [0, 0, 0.25, 0], "rotation": 90, "texture": "#3"},
				"east": {"uv": [0, 0, 0.25, 0], "rotation": 90, "texture": "#3"},
				"south": {"uv": [0, 0, 0.25, 0], "rotation": 90, "texture": "#3"},
				"west": {"uv": [0, 0, 0.25, 0], "rotation": 90, "texture": "#3"},
				"up": {"uv": [0, 0, 0.25, 0], "rotation": 180, "texture": "#3"},
				"down": {"uv": [0, 0, 0.25, 0], "texture": "#3"}
			}
		},
		{
			"from": [14.35, 0, 29.5],
			"to": [14.6, 16, 29.5],
			"rotation": {"angle": 22.5, "axis": "y", "origin": [14.5, 1.5, 30]},
			"faces": {
				"north": {"uv": [0, 0, 0.25, 0], "rotation": 270, "texture": "#3"},
				"east": {"uv": [0, 0, 0.25, 0], "rotation": 270, "texture": "#3"},
				"south": {"uv": [0, 0, 0.25, 0], "rotation": 270, "texture": "#3"},
				"west": {"uv": [0, 0, 0.25, 0], "rotation": 270, "texture": "#3"},
				"up": {"uv": [0, 0, 0.25, 0], "texture": "#3"},
				"down": {"uv": [0, 0, 0.25, 0], "rotation": 180, "texture": "#3"}
			}
		},
		{
			"from": [14, 0, 29.85],
			"to": [15, 16, 30.1],
			"rotation": {"angle": 22.5, "axis": "y", "origin": [14.5, 1.5, 30]},
			"faces": {
				"north": {"uv": [0, 0, 0.25, 1], "texture": "#3"},
				"east": {"uv": [0, 0, 0.25, 1], "texture": "#3"},
				"south": {"uv": [0, 0, 0.25, 1], "texture": "#3"},
				"west": {"uv": [0, 0, 0.25, 1], "texture": "#3"},
				"up": {"uv": [0, 0, 0.25, 1], "rotation": 90, "texture": "#3"},
				"down": {"uv": [0, 0, 0.25, 1], "rotation": 270, "texture": "#3"}
			}
		},
		{
			"from": [14, 0, 29.85],
			"to": [15, 16, 30.1],
			"rotation": {"angle": 45, "axis": "y", "origin": [14.5, 1.5, 30]},
			"faces": {
				"north": {"uv": [0, 0, 0.25, 1], "texture": "#3"},
				"east": {"uv": [0, 0, 0.25, 1], "texture": "#3"},
				"south": {"uv": [0, 0, 0.25, 1], "texture": "#3"},
				"west": {"uv": [0, 0, 0.25, 1], "texture": "#3"},
				"up": {"uv": [0, 0, 0.25, 1], "rotation": 90, "texture": "#3"},
				"down": {"uv": [0, 0, 0.25, 1], "rotation": 270, "texture": "#3"}
			}
		},
		{
			"from": [14.35, 0, 29.5],
			"to": [14.6, 16, 30.5],
			"rotation": {"angle": -22.5, "axis": "y", "origin": [14.5, 1.5, 30]},
			"faces": {
				"north": {"uv": [0, 0, 0.25, 1], "rotation": 270, "texture": "#3"},
				"east": {"uv": [0, 0, 0.25, 1], "rotation": 270, "texture": "#3"},
				"south": {"uv": [0, 0, 0.25, 1], "rotation": 270, "texture": "#3"},
				"west": {"uv": [0, 0, 0.25, 1], "rotation": 270, "texture": "#3"},
				"up": {"uv": [0, 0, 0.25, 1], "texture": "#3"},
				"down": {"uv": [0, 0, 0.25, 1], "rotation": 180, "texture": "#3"}
			}
		},
		{
			"from": [1.35, 0, 29.5],
			"to": [1.65, 16, 30.5],
			"rotation": {"angle": 0, "axis": "y", "origin": [1.5, 1.5, 30]},
			"faces": {
				"north": {"uv": [0, 0, 0.3, 1], "rotation": 270, "texture": "#3"},
				"east": {"uv": [0, 0, 0.3, 1], "rotation": 270, "texture": "#3"},
				"south": {"uv": [0, 0, 0.3, 1], "rotation": 270, "texture": "#3"},
				"west": {"uv": [0, 0, 0.3, 1], "rotation": 270, "texture": "#3"},
				"up": {"uv": [0, 0, 0.3, 1], "texture": "#3"},
				"down": {"uv": [0, 0, 0.3, 1], "rotation": 180, "texture": "#3"}
			}
		},
		{
			"from": [1, 0, 29.85],
			"to": [1, 16, 30.15],
			"rotation": {"angle": 0, "axis": "y", "origin": [1.5, 1.5, 30]},
			"faces": {
				"north": {"uv": [0, 0, 0.3, 0], "rotation": 180, "texture": "#3"},
				"east": {"uv": [0, 0, 0.3, 0], "rotation": 180, "texture": "#3"},
				"south": {"uv": [0, 0, 0.3, 0], "rotation": 180, "texture": "#3"},
				"west": {"uv": [0, 0, 0.3, 0], "rotation": 180, "texture": "#3"},
				"up": {"uv": [0, 0, 0.3, 0], "rotation": 270, "texture": "#3"},
				"down": {"uv": [0, 0, 0.3, 0], "rotation": 90, "texture": "#3"}
			}
		},
		{
			"from": [1, 0, 29.85],
			"to": [2, 16, 30.15],
			"rotation": {"angle": 0, "axis": "y", "origin": [1.5, 1.5, 30]},
			"faces": {
				"north": {"uv": [0, 0, 0.3, 1], "texture": "#3"},
				"east": {"uv": [0, 0, 0.3, 1], "texture": "#3"},
				"south": {"uv": [0, 0, 0.3, 1], "texture": "#3"},
				"west": {"uv": [0, 0, 0.3, 1], "texture": "#3"},
				"up": {"uv": [0, 0, 0.3, 1], "rotation": 90, "texture": "#3"},
				"down": {"uv": [0, 0, 0.3, 1], "rotation": 270, "texture": "#3"}
			}
		},
		{
			"from": [1.35, 0, 30.5],
			"to": [1.65, 16, 30.5],
			"rotation": {"angle": 0, "axis": "y", "origin": [1.5, 1.5, 30]},
			"faces": {
				"north": {"uv": [0, 0, 0.3, 0], "rotation": 90, "texture": "#3"},
				"east": {"uv": [0, 0, 0.3, 0], "rotation": 90, "texture": "#3"},
				"south": {"uv": [0, 0, 0.3, 0], "rotation": 90, "texture": "#3"},
				"west": {"uv": [0, 0, 0.3, 0], "rotation": 90, "texture": "#3"},
				"up": {"uv": [0, 0, 0.3, 0], "rotation": 180, "texture": "#3"},
				"down": {"uv": [0, 0, 0.3, 0], "texture": "#3"}
			}
		},
		{
			"from": [1.4, 0, 30.5],
			"to": [1.65, 16, 30.5],
			"rotation": {"angle": 45, "axis": "y", "origin": [1.5, 1.5, 30]},
			"faces": {
				"north": {"uv": [0, 0, 0.25, 0], "rotation": 90, "texture": "#3"},
				"east": {"uv": [0, 0, 0.25, 0], "rotation": 90, "texture": "#3"},
				"south": {"uv": [0, 0, 0.25, 0], "rotation": 90, "texture": "#3"},
				"west": {"uv": [0, 0, 0.25, 0], "rotation": 90, "texture": "#3"},
				"up": {"uv": [0, 0, 0.25, 0], "rotation": 180, "texture": "#3"},
				"down": {"uv": [0, 0, 0.25, 0], "texture": "#3"}
			}
		},
		{
			"from": [1.35, 0, 29.5],
			"to": [1.6, 16, 29.5],
			"rotation": {"angle": 45, "axis": "y", "origin": [1.5, 1.5, 30]},
			"faces": {
				"north": {"uv": [0, 0, 0.25, 0], "rotation": 270, "texture": "#3"},
				"east": {"uv": [0, 0, 0.25, 0], "rotation": 270, "texture": "#3"},
				"south": {"uv": [0, 0, 0.25, 0], "rotation": 270, "texture": "#3"},
				"west": {"uv": [0, 0, 0.25, 0], "rotation": 270, "texture": "#3"},
				"up": {"uv": [0, 0, 0.25, 0], "texture": "#3"},
				"down": {"uv": [0, 0, 0.25, 0], "rotation": 180, "texture": "#3"}
			}
		},
		{
			"from": [1, 0, 29.85],
			"to": [2, 16, 30.1],
			"rotation": {"angle": -22.5, "axis": "y", "origin": [1.5, 1.5, 30]},
			"faces": {
				"north": {"uv": [0, 0, 0.25, 1], "texture": "#3"},
				"east": {"uv": [0, 0, 0.25, 1], "texture": "#3"},
				"south": {"uv": [0, 0, 0.25, 1], "texture": "#3"},
				"west": {"uv": [0, 0, 0.25, 1], "texture": "#3"},
				"up": {"uv": [0, 0, 0.25, 1], "rotation": 90, "texture": "#3"},
				"down": {"uv": [0, 0, 0.25, 1], "rotation": 270, "texture": "#3"}
			}
		},
		{
			"from": [1.4, 0, 30.5],
			"to": [1.65, 16, 30.5],
			"rotation": {"angle": 22.5, "axis": "y", "origin": [1.5, 1.5, 30]},
			"faces": {
				"north": {"uv": [0, 0, 0.25, 0], "rotation": 90, "texture": "#3"},
				"east": {"uv": [0, 0, 0.25, 0], "rotation": 90, "texture": "#3"},
				"south": {"uv": [0, 0, 0.25, 0], "rotation": 90, "texture": "#3"},
				"west": {"uv": [0, 0, 0.25, 0], "rotation": 90, "texture": "#3"},
				"up": {"uv": [0, 0, 0.25, 0], "rotation": 180, "texture": "#3"},
				"down": {"uv": [0, 0, 0.25, 0], "texture": "#3"}
			}
		},
		{
			"from": [1.35, 0, 29.5],
			"to": [1.6, 16, 29.5],
			"rotation": {"angle": 22.5, "axis": "y", "origin": [1.5, 1.5, 30]},
			"faces": {
				"north": {"uv": [0, 0, 0.25, 0], "rotation": 270, "texture": "#3"},
				"east": {"uv": [0, 0, 0.25, 0], "rotation": 270, "texture": "#3"},
				"south": {"uv": [0, 0, 0.25, 0], "rotation": 270, "texture": "#3"},
				"west": {"uv": [0, 0, 0.25, 0], "rotation": 270, "texture": "#3"},
				"up": {"uv": [0, 0, 0.25, 0], "texture": "#3"},
				"down": {"uv": [0, 0, 0.25, 0], "rotation": 180, "texture": "#3"}
			}
		},
		{
			"from": [1, 0, 29.85],
			"to": [2, 16, 30.1],
			"rotation": {"angle": 22.5, "axis": "y", "origin": [1.5, 1.5, 30]},
			"faces": {
				"north": {"uv": [0, 0, 0.25, 1], "texture": "#3"},
				"east": {"uv": [0, 0, 0.25, 1], "texture": "#3"},
				"south": {"uv": [0, 0, 0.25, 1], "texture": "#3"},
				"west": {"uv": [0, 0, 0.25, 1], "texture": "#3"},
				"up": {"uv": [0, 0, 0.25, 1], "rotation": 90, "texture": "#3"},
				"down": {"uv": [0, 0, 0.25, 1], "rotation": 270, "texture": "#3"}
			}
		},
		{
			"from": [1, 0, 29.85],
			"to": [2, 16, 30.1],
			"rotation": {"angle": 45, "axis": "y", "origin": [1.5, 1.5, 30]},
			"faces": {
				"north": {"uv": [0, 0, 0.25, 1], "texture": "#3"},
				"east": {"uv": [0, 0, 0.25, 1], "texture": "#3"},
				"south": {"uv": [0, 0, 0.25, 1], "texture": "#3"},
				"west": {"uv": [0, 0, 0.25, 1], "texture": "#3"},
				"up": {"uv": [0, 0, 0.25, 1], "rotation": 90, "texture": "#3"},
				"down": {"uv": [0, 0, 0.25, 1], "rotation": 270, "texture": "#3"}
			}
		},
		{
			"from": [1.35, 0, 29.5],
			"to": [1.6, 16, 30.5],
			"rotation": {"angle": -22.5, "axis": "y", "origin": [1.5, 1.5, 30]},
			"faces": {
				"north": {"uv": [0, 0, 0.25, 1], "rotation": 270, "texture": "#3"},
				"east": {"uv": [0, 0, 0.25, 1], "rotation": 270, "texture": "#3"},
				"south": {"uv": [0, 0, 0.25, 1], "rotation": 270, "texture": "#3"},
				"west": {"uv": [0, 0, 0.25, 1], "rotation": 270, "texture": "#3"},
				"up": {"uv": [0, 0, 0.25, 1], "texture": "#3"},
				"down": {"uv": [0, 0, 0.25, 1], "rotation": 180, "texture": "#3"}
			}
		},
		{
			"from": [1.35, 0, 0],
			"to": [1.65, 16, 1],
			"rotation": {"angle": 0, "axis": "y", "origin": [1.5, 1.5, 0.5]},
			"faces": {
				"north": {"uv": [0, 0, 0.3, 1], "rotation": 270, "texture": "#3"},
				"east": {"uv": [0, 0, 0.3, 1], "rotation": 270, "texture": "#3"},
				"south": {"uv": [0, 0, 0.3, 1], "rotation": 270, "texture": "#3"},
				"west": {"uv": [0, 0, 0.3, 1], "rotation": 270, "texture": "#3"},
				"up": {"uv": [0, 0, 0.3, 1], "texture": "#3"},
				"down": {"uv": [0, 0, 0.3, 1], "rotation": 180, "texture": "#3"}
			}
		},
		{
			"from": [1, 0, 0.35],
			"to": [1, 16, 0.65],
			"rotation": {"angle": 0, "axis": "y", "origin": [1.5, 1.5, 0.5]},
			"faces": {
				"north": {"uv": [0, 0, 0.3, 0], "rotation": 180, "texture": "#3"},
				"east": {"uv": [0, 0, 0.3, 0], "rotation": 180, "texture": "#3"},
				"south": {"uv": [0, 0, 0.3, 0], "rotation": 180, "texture": "#3"},
				"west": {"uv": [0, 0, 0.3, 0], "rotation": 180, "texture": "#3"},
				"up": {"uv": [0, 0, 0.3, 0], "rotation": 270, "texture": "#3"},
				"down": {"uv": [0, 0, 0.3, 0], "rotation": 90, "texture": "#3"}
			}
		},
		{
			"from": [1, 0, 0.35],
			"to": [2, 16, 0.65],
			"rotation": {"angle": 0, "axis": "y", "origin": [1.5, 1.5, 0.5]},
			"faces": {
				"north": {"uv": [0, 0, 0.3, 1], "texture": "#3"},
				"east": {"uv": [0, 0, 0.3, 1], "texture": "#3"},
				"south": {"uv": [0, 0, 0.3, 1], "texture": "#3"},
				"west": {"uv": [0, 0, 0.3, 1], "texture": "#3"},
				"up": {"uv": [0, 0, 0.3, 1], "rotation": 90, "texture": "#3"},
				"down": {"uv": [0, 0, 0.3, 1], "rotation": 270, "texture": "#3"}
			}
		},
		{
			"from": [1.35, 0, 1],
			"to": [1.65, 16, 1],
			"rotation": {"angle": 0, "axis": "y", "origin": [1.5, 1.5, 0.5]},
			"faces": {
				"north": {"uv": [0, 0, 0.3, 0], "rotation": 90, "texture": "#3"},
				"east": {"uv": [0, 0, 0.3, 0], "rotation": 90, "texture": "#3"},
				"south": {"uv": [0, 0, 0.3, 0], "rotation": 90, "texture": "#3"},
				"west": {"uv": [0, 0, 0.3, 0], "rotation": 90, "texture": "#3"},
				"up": {"uv": [0, 0, 0.3, 0], "rotation": 180, "texture": "#3"},
				"down": {"uv": [0, 0, 0.3, 0], "texture": "#3"}
			}
		},
		{
			"from": [1.4, 0, 1],
			"to": [1.65, 16, 1],
			"rotation": {"angle": 45, "axis": "y", "origin": [1.5, 1.5, 0.5]},
			"faces": {
				"north": {"uv": [0, 0, 0.25, 0], "rotation": 90, "texture": "#3"},
				"east": {"uv": [0, 0, 0.25, 0], "rotation": 90, "texture": "#3"},
				"south": {"uv": [0, 0, 0.25, 0], "rotation": 90, "texture": "#3"},
				"west": {"uv": [0, 0, 0.25, 0], "rotation": 90, "texture": "#3"},
				"up": {"uv": [0, 0, 0.25, 0], "rotation": 180, "texture": "#3"},
				"down": {"uv": [0, 0, 0.25, 0], "texture": "#3"}
			}
		},
		{
			"from": [1.35, 0, 0],
			"to": [1.6, 16, 0],
			"rotation": {"angle": 45, "axis": "y", "origin": [1.5, 1.5, 0.5]},
			"faces": {
				"north": {"uv": [0, 0, 0.25, 0], "rotation": 270, "texture": "#3"},
				"east": {"uv": [0, 0, 0.25, 0], "rotation": 270, "texture": "#3"},
				"south": {"uv": [0, 0, 0.25, 0], "rotation": 270, "texture": "#3"},
				"west": {"uv": [0, 0, 0.25, 0], "rotation": 270, "texture": "#3"},
				"up": {"uv": [0, 0, 0.25, 0], "texture": "#3"},
				"down": {"uv": [0, 0, 0.25, 0], "rotation": 180, "texture": "#3"}
			}
		},
		{
			"from": [1, 0, 0.35],
			"to": [2, 16, 0.6],
			"rotation": {"angle": -22.5, "axis": "y", "origin": [1.5, 1.5, 0.5]},
			"faces": {
				"north": {"uv": [0, 0, 0.25, 1], "texture": "#3"},
				"east": {"uv": [0, 0, 0.25, 1], "texture": "#3"},
				"south": {"uv": [0, 0, 0.25, 1], "texture": "#3"},
				"west": {"uv": [0, 0, 0.25, 1], "texture": "#3"},
				"up": {"uv": [0, 0, 0.25, 1], "rotation": 90, "texture": "#3"},
				"down": {"uv": [0, 0, 0.25, 1], "rotation": 270, "texture": "#3"}
			}
		},
		{
			"from": [1.4, 0, 1],
			"to": [1.65, 16, 1],
			"rotation": {"angle": 22.5, "axis": "y", "origin": [1.5, 1.5, 0.5]},
			"faces": {
				"north": {"uv": [0, 0, 0.25, 0], "rotation": 90, "texture": "#3"},
				"east": {"uv": [0, 0, 0.25, 0], "rotation": 90, "texture": "#3"},
				"south": {"uv": [0, 0, 0.25, 0], "rotation": 90, "texture": "#3"},
				"west": {"uv": [0, 0, 0.25, 0], "rotation": 90, "texture": "#3"},
				"up": {"uv": [0, 0, 0.25, 0], "rotation": 180, "texture": "#3"},
				"down": {"uv": [0, 0, 0.25, 0], "texture": "#3"}
			}
		},
		{
			"from": [1.35, 0, 0],
			"to": [1.6, 16, 0],
			"rotation": {"angle": 22.5, "axis": "y", "origin": [1.5, 1.5, 0.5]},
			"faces": {
				"north": {"uv": [0, 0, 0.25, 0], "rotation": 270, "texture": "#3"},
				"east": {"uv": [0, 0, 0.25, 0], "rotation": 270, "texture": "#3"},
				"south": {"uv": [0, 0, 0.25, 0], "rotation": 270, "texture": "#3"},
				"west": {"uv": [0, 0, 0.25, 0], "rotation": 270, "texture": "#3"},
				"up": {"uv": [0, 0, 0.25, 0], "texture": "#3"},
				"down": {"uv": [0, 0, 0.25, 0], "rotation": 180, "texture": "#3"}
			}
		},
		{
			"from": [1, 0, 0.35],
			"to": [2, 16, 0.6],
			"rotation": {"angle": 22.5, "axis": "y", "origin": [1.5, 1.5, 0.5]},
			"faces": {
				"north": {"uv": [0, 0, 0.25, 1], "texture": "#3"},
				"east": {"uv": [0, 0, 0.25, 1], "texture": "#3"},
				"south": {"uv": [0, 0, 0.25, 1], "texture": "#3"},
				"west": {"uv": [0, 0, 0.25, 1], "texture": "#3"},
				"up": {"uv": [0, 0, 0.25, 1], "rotation": 90, "texture": "#3"},
				"down": {"uv": [0, 0, 0.25, 1], "rotation": 270, "texture": "#3"}
			}
		},
		{
			"from": [1, 0, 0.35],
			"to": [2, 16, 0.6],
			"rotation": {"angle": 45, "axis": "y", "origin": [1.5, 1.5, 0.5]},
			"faces": {
				"north": {"uv": [0, 0, 0.25, 1], "texture": "#3"},
				"east": {"uv": [0, 0, 0.25, 1], "texture": "#3"},
				"south": {"uv": [0, 0, 0.25, 1], "texture": "#3"},
				"west": {"uv": [0, 0, 0.25, 1], "texture": "#3"},
				"up": {"uv": [0, 0, 0.25, 1], "rotation": 90, "texture": "#3"},
				"down": {"uv": [0, 0, 0.25, 1], "rotation": 270, "texture": "#3"}
			}
		},
		{
			"from": [1.35, 0, 0],
			"to": [1.6, 16, 1],
			"rotation": {"angle": -22.5, "axis": "y", "origin": [1.5, 1.5, 0.5]},
			"faces": {
				"north": {"uv": [0, 0, 0.25, 1], "rotation": 270, "texture": "#3"},
				"east": {"uv": [0, 0, 0.25, 1], "rotation": 270, "texture": "#3"},
				"south": {"uv": [0, 0, 0.25, 1], "rotation": 270, "texture": "#3"},
				"west": {"uv": [0, 0, 0.25, 1], "rotation": 270, "texture": "#3"},
				"up": {"uv": [0, 0, 0.25, 1], "texture": "#3"},
				"down": {"uv": [0, 0, 0.25, 1], "rotation": 180, "texture": "#3"}
			}
		},
		{
			"from": [14, 14.5, 0.5],
			"to": [15, 15, 29.5],
			"rotation": {"angle": 0, "axis": "y", "origin": [8, 9, 23]},
			"faces": {
				"north": {"uv": [0, 0, 16, 1], "texture": "#3"},
				"east": {"uv": [0, 0, 16, 1], "texture": "#3"},
				"south": {"uv": [0, 0, 16, 1], "texture": "#3"},
				"west": {"uv": [0, 0, 16, 1], "texture": "#3"},
				"up": {"uv": [0, 0, 16, 1], "rotation": 90, "texture": "#3"},
				"down": {"uv": [0, 0, 16, 1], "rotation": 270, "texture": "#3"}
			}
		},
		{
			"from": [1, 14.5, 0.5],
			"to": [2, 15, 29.5],
			"rotation": {"angle": 0, "axis": "y", "origin": [8, 9, 23]},
			"faces": {
				"north": {"uv": [0, 0, 16, 1], "texture": "#3"},
				"east": {"uv": [0, 0, 16, 1], "texture": "#3"},
				"south": {"uv": [0, 0, 16, 1], "texture": "#3"},
				"west": {"uv": [0, 0, 16, 1], "texture": "#3"},
				"up": {"uv": [0, 0, 16, 1], "rotation": 90, "texture": "#3"},
				"down": {"uv": [0, 0, 16, 1], "rotation": 270, "texture": "#3"}
			}
		},
		{
			"from": [1.5, 14.5, 0],
			"to": [14.5, 15, 1],
			"rotation": {"angle": 0, "axis": "y", "origin": [8, 9, 23]},
			"faces": {
				"north": {"uv": [0, 0, 1, 13], "texture": "#3"},
				"east": {"uv": [0, 0, 1, 13], "texture": "#3"},
				"south": {"uv": [0, 0, 1, 13], "texture": "#3"},
				"west": {"uv": [0, 0, 1, 13], "texture": "#3"},
				"up": {"uv": [0, 0, 1, 13], "rotation": 90, "texture": "#3"},
				"down": {"uv": [0, 0, 1, 13], "rotation": 270, "texture": "#3"}
			}
		},
		{
			"from": [1.5, 14.5, 29.5],
			"to": [14.5, 15, 30.5],
			"rotation": {"angle": 0, "axis": "y", "origin": [8, 9, 23.5]},
			"faces": {
				"north": {"uv": [0, 0, 1, 13], "texture": "#3"},
				"east": {"uv": [0, 0, 1, 13], "texture": "#3"},
				"south": {"uv": [0, 0, 1, 13], "texture": "#3"},
				"west": {"uv": [0, 0, 1, 13], "texture": "#3"},
				"up": {"uv": [0, 0, 1, 13], "rotation": 90, "texture": "#3"},
				"down": {"uv": [0, 0, 1, 13], "rotation": 270, "texture": "#3"}
			}
		},
		{
			"from": [15, 16, 1.5],
			"to": [17, 17, 29.5],
			"rotation": {"angle": 0, "axis": "y", "origin": [8, 9, 23]},
			"faces": {
				"north": {"uv": [0, 0, 16, 16], "texture": "#2"},
				"east": {"uv": [0, 0, 16, 16], "texture": "#2"},
				"south": {"uv": [0, 0, 16, 16], "texture": "#2"},
				"west": {"uv": [0, 0, 16, 16], "texture": "#2"},
				"up": {"uv": [0, 0, 16, 16], "rotation": 90, "texture": "#2"},
				"down": {"uv": [0, 0, 16, 16], "rotation": 270, "texture": "#2"}
			}
		},
		{
			"from": [-1, 16, 1.5],
			"to": [1, 17, 29.75],
			"rotation": {"angle": 0, "axis": "y", "origin": [8, 9, 23]},
			"faces": {
				"north": {"uv": [0, 0, 16, 16], "texture": "#2"},
				"east": {"uv": [0, 0, 16, 16], "texture": "#2"},
				"south": {"uv": [0, 0, 16, 16], "texture": "#2"},
				"west": {"uv": [0, 0, 16, 16], "texture": "#2"},
				"up": {"uv": [0, 0, 16, 16], "rotation": 90, "texture": "#2"},
				"down": {"uv": [0, 0, 16, 16], "rotation": 270, "texture": "#2"}
			}
		},
		{
			"from": [1.75, 16, -1],
			"to": [14, 17, 0],
			"rotation": {"angle": 0, "axis": "y", "origin": [8, 9, 23]},
			"faces": {
				"north": {"uv": [0, 0, 16, 16], "texture": "#2"},
				"east": {"uv": [0, 0, 16, 16], "texture": "#2"},
				"south": {"uv": [0, 0, 16, 16], "texture": "#2"},
				"west": {"uv": [0, 0, 16, 16], "texture": "#2"},
				"up": {"uv": [0, 0, 16, 16], "rotation": 90, "texture": "#2"},
				"down": {"uv": [0, 0, 16, 16], "rotation": 270, "texture": "#2"}
			}
		},
		{
			"name": "Mesa",
			"from": [1, 16, 0],
			"to": [15, 17, 30],
			"rotation": {"angle": 0, "axis": "y", "origin": [8, 9, 23]},
			"faces": {
				"north": {"uv": [0, 0, 16, 16], "texture": "#2"},
				"east": {"uv": [0, 0, 16, 16], "texture": "#2"},
				"south": {"uv": [0, 0, 16, 16], "texture": "#2"},
				"west": {"uv": [0, 0, 16, 16], "texture": "#2"},
				"up": {"uv": [0, 0, 16, 16], "rotation": 90, "texture": "#2"},
				"down": {"uv": [0, 0, 16, 16], "rotation": 270, "texture": "#2"}
			}
		},
		{
			"from": [1, 16, 30],
			"to": [15, 17, 32],
			"rotation": {"angle": 0, "axis": "y", "origin": [8, 9, 23]},
			"faces": {
				"north": {"uv": [0, 0, 16, 16], "texture": "#2"},
				"east": {"uv": [0, 0, 16, 16], "texture": "#2"},
				"south": {"uv": [0, 0, 16, 16], "texture": "#2"},
				"west": {"uv": [0, 0, 16, 16], "texture": "#2"},
				"up": {"uv": [0, 0, 16, 16], "rotation": 90, "texture": "#2"},
				"down": {"uv": [0, 0, 16, 16], "rotation": 270, "texture": "#2"}
			}
		},
		{
			"from": [-1, 16, 29],
			"to": [0, 17, 30],
			"rotation": {"angle": 0, "axis": "y", "origin": [1.5, 16.5, 29.5]},
			"faces": {
				"north": {"uv": [0, 0, 16, 16], "texture": "#2"},
				"east": {"uv": [0, 0, 16, 16], "texture": "#2"},
				"south": {"uv": [0, 0, 16, 16], "texture": "#2"},
				"west": {"uv": [0, 0, 16, 16], "texture": "#2"},
				"up": {"uv": [0, 0, 16, 16], "rotation": 270, "texture": "#2"},
				"down": {"uv": [0, 0, 16, 16], "rotation": 90, "texture": "#2"}
			}
		},
		{
			"from": [-1, 16, 29],
			"to": [0, 17, 30],
			"rotation": {"angle": 22.5, "axis": "y", "origin": [1.5, 16.5, 29.5]},
			"faces": {
				"north": {"uv": [0, 0, 16, 16], "texture": "#2"},
				"east": {"uv": [0, 0, 16, 16], "texture": "#2"},
				"south": {"uv": [0, 0, 16, 16], "texture": "#2"},
				"west": {"uv": [0, 0, 16, 16], "texture": "#2"},
				"up": {"uv": [0, 0, 16, 16], "rotation": 270, "texture": "#2"},
				"down": {"uv": [0, 0, 16, 16], "rotation": 90, "texture": "#2"}
			}
		},
		{
			"from": [-1, 16, 29],
			"to": [0, 17, 30],
			"rotation": {"angle": 45, "axis": "y", "origin": [1.5, 16.5, 29.5]},
			"faces": {
				"north": {"uv": [0, 0, 16, 16], "texture": "#2"},
				"east": {"uv": [0, 0, 16, 16], "texture": "#2"},
				"south": {"uv": [0, 0, 16, 16], "texture": "#2"},
				"west": {"uv": [0, 0, 16, 16], "texture": "#2"},
				"up": {"uv": [0, 0, 16, 16], "rotation": 270, "texture": "#2"},
				"down": {"uv": [0, 0, 16, 16], "rotation": 90, "texture": "#2"}
			}
		},
		{
			"from": [1, 16, 31],
			"to": [2, 17, 32],
			"rotation": {"angle": -22.5, "axis": "y", "origin": [1.5, 16.5, 29.5]},
			"faces": {
				"north": {"uv": [0, 0, 16, 16], "texture": "#2"},
				"east": {"uv": [0, 0, 16, 16], "texture": "#2"},
				"south": {"uv": [0, 0, 16, 16], "texture": "#2"},
				"west": {"uv": [0, 0, 16, 16], "texture": "#2"},
				"up": {"uv": [0, 0, 16, 16], "rotation": 180, "texture": "#2"},
				"down": {"uv": [0, 0, 16, 16], "rotation": 180, "texture": "#2"}
			}
		},
		{
			"from": [1, 16, 31],
			"to": [2, 17, 32],
			"rotation": {"angle": 0, "axis": "y", "origin": [1.5, 16.5, 29.5]},
			"faces": {
				"north": {"uv": [0, 0, 16, 16], "texture": "#2"},
				"east": {"uv": [0, 0, 16, 16], "texture": "#2"},
				"south": {"uv": [0, 0, 16, 16], "texture": "#2"},
				"west": {"uv": [0, 0, 16, 16], "texture": "#2"},
				"up": {"uv": [0, 0, 16, 16], "rotation": 180, "texture": "#2"},
				"down": {"uv": [0, 0, 16, 16], "rotation": 180, "texture": "#2"}
			}
		},
		{
			"from": [0, 16, 29.5],
			"to": [1.5, 17, 31],
			"rotation": {"angle": 0, "axis": "y", "origin": [1.5, 16.5, 29.5]},
			"faces": {
				"north": {"uv": [0, 0, 16, 16], "texture": "#2"},
				"east": {"uv": [0, 0, 16, 16], "texture": "#2"},
				"south": {"uv": [0, 0, 16, 16], "texture": "#2"},
				"west": {"uv": [0, 0, 16, 16], "texture": "#2"},
				"up": {"uv": [0, 0, 16, 16], "rotation": 180, "texture": "#2"},
				"down": {"uv": [0, 0, 16, 16], "rotation": 180, "texture": "#2"}
			}
		},
		{
			"from": [1, 16, -1],
			"to": [2, 17, 0],
			"rotation": {"angle": 0, "axis": "y", "origin": [1.5, 16.5, 1.5]},
			"faces": {
				"north": {"uv": [0, 0, 16, 16], "texture": "#2"},
				"east": {"uv": [0, 0, 16, 16], "texture": "#2"},
				"south": {"uv": [0, 0, 16, 16], "texture": "#2"},
				"west": {"uv": [0, 0, 16, 16], "texture": "#2"},
				"up": {"uv": [0, 0, 16, 16], "texture": "#2"},
				"down": {"uv": [0, 0, 16, 16], "texture": "#2"}
			}
		},
		{
			"from": [1, 16, -1],
			"to": [2, 17, 0],
			"rotation": {"angle": 22.5, "axis": "y", "origin": [1.5, 16.5, 1.5]},
			"faces": {
				"north": {"uv": [0, 0, 16, 16], "texture": "#2"},
				"east": {"uv": [0, 0, 16, 16], "texture": "#2"},
				"south": {"uv": [0, 0, 16, 16], "texture": "#2"},
				"west": {"uv": [0, 0, 16, 16], "texture": "#2"},
				"up": {"uv": [0, 0, 16, 16], "texture": "#2"},
				"down": {"uv": [0, 0, 16, 16], "texture": "#2"}
			}
		},
		{
			"from": [1, 16, -1],
			"to": [2, 17, 0],
			"rotation": {"angle": 45, "axis": "y", "origin": [1.5, 16.5, 1.5]},
			"faces": {
				"north": {"uv": [0, 0, 16, 16], "texture": "#2"},
				"east": {"uv": [0, 0, 16, 16], "texture": "#2"},
				"south": {"uv": [0, 0, 16, 16], "texture": "#2"},
				"west": {"uv": [0, 0, 16, 16], "texture": "#2"},
				"up": {"uv": [0, 0, 16, 16], "texture": "#2"},
				"down": {"uv": [0, 0, 16, 16], "texture": "#2"}
			}
		},
		{
			"from": [-1, 16, 1],
			"to": [0, 17, 2],
			"rotation": {"angle": -22.5, "axis": "y", "origin": [1.5, 16.5, 1.5]},
			"faces": {
				"north": {"uv": [0, 0, 16, 16], "texture": "#2"},
				"east": {"uv": [0, 0, 16, 16], "texture": "#2"},
				"south": {"uv": [0, 0, 16, 16], "texture": "#2"},
				"west": {"uv": [0, 0, 16, 16], "texture": "#2"},
				"up": {"uv": [0, 0, 16, 16], "rotation": 270, "texture": "#2"},
				"down": {"uv": [0, 0, 16, 16], "rotation": 90, "texture": "#2"}
			}
		},
		{
			"from": [-1, 16, 1],
			"to": [0, 17, 2],
			"rotation": {"angle": 0, "axis": "y", "origin": [1.5, 16.5, 1.5]},
			"faces": {
				"north": {"uv": [0, 0, 16, 16], "texture": "#2"},
				"east": {"uv": [0, 0, 16, 16], "texture": "#2"},
				"south": {"uv": [0, 0, 16, 16], "texture": "#2"},
				"west": {"uv": [0, 0, 16, 16], "texture": "#2"},
				"up": {"uv": [0, 0, 16, 16], "rotation": 270, "texture": "#2"},
				"down": {"uv": [0, 0, 16, 16], "rotation": 90, "texture": "#2"}
			}
		},
		{
			"from": [0, 16, 0],
			"to": [1.5, 17, 1.5],
			"rotation": {"angle": 0, "axis": "y", "origin": [1.5, 16.5, 1.5]},
			"faces": {
				"north": {"uv": [0, 0, 16, 16], "texture": "#2"},
				"east": {"uv": [0, 0, 16, 16], "texture": "#2"},
				"south": {"uv": [0, 0, 16, 16], "texture": "#2"},
				"west": {"uv": [0, 0, 16, 16], "texture": "#2"},
				"up": {"uv": [0, 0, 16, 16], "rotation": 270, "texture": "#2"},
				"down": {"uv": [0, 0, 16, 16], "rotation": 90, "texture": "#2"}
			}
		},
		{
			"from": [16, 16, 1],
			"to": [17, 17, 2],
			"rotation": {"angle": 0, "axis": "y", "origin": [14.5, 16.5, 1.5]},
			"faces": {
				"north": {"uv": [0, 0, 16, 16], "texture": "#2"},
				"east": {"uv": [0, 0, 16, 16], "texture": "#2"},
				"south": {"uv": [0, 0, 16, 16], "texture": "#2"},
				"west": {"uv": [0, 0, 16, 16], "texture": "#2"},
				"up": {"uv": [0, 0, 16, 16], "rotation": 90, "texture": "#2"},
				"down": {"uv": [0, 0, 16, 16], "rotation": 270, "texture": "#2"}
			}
		},
		{
			"from": [16, 16, 1],
			"to": [17, 17, 2],
			"rotation": {"angle": 22.5, "axis": "y", "origin": [14.5, 16.5, 1.5]},
			"faces": {
				"north": {"uv": [0, 0, 16, 16], "texture": "#2"},
				"east": {"uv": [0, 0, 16, 16], "texture": "#2"},
				"south": {"uv": [0, 0, 16, 16], "texture": "#2"},
				"west": {"uv": [0, 0, 16, 16], "texture": "#2"},
				"up": {"uv": [0, 0, 16, 16], "rotation": 90, "texture": "#2"},
				"down": {"uv": [0, 0, 16, 16], "rotation": 270, "texture": "#2"}
			}
		},
		{
			"from": [16, 16, 1],
			"to": [17, 17, 2],
			"rotation": {"angle": 45, "axis": "y", "origin": [14.5, 16.5, 1.5]},
			"faces": {
				"north": {"uv": [0, 0, 16, 16], "texture": "#2"},
				"east": {"uv": [0, 0, 16, 16], "texture": "#2"},
				"south": {"uv": [0, 0, 16, 16], "texture": "#2"},
				"west": {"uv": [0, 0, 16, 16], "texture": "#2"},
				"up": {"uv": [0, 0, 16, 16], "rotation": 90, "texture": "#2"},
				"down": {"uv": [0, 0, 16, 16], "rotation": 270, "texture": "#2"}
			}
		},
		{
			"from": [14, 16, -1],
			"to": [15, 17, 0],
			"rotation": {"angle": -22.5, "axis": "y", "origin": [14.5, 16.5, 1.5]},
			"faces": {
				"north": {"uv": [0, 0, 16, 16], "texture": "#2"},
				"east": {"uv": [0, 0, 16, 16], "texture": "#2"},
				"south": {"uv": [0, 0, 16, 16], "texture": "#2"},
				"west": {"uv": [0, 0, 16, 16], "texture": "#2"},
				"up": {"uv": [0, 0, 16, 16], "texture": "#2"},
				"down": {"uv": [0, 0, 16, 16], "texture": "#2"}
			}
		},
		{
			"from": [14, 16, -1],
			"to": [15, 17, 0],
			"rotation": {"angle": 0, "axis": "y", "origin": [14.5, 16.5, 1.5]},
			"faces": {
				"north": {"uv": [0, 0, 16, 16], "texture": "#2"},
				"east": {"uv": [0, 0, 16, 16], "texture": "#2"},
				"south": {"uv": [0, 0, 16, 16], "texture": "#2"},
				"west": {"uv": [0, 0, 16, 16], "texture": "#2"},
				"up": {"uv": [0, 0, 16, 16], "texture": "#2"},
				"down": {"uv": [0, 0, 16, 16], "texture": "#2"}
			}
		},
		{
			"from": [14.5, 16, 0],
			"to": [16, 17, 1.5],
			"rotation": {"angle": 0, "axis": "y", "origin": [14.5, 16.5, 1.5]},
			"faces": {
				"north": {"uv": [0, 0, 16, 16], "texture": "#2"},
				"east": {"uv": [0, 0, 16, 16], "texture": "#2"},
				"south": {"uv": [0, 0, 16, 16], "texture": "#2"},
				"west": {"uv": [0, 0, 16, 16], "texture": "#2"},
				"up": {"uv": [0, 0, 16, 16], "texture": "#2"},
				"down": {"uv": [0, 0, 16, 16], "texture": "#2"}
			}
		},
		{
			"from": [14, 16, 31],
			"to": [14, 17, 32],
			"rotation": {"angle": 0, "axis": "y", "origin": [14.5, 16.5, 29.5]},
			"faces": {
				"north": {"uv": [0, 0, 16, 16], "texture": "#2"},
				"east": {"uv": [0, 0, 16, 16], "texture": "#2"},
				"south": {"uv": [0, 0, 16, 16], "texture": "#2"},
				"west": {"uv": [0, 0, 16, 16], "texture": "#2"},
				"up": {"uv": [0, 0, 16, 16], "rotation": 180, "texture": "#2"},
				"down": {"uv": [0, 0, 16, 16], "rotation": 180, "texture": "#2"}
			}
		},
		{
			"from": [14, 16, 31],
			"to": [15, 17, 32],
			"rotation": {"angle": 22.5, "axis": "y", "origin": [14.5, 16.5, 29.5]},
			"faces": {
				"north": {"uv": [0, 0, 16, 16], "texture": "#2"},
				"east": {"uv": [0, 0, 16, 16], "texture": "#2"},
				"south": {"uv": [0, 0, 16, 16], "texture": "#2"},
				"west": {"uv": [0, 0, 16, 16], "texture": "#2"},
				"up": {"uv": [0, 0, 16, 16], "rotation": 180, "texture": "#2"},
				"down": {"uv": [0, 0, 16, 16], "rotation": 180, "texture": "#2"}
			}
		},
		{
			"from": [14, 16, 31],
			"to": [15, 17, 32],
			"rotation": {"angle": 45, "axis": "y", "origin": [14.5, 16.5, 29.5]},
			"faces": {
				"north": {"uv": [0, 0, 16, 16], "texture": "#2"},
				"east": {"uv": [0, 0, 16, 16], "texture": "#2"},
				"south": {"uv": [0, 0, 16, 16], "texture": "#2"},
				"west": {"uv": [0, 0, 16, 16], "texture": "#2"},
				"up": {"uv": [0, 0, 16, 16], "rotation": 180, "texture": "#2"},
				"down": {"uv": [0, 0, 16, 16], "rotation": 180, "texture": "#2"}
			}
		},
		{
			"from": [16, 16, 29],
			"to": [17, 17, 30],
			"rotation": {"angle": -22.5, "axis": "y", "origin": [14.5, 16.5, 29.5]},
			"faces": {
				"north": {"uv": [0, 0, 16, 16], "texture": "#2"},
				"east": {"uv": [0, 0, 16, 16], "texture": "#2"},
				"south": {"uv": [0, 0, 16, 16], "texture": "#2"},
				"west": {"uv": [0, 0, 16, 16], "texture": "#2"},
				"up": {"uv": [0, 0, 16, 16], "rotation": 90, "texture": "#2"},
				"down": {"uv": [0, 0, 16, 16], "rotation": 270, "texture": "#2"}
			}
		},
		{
			"from": [16, 16, 29],
			"to": [17, 17, 30],
			"rotation": {"angle": 0, "axis": "y", "origin": [14.5, 16.5, 29.5]},
			"faces": {
				"north": {"uv": [0, 0, 16, 16], "texture": "#2"},
				"east": {"uv": [0, 0, 16, 16], "texture": "#2"},
				"south": {"uv": [0, 0, 16, 16], "texture": "#2"},
				"west": {"uv": [0, 0, 16, 16], "texture": "#2"},
				"up": {"uv": [0, 0, 16, 16], "rotation": 90, "texture": "#2"},
				"down": {"uv": [0, 0, 16, 16], "rotation": 270, "texture": "#2"}
			}
		},
		{
			"from": [14.5, 16, 29.5],
			"to": [16, 17, 31],
			"rotation": {"angle": 0, "axis": "y", "origin": [14.5, 16.5, 29.5]},
			"faces": {
				"north": {"uv": [0, 0, 16, 16], "texture": "#2"},
				"east": {"uv": [0, 0, 16, 16], "texture": "#2"},
				"south": {"uv": [0, 0, 16, 16], "texture": "#2"},
				"west": {"uv": [0, 0, 16, 16], "texture": "#2"},
				"up": {"uv": [0, 0, 16, 16], "rotation": 90, "texture": "#2"},
				"down": {"uv": [0, 0, 16, 16], "rotation": 270, "texture": "#2"}
			}
		}
	],
	"display": {
		"thirdperson_righthand": {
			"rotation": [0, -180, 0],
			"translation": [0, 1.75, 0],
			"scale": [0.25, 0.25, 0.25]
		},
		"thirdperson_lefthand": {
			"rotation": [0, -180, 0],
			"translation": [0, 1.75, 0],
			"scale": [0.25, 0.25, 0.25]
		},
		"firstperson_righthand": {
			"rotation": [0, -180, 0],
			"translation": [0, 1.75, 0],
			"scale": [0.25, 0.25, 0.25]
		},
		"firstperson_lefthand": {
			"rotation": [0, -180, 0],
			"translation": [0, 1.75, 0],
			"scale": [0.25, 0.25, 0.25]
		},
		"ground": {
			"rotation": [0, -180, 0],
			"translation": [0, 1.75, 0],
			"scale": [0.25, 0.25, 0.25]
		},
		"gui": {
			"rotation": [22.5, -45, 0],
			"translation": [2.25, 0, 0],
			"scale": [0.4, 0.4, 0.4]
		},
		"head": {
			"translation": [0, -31.2, 1],
			"scale": [1.5, 1.5, 1.5]
		},
		"fixed": {
			"rotation": [0, -90, 0],
			"translation": [3.5, 0, -3.5],
			"scale": [0.5, 0.5, 0.5]
		}
	},
	"groups": [
		{
			"name": "PATAS",
			"origin": [8, 8, 8],
			"color": 0,
			"children": [
				{
					"name": "1 pata",
					"origin": [0.5, 0.5, 0.5],
					"color": 0,
					"children": [0, 1, 2, 3, 4, 5, 6, 7, 8, 9, 10, 11]
				},
				{
					"name": "2 pata",
					"origin": [0.5, 0.5, 0.5],
					"color": 0,
					"children": [12, 13, 14, 15, 16, 17, 18, 19, 20, 21, 22, 23]
				},
				{
					"name": "2 pata",
					"origin": [0.5, 0.5, 0.5],
					"color": 0,
					"children": [24, 25, 26, 27, 28, 29, 30, 31, 32, 33, 34, 35]
				},
				{
					"name": "2 pata",
					"origin": [0.5, 0.5, 0.5],
					"color": 0,
					"children": [36, 37, 38, 39, 40, 41, 42, 43, 44, 45, 46, 47]
				}
			]
		},
		{
			"name": "Fierros abajo",
			"origin": [8, 8, 8],
			"color": 0,
			"children": [48, 49, 50, 51]
		},
		{
			"name": "Tabla mesa",
			"origin": [8, 8, 8],
			"color": 0,
			"children": [
				52,
				53,
				54,
				55,
				56,
				{
					"name": "Esquinas",
					"origin": [8, 8, 8],
					"color": 0,
					"children": [
						{
							"name": "Esquina1",
							"origin": [8, 8, 8],
							"color": 0,
							"children": [57, 58, 59, 60, 61, 62]
						},
						{
							"name": "Esquina2",
							"origin": [8, 8, 8],
							"color": 0,
							"children": [63, 64, 65, 66, 67, 68]
						},
						{
							"name": "Esquina3",
							"origin": [8, 8, 8],
							"color": 0,
							"children": [69, 70, 71, 72, 73, 74]
						},
						{
							"name": "Esquina4",
							"origin": [8, 8, 8],
							"color": 0,
							"children": [75, 76, 77, 78, 79, 80]
						}
					]
				}
			]
		}
	]
}