{
	"credit": "Made by TeleMinecraft (Storbo)",
	"textures": {
		"1": "block/light_gray_concrete",
		"2": "block/white_concrete",
		"3": "block/iron_block"
	},
	"elements": [
		{
			"name": "tubo1",
			"from": [8.75, 1.25, 7.75],
			"to": [8.75, 16, 8.25],
			"rotation": {"angle": 0, "axis": "y", "origin": [8, 8, 8]},
			"faces": {
				"north": {"uv": [0, 0, 16, 16], "texture": "#1"},
				"east": {"uv": [0, 0, 16, 16], "texture": "#1"},
				"south": {"uv": [0, 0, 16, 16], "texture": "#1"},
				"west": {"uv": [0, 0, 16, 16], "texture": "#1"},
				"up": {"uv": [0, 0, 16, 16], "texture": "#1"},
				"down": {"uv": [0, 0, 16, 16], "texture": "#1"}
			}
		},
		{
			"name": "tubo2",
			"from": [8.75, 1.25, 7.75],
			"to": [8.75, 16, 8.25],
			"rotation": {"angle": 22.5, "axis": "y", "origin": [8, 8, 8]},
			"faces": {
				"north": {"uv": [0, 0, 16, 16], "texture": "#1"},
				"east": {"uv": [0, 0, 16, 16], "texture": "#1"},
				"south": {"uv": [0, 0, 16, 16], "texture": "#1"},
				"west": {"uv": [0, 0, 16, 16], "texture": "#1"},
				"up": {"uv": [0, 0, 16, 16], "texture": "#1"},
				"down": {"uv": [0, 0, 16, 16], "texture": "#1"}
			}
		},
		{
			"name": "tubo3",
			"from": [8.75, 1.25, 7.75],
			"to": [8.75, 16, 8.25],
			"rotation": {"angle": 45, "axis": "y", "origin": [8, 8, 8]},
			"faces": {
				"north": {"uv": [0, 0, 16, 16], "texture": "#1"},
				"east": {"uv": [0, 0, 16, 16], "texture": "#1"},
				"south": {"uv": [0, 0, 16, 16], "texture": "#1"},
				"west": {"uv": [0, 0, 16, 16], "texture": "#1"},
				"up": {"uv": [0, 0, 16, 16], "texture": "#1"},
				"down": {"uv": [0, 0, 16, 16], "texture": "#1"}
			}
		},
		{
			"name": "tubo4",
			"from": [7.75, 1.25, 7.25],
			"to": [8.25, 16, 7.25],
			"rotation": {"angle": -22.5, "axis": "y", "origin": [8, 8, 8]},
			"faces": {
				"north": {"uv": [0, 0, 16, 16], "texture": "#1"},
				"east": {"uv": [0, 0, 16, 16], "texture": "#1"},
				"south": {"uv": [0, 0, 16, 16], "texture": "#1"},
				"west": {"uv": [0, 0, 16, 16], "texture": "#1"},
				"up": {"uv": [0, 0, 16, 16], "texture": "#1"},
				"down": {"uv": [0, 0, 16, 16], "texture": "#1"}
			}
		},
		{
			"name": "tubo5",
			"from": [7.75, 1.25, 7.25],
			"to": [8.25, 16, 7.25],
			"rotation": {"angle": 0, "axis": "y", "origin": [8, 8, 8]},
			"faces": {
				"north": {"uv": [0, 0, 16, 16], "texture": "#1"},
				"east": {"uv": [0, 0, 16, 16], "texture": "#1"},
				"south": {"uv": [0, 0, 16, 16], "texture": "#1"},
				"west": {"uv": [0, 0, 16, 16], "texture": "#1"},
				"up": {"uv": [0, 0, 16, 16], "texture": "#1"},
				"down": {"uv": [0, 0, 16, 16], "texture": "#1"}
			}
		},
		{
			"name": "tubo6",
			"from": [7.75, 1.25, 7.25],
			"to": [8.25, 16, 7.25],
			"rotation": {"angle": 22.5, "axis": "y", "origin": [8, 8, 8]},
			"faces": {
				"north": {"uv": [0, 0, 16, 16], "texture": "#1"},
				"east": {"uv": [0, 0, 16, 16], "texture": "#1"},
				"south": {"uv": [0, 0, 16, 16], "texture": "#1"},
				"west": {"uv": [0, 0, 16, 16], "texture": "#1"},
				"up": {"uv": [0, 0, 16, 16], "texture": "#1"},
				"down": {"uv": [0, 0, 16, 16], "texture": "#1"}
			}
		},
		{
			"name": "tubo7",
			"from": [7.75, 1.25, 7.25],
			"to": [8.25, 16, 7.25],
			"rotation": {"angle": 45, "axis": "y", "origin": [8, 8, 8]},
			"faces": {
				"north": {"uv": [0, 0, 16, 16], "texture": "#1"},
				"east": {"uv": [0, 0, 16, 16], "texture": "#1"},
				"south": {"uv": [0, 0, 16, 16], "texture": "#1"},
				"west": {"uv": [0, 0, 16, 16], "texture": "#1"},
				"up": {"uv": [0, 0, 16, 16], "texture": "#1"},
				"down": {"uv": [0, 0, 16, 16], "texture": "#1"}
			}
		},
		{
			"name": "tubo8",
			"from": [7.25, 1.25, 7.75],
			"to": [7.25, 16, 8.25],
			"rotation": {"angle": -22.5, "axis": "y", "origin": [8, 8, 8]},
			"faces": {
				"north": {"uv": [0, 0, 16, 16], "texture": "#1"},
				"east": {"uv": [0, 0, 16, 16], "texture": "#1"},
				"south": {"uv": [0, 0, 16, 16], "texture": "#1"},
				"west": {"uv": [0, 0, 16, 16], "texture": "#1"},
				"up": {"uv": [0, 0, 16, 16], "texture": "#1"},
				"down": {"uv": [0, 0, 16, 16], "texture": "#1"}
			}
		},
		{
			"name": "tubo9",
			"from": [7.25, 1.25, 7.75],
			"to": [7.25, 16, 8.25],
			"rotation": {"angle": 0, "axis": "y", "origin": [8, 8, 8]},
			"faces": {
				"north": {"uv": [0, 0, 16, 16], "texture": "#1"},
				"east": {"uv": [0, 0, 16, 16], "texture": "#1"},
				"south": {"uv": [0, 0, 16, 16], "texture": "#1"},
				"west": {"uv": [0, 0, 16, 16], "texture": "#1"},
				"up": {"uv": [0, 0, 16, 16], "texture": "#1"},
				"down": {"uv": [0, 0, 16, 16], "texture": "#1"}
			}
		},
		{
			"name": "tubo10",
			"from": [7.25, 1.25, 7.75],
			"to": [7.25, 16, 8.25],
			"rotation": {"angle": 22.5, "axis": "y", "origin": [8, 8, 8]},
			"faces": {
				"north": {"uv": [0, 0, 16, 16], "texture": "#1"},
				"east": {"uv": [0, 0, 16, 16], "texture": "#1"},
				"south": {"uv": [0, 0, 16, 16], "texture": "#1"},
				"west": {"uv": [0, 0, 16, 16], "texture": "#1"},
				"up": {"uv": [0, 0, 16, 16], "texture": "#1"},
				"down": {"uv": [0, 0, 16, 16], "texture": "#1"}
			}
		},
		{
			"name": "tubo11",
			"from": [7.25, 1.25, 7.75],
			"to": [7.25, 16, 8.25],
			"rotation": {"angle": 45, "axis": "y", "origin": [8, 8, 8]},
			"faces": {
				"north": {"uv": [0, 0, 16, 16], "texture": "#1"},
				"east": {"uv": [0, 0, 16, 16], "texture": "#1"},
				"south": {"uv": [0, 0, 16, 16], "texture": "#1"},
				"west": {"uv": [0, 0, 16, 16], "texture": "#1"},
				"up": {"uv": [0, 0, 16, 16], "texture": "#1"},
				"down": {"uv": [0, 0, 16, 16], "texture": "#1"}
			}
		},
		{
			"name": "tubo12",
			"from": [7.75, 1.25, 8.75],
			"to": [8.25, 16, 8.75],
			"rotation": {"angle": -22.5, "axis": "y", "origin": [8, 8, 8]},
			"faces": {
				"north": {"uv": [0, 0, 16, 16], "texture": "#1"},
				"east": {"uv": [0, 0, 16, 16], "texture": "#1"},
				"south": {"uv": [0, 0, 16, 16], "texture": "#1"},
				"west": {"uv": [0, 0, 16, 16], "texture": "#1"},
				"up": {"uv": [0, 0, 16, 16], "texture": "#1"},
				"down": {"uv": [0, 0, 16, 16], "texture": "#1"}
			}
		},
		{
			"name": "tubo13",
			"from": [7.75, 1.25, 8.75],
			"to": [8.25, 16, 8.75],
			"rotation": {"angle": 0, "axis": "y", "origin": [8, 8, 8]},
			"faces": {
				"north": {"uv": [0, 0, 16, 16], "texture": "#1"},
				"east": {"uv": [0, 0, 16, 16], "texture": "#1"},
				"south": {"uv": [0, 0, 16, 16], "texture": "#1"},
				"west": {"uv": [0, 0, 16, 16], "texture": "#1"},
				"up": {"uv": [0, 0, 16, 16], "texture": "#1"},
				"down": {"uv": [0, 0, 16, 16], "texture": "#1"}
			}
		},
		{
			"name": "tubo14",
			"from": [7.75, 1.25, 8.75],
			"to": [8.25, 16, 8.75],
			"rotation": {"angle": 22.5, "axis": "y", "origin": [8, 8, 8]},
			"faces": {
				"north": {"uv": [0, 0, 16, 16], "texture": "#1"},
				"east": {"uv": [0, 0, 16, 16], "texture": "#1"},
				"south": {"uv": [0, 0, 16, 16], "texture": "#1"},
				"west": {"uv": [0, 0, 16, 16], "texture": "#1"},
				"up": {"uv": [0, 0, 16, 16], "texture": "#1"},
				"down": {"uv": [0, 0, 16, 16], "texture": "#1"}
			}
		},
		{
			"name": "tubo15",
			"from": [7.75, 1.25, 8.75],
			"to": [8.25, 16, 8.75],
			"rotation": {"angle": 45, "axis": "y", "origin": [8, 8, 8]},
			"faces": {
				"north": {"uv": [0, 0, 16, 16], "texture": "#1"},
				"east": {"uv": [0, 0, 16, 16], "texture": "#1"},
				"south": {"uv": [0, 0, 16, 16], "texture": "#1"},
				"west": {"uv": [0, 0, 16, 16], "texture": "#1"},
				"up": {"uv": [0, 0, 16, 16], "texture": "#1"},
				"down": {"uv": [0, 0, 16, 16], "texture": "#1"}
			}
		},
		{
			"name": "tubo16",
			"from": [8.75, 1.25, 7.75],
			"to": [8.75, 16, 8.25],
			"rotation": {"angle": -22.5, "axis": "y", "origin": [8, 8, 8]},
			"faces": {
				"north": {"uv": [0, 0, 16, 16], "texture": "#1"},
				"east": {"uv": [0, 0, 16, 16], "texture": "#1"},
				"south": {"uv": [0, 0, 16, 16], "texture": "#1"},
				"west": {"uv": [0, 0, 16, 16], "texture": "#1"},
				"up": {"uv": [0, 0, 16, 16], "texture": "#1"},
				"down": {"uv": [0, 0, 16, 16], "texture": "#1"}
			}
		},
		{
			"name": "pata1",
			"from": [3, 0.5, 7.5],
			"to": [13, 1.5, 8.5],
			"rotation": {"angle": 0, "axis": "y", "origin": [8, 8.25, 8]},
			"faces": {
				"north": {"uv": [0, 0, 16, 16], "texture": "#1"},
				"east": {"uv": [0, 0, 16, 16], "texture": "#1"},
				"south": {"uv": [0, 0, 16, 16], "texture": "#1"},
				"west": {"uv": [0, 0, 16, 16], "texture": "#1"},
				"up": {"uv": [0, 0, 16, 16], "texture": "#1"},
				"down": {"uv": [0, 0, 16, 16], "texture": "#1"}
			}
		},
		{
			"name": "pata2",
			"from": [7.5, 0.5, 3],
			"to": [8.5, 1.5, 13],
			"rotation": {"angle": 0, "axis": "y", "origin": [8, 8.25, 8]},
			"faces": {
				"north": {"uv": [0, 0, 16, 16], "texture": "#1"},
				"east": {"uv": [0, 0, 16, 16], "texture": "#1"},
				"south": {"uv": [0, 0, 16, 16], "texture": "#1"},
				"west": {"uv": [0, 0, 16, 16], "texture": "#1"},
				"up": {"uv": [0, 0, 16, 16], "rotation": 90, "texture": "#1"},
				"down": {"uv": [0, 0, 16, 16], "rotation": 270, "texture": "#1"}
			}
		},
		{
			"name": "tope1",
			"from": [7.5, 0, 3],
			"to": [8.5, 0.5, 4],
			"rotation": {"angle": 0, "axis": "y", "origin": [8, 8.25, 8]},
			"faces": {
				"north": {"uv": [0, 0, 16, 1], "texture": "#3"},
				"east": {"uv": [0, 0, 16, 1], "texture": "#3"},
				"south": {"uv": [0, 0, 16, 1], "texture": "#3"},
				"west": {"uv": [0, 0, 16, 1], "texture": "#3"},
				"up": {"uv": [0, 0, 16, 1], "texture": "#3"},
				"down": {"uv": [0, 0, 16, 1], "texture": "#3"}
			}
		},
		{
			"name": "tope2",
			"from": [7.5, 0, 12],
			"to": [8.5, 0.5, 13],
			"rotation": {"angle": 0, "axis": "y", "origin": [8, 8.25, 8]},
			"faces": {
				"north": {"uv": [0, 0, 16, 1], "texture": "#3"},
				"east": {"uv": [0, 0, 16, 1], "texture": "#3"},
				"south": {"uv": [0, 0, 16, 1], "texture": "#3"},
				"west": {"uv": [0, 0, 16, 1], "texture": "#3"},
				"up": {"uv": [0, 0, 16, 1], "texture": "#3"},
				"down": {"uv": [0, 0, 16, 1], "texture": "#3"}
			}
		},
		{
			"name": "tope3",
			"from": [3, 0, 7.5],
			"to": [4, 0.5, 8.5],
			"rotation": {"angle": 0, "axis": "y", "origin": [8, 8.25, 8]},
			"faces": {
				"north": {"uv": [0, 0, 16, 1], "texture": "#3"},
				"east": {"uv": [0, 0, 16, 1], "texture": "#3"},
				"south": {"uv": [0, 0, 16, 1], "texture": "#3"},
				"west": {"uv": [0, 0, 16, 1], "texture": "#3"},
				"up": {"uv": [0, 0, 16, 1], "texture": "#3"},
				"down": {"uv": [0, 0, 16, 1], "texture": "#3"}
			}
		},
		{
			"name": "tope4",
			"from": [12, 0, 7.5],
			"to": [13, 0.5, 8.5],
			"rotation": {"angle": 0, "axis": "y", "origin": [8, 8.25, 8]},
			"faces": {
				"north": {"uv": [0, 0, 16, 1], "texture": "#3"},
				"east": {"uv": [0, 0, 16, 1], "texture": "#3"},
				"south": {"uv": [0, 0, 16, 1], "texture": "#3"},
				"west": {"uv": [0, 0, 16, 1], "texture": "#3"},
				"up": {"uv": [0, 0, 16, 1], "texture": "#3"},
				"down": {"uv": [0, 0, 16, 1], "texture": "#3"}
			}
		},
		{
			"from": [5.84, 16, 1.892],
			"to": [8.7632, 17, 9.956],
			"rotation": {"angle": 22.5, "axis": "y", "origin": [4.076, -7.84, 6.932]},
			"faces": {
				"north": {"uv": [0, 0, 0, 0], "texture": "#2"},
				"east": {"uv": [0, 0, 0, 0], "texture": "#2"},
				"south": {"uv": [0, 0, 0, 0], "texture": "#2"},
				"west": {"uv": [0, 0, 0, 0], "texture": "#2"},
				"up": {"uv": [0, 0, 0, 0], "texture": "#2"},
				"down": {"uv": [0, 0, 0, 0], "texture": "#2"}
			}
		},
		{
			"from": [6.6968, 16, -1.132],
			"to": [9.62, 17, 6.932],
			"rotation": {"angle": -22.5, "axis": "y", "origin": [4.076, -7.84, 6.932]},
			"faces": {
				"north": {"uv": [0, 0, 0, 0], "texture": "#2"},
				"east": {"uv": [0, 0, 0, 0], "texture": "#2"},
				"south": {"uv": [0, 0, 0, 0], "texture": "#2"},
				"west": {"uv": [0, 0, 0, 0], "texture": "#2"},
				"up": {"uv": [0, 0, 0, 0], "texture": "#2"},
				"down": {"uv": [0, 0, 0, 0], "texture": "#2"}
			}
		},
		{
			"from": [5.95896, 16, -0.27187],
			"to": [8.98296, 17, 7.28813],
			"rotation": {"angle": 45, "axis": "y", "origin": [8.612, -7.84, 6.932]},
			"faces": {
				"north": {"uv": [0, 0, 0, 0], "texture": "#2"},
				"east": {"uv": [0, 0, 0, 0], "texture": "#2"},
				"south": {"uv": [0, 0, 0, 0], "texture": "#2"},
				"west": {"uv": [0, 0, 0, 0], "texture": "#2"},
				"up": {"uv": [0, 0, 0, 0], "texture": "#2"},
				"down": {"uv": [0, 0, 0, 0], "texture": "#2"}
			}
		},
		{
			"from": [7.91383, 16, 1.63257],
			"to": [10.93783, 17, 8.68857],
			"rotation": {"angle": -45, "axis": "y", "origin": [10.124, -7.84, 6.932]},
			"faces": {
				"north": {"uv": [0, 0, 0, 0], "texture": "#2"},
				"east": {"uv": [0, 0, 0, 0], "texture": "#2"},
				"south": {"uv": [0, 0, 0, 0], "texture": "#2"},
				"west": {"uv": [0, 0, 0, 0], "texture": "#2"},
				"up": {"uv": [0, 0, 0, 0], "texture": "#2"},
				"down": {"uv": [0, 0, 0, 0], "texture": "#2"}
			}
		},
		{
			"from": [1.2032, 16, 7.94],
			"to": [7.2512, 17, 10.964],
			"rotation": {"angle": -22.5, "axis": "y", "origin": [12.14, -7.84, 6.932]},
			"faces": {
				"north": {"uv": [0, 1, 0, 0], "rotation": 90, "texture": "#2"},
				"east": {"uv": [0, 1, 0, 0], "rotation": 90, "texture": "#2"},
				"south": {"uv": [0, 1, 0, 0], "rotation": 90, "texture": "#2"},
				"west": {"uv": [0, 1, 0, 0], "rotation": 90, "texture": "#2"},
				"up": {"uv": [0, 1, 0, 0], "rotation": 90, "texture": "#2"},
				"down": {"uv": [0, 1, 0, 0], "rotation": 90, "texture": "#2"}
			}
		},
		{
			"from": [0.4976, 16, 6.4784],
			"to": [8.0576, 17, 9.5024],
			"rotation": {"angle": 0, "axis": "y", "origin": [12.14, -7.84, 6.932]},
			"faces": {
				"north": {"uv": [0, 1, 0, 0], "rotation": 90, "texture": "#2"},
				"east": {"uv": [0, 1, 0, 0], "rotation": 90, "texture": "#2"},
				"south": {"uv": [0, 1, 0, 0], "rotation": 90, "texture": "#2"},
				"west": {"uv": [0, 1, 0, 0], "rotation": 90, "texture": "#2"},
				"up": {"uv": [0, 1, 0, 0], "rotation": 90, "texture": "#2"},
				"down": {"uv": [0, 1, 0, 0], "rotation": 90, "texture": "#2"}
			}
		},
		{
			"from": [7.5032, 16, 6.5288],
			"to": [15.5672, 17, 9.5528],
			"rotation": {"angle": 0, "axis": "y", "origin": [4.076, -7.84, 6.932]},
			"faces": {
				"north": {"uv": [0, 0, 0, 0], "rotation": 90, "texture": "#2"},
				"east": {"uv": [0, 0, 0, 0], "rotation": 90, "texture": "#2"},
				"south": {"uv": [0, 0, 0, 0], "rotation": 90, "texture": "#2"},
				"west": {"uv": [0, 0, 0, 0], "rotation": 90, "texture": "#2"},
				"up": {"uv": [0, 0, 0, 0], "rotation": 90, "texture": "#2"},
				"down": {"uv": [0, 0, 0, 0], "rotation": 90, "texture": "#2"}
			}
		},
		{
			"from": [10.3256, 16, 7.94],
			"to": [14.8616, 17, 10.964],
			"rotation": {"angle": 22.5, "axis": "y", "origin": [4.076, -7.84, 6.932]},
			"faces": {
				"north": {"uv": [0, 0, 0, 0], "rotation": 90, "texture": "#2"},
				"east": {"uv": [0, 0, 0, 0], "rotation": 90, "texture": "#2"},
				"south": {"uv": [0, 0, 0, 0], "rotation": 90, "texture": "#2"},
				"west": {"uv": [0, 0, 0, 0], "rotation": 90, "texture": "#2"},
				"up": {"uv": [0, 0, 0, 0], "rotation": 90, "texture": "#2"},
				"down": {"uv": [0, 0, 0, 0], "rotation": 90, "texture": "#2"}
			}
		},
		{
			"from": [6.4952, 16, 0.4808],
			"to": [9.62, 17, 5.0168],
			"rotation": {"angle": 0, "axis": "y", "origin": [4.076, -7.84, 6.932]},
			"faces": {
				"north": {"uv": [0, 0, 0, 0], "texture": "#2"},
				"east": {"uv": [0, 0, 0, 0], "texture": "#2"},
				"south": {"uv": [0, 0, 0, 0], "texture": "#2"},
				"west": {"uv": [0, 0, 0, 0], "texture": "#2"},
				"up": {"uv": [0, 0, 0, 0], "texture": "#2"},
				"down": {"uv": [0, 0, 0, 0], "texture": "#2"}
			}
		},
		{
			"from": [5.84, 16, 7.4864],
			"to": [8.7632, 17, 14.0384],
			"rotation": {"angle": -22.5, "axis": "y", "origin": [4.076, -7.84, 8.9984]},
			"faces": {
				"north": {"uv": [0, 1, 0, 0], "texture": "#2"},
				"east": {"uv": [0, 1, 0, 0], "texture": "#2"},
				"south": {"uv": [0, 1, 0, 0], "texture": "#2"},
				"west": {"uv": [0, 1, 0, 0], "texture": "#2"},
				"up": {"uv": [0, 1, 0, 0], "texture": "#2"},
				"down": {"uv": [0, 1, 0, 0], "texture": "#2"}
			}
		},
		{
			"from": [6.6968, 16, 10.0064],
			"to": [9.62, 17, 17.0624],
			"rotation": {"angle": 22.5, "axis": "y", "origin": [4.076, -7.84, 8.9984]},
			"faces": {
				"north": {"uv": [0, 1, 0, 0], "texture": "#2"},
				"east": {"uv": [0, 1, 0, 0], "texture": "#2"},
				"south": {"uv": [0, 1, 0, 0], "texture": "#2"},
				"west": {"uv": [0, 1, 0, 0], "texture": "#2"},
				"up": {"uv": [0, 1, 0, 0], "texture": "#2"},
				"down": {"uv": [0, 1, 0, 0], "texture": "#2"}
			}
		},
		{
			"from": [5.95896, 16, 10.65827],
			"to": [8.98296, 17, 16.20227],
			"rotation": {"angle": -45, "axis": "y", "origin": [8.612, -7.84, 8.9984]},
			"faces": {
				"north": {"uv": [0, 1, 0, 0], "texture": "#2"},
				"east": {"uv": [0, 1, 0, 0], "texture": "#2"},
				"south": {"uv": [0, 1, 0, 0], "texture": "#2"},
				"west": {"uv": [0, 1, 0, 0], "texture": "#2"},
				"up": {"uv": [0, 1, 0, 0], "texture": "#2"},
				"down": {"uv": [0, 1, 0, 0], "texture": "#2"}
			}
		},
		{
			"from": [7.91383, 16, 7.24183],
			"to": [10.93783, 17, 14.29783],
			"rotation": {"angle": 45, "axis": "y", "origin": [10.124, -7.84, 8.9984]},
			"faces": {
				"north": {"uv": [0, 1, 0, 0], "texture": "#2"},
				"east": {"uv": [0, 1, 0, 0], "texture": "#2"},
				"south": {"uv": [0, 1, 0, 0], "texture": "#2"},
				"west": {"uv": [0, 1, 0, 0], "texture": "#2"},
				"up": {"uv": [0, 1, 0, 0], "texture": "#2"},
				"down": {"uv": [0, 1, 0, 0], "texture": "#2"}
			}
		},
		{
			"from": [1.2032, 16, 4.9664],
			"to": [6.2432, 17, 7.9904],
			"rotation": {"angle": 22.5, "axis": "y", "origin": [12.14, -7.84, 8.9984]},
			"faces": {
				"north": {"uv": [0, 1, 0, 0], "rotation": 90, "texture": "#2"},
				"east": {"uv": [0, 1, 0, 0], "rotation": 90, "texture": "#2"},
				"south": {"uv": [0, 1, 0, 0], "rotation": 90, "texture": "#2"},
				"west": {"uv": [0, 1, 0, 0], "rotation": 90, "texture": "#2"},
				"up": {"uv": [0, 1, 0, 0], "rotation": 90, "texture": "#2"},
				"down": {"uv": [0, 1, 0, 0], "rotation": 90, "texture": "#2"}
			}
		},
		{
			"from": [10.8296, 16, 4.9664],
			"to": [14.8616, 17, 7.9904],
			"rotation": {"angle": -22.5, "axis": "y", "origin": [4.076, -7.84, 8.9984]},
			"faces": {
				"north": {"uv": [0, 0, 0, 0], "rotation": 90, "texture": "#2"},
				"east": {"uv": [0, 0, 0, 0], "rotation": 90, "texture": "#2"},
				"south": {"uv": [0, 0, 0, 0], "rotation": 90, "texture": "#2"},
				"west": {"uv": [0, 0, 0, 0], "rotation": 90, "texture": "#2"},
				"up": {"uv": [0, 0, 0, 0], "rotation": 90, "texture": "#2"},
				"down": {"uv": [0, 0, 0, 0], "rotation": 90, "texture": "#2"}
			}
		},
		{
			"from": [6.4952, 16, 9.9056],
			"to": [9.62, 17, 15.4496],
			"rotation": {"angle": 0, "axis": "y", "origin": [4.076, -7.84, 8.9984]},
			"faces": {
				"north": {"uv": [0, 1, 0, 0], "texture": "#2"},
				"east": {"uv": [0, 1, 0, 0], "texture": "#2"},
				"south": {"uv": [0, 1, 0, 0], "texture": "#2"},
				"west": {"uv": [0, 1, 0, 0], "texture": "#2"},
				"up": {"uv": [0, 1, 0, 0], "texture": "#2"},
				"down": {"uv": [0, 1, 0, 0], "texture": "#2"}
			}
		}
	],
	"display": {
		"thirdperson_righthand": {
			"rotation": [0, -180, 0],
			"translation": [0, 1.75, 0],
			"scale": [0.25, 0.25, 0.25]
		},
		"thirdperson_lefthand": {
			"rotation": [0, -180, 0],
			"translation": [0, 1.75, 0],
			"scale": [0.25, 0.25, 0.25]
		},
		"firstperson_righthand": {
			"rotation": [0, -180, 0],
			"translation": [0, 1.75, 0],
			"scale": [0.25, 0.25, 0.25]
		},
		"firstperson_lefthand": {
			"rotation": [0, -180, 0],
			"translation": [0, 1.75, 0],
			"scale": [0.25, 0.25, 0.25]
		},
		"ground": {
			"rotation": [0, -180, 0],
			"translation": [0, 1.75, 0],
			"scale": [0.25, 0.25, 0.25]
		},
		"gui": {
			"rotation": [22.5, -135, 0],
			"scale": [0.5, 0.5, 0.5]
		},
		"head": {
			"translation": [0, -31.2, 0],
			"scale": [1.5, 1.5, 1.5]
		},
		"fixed": {
			"rotation": [0, -180, 0],
			"translation": [0, 0, -0.5],
			"scale": [0.5, 0.5, 0.5]
		}
	},
	"groups": [
		{
			"name": "Tubo",
			"origin": [8, 8, 8],
			"color": 0,
			"children": [0, 1, 2, 3, 4, 5, 6, 7, 8, 9, 10, 11, 12, 13, 14, 15]
		},
		{
			"name": "Patas",
			"origin": [8, 8, 8],
			"color": 0,
			"children": [
				16,
				17,
				{
					"name": "Topes",
					"origin": [8, 8, 8],
					"color": 0,
					"children": [18, 19, 20, 21]
				}
			]
		},
		{
			"name": "group",
			"origin": [0, 0, 0],
			"color": 0,
			"children": [22, 23, 24, 25, 26, 27, 28, 29, 30, 31, 32, 33, 34, 35, 36, 37]
		}
	]
}