{
	"credit": "Made by TeleMinecraft (Storbo)",
	"textures": {
		"0": "block/glass",
		"1": "block/random/logo_vidrio",
		"2": "block/gray_concrete",
		"3": "block/light_gray_concrete",
		"particle": "block/glass"
	},
	"elements": [
		{
			"from": [-8, -16, 8],
			"to": [16, 32, 9],
			"faces": {
				"north": {"uv": [0.9, 0.9, 15.1, 15.1], "rotation": 180, "texture": "#0"},
				"east": {"uv": [0, 0, 16, 1], "texture": "#0"},
				"south": {"uv": [0.9, 0.9, 15.1, 15.1], "rotation": 270, "texture": "#0"},
				"west": {"uv": [0, 0, 16, 1], "texture": "#0"},
				"up": {"uv": [0, 0, 16, 1], "texture": "#0"},
				"down": {"uv": [0, 0, 16, 1], "texture": "#0"}
			}
		},
		{
			"from": [-8, 12, 8],
			"to": [16, 20, 9],
			"faces": {
				"north": {"uv": [0, 1.68729, 16, 14.64665], "texture": "#1"},
				"east": {"uv": [7.39253, 4.28268, 8.39253, 12.28268], "texture": "#0"},
				"south": {"uv": [0, 1.68729, 16, 14.64665], "texture": "#1"},
				"west": {"uv": [8, 4, 9, 12], "texture": "#0"},
				"up": {"uv": [0, 0, 16, 1], "texture": "#1"},
				"down": {"uv": [0, 0, 16, 1], "texture": "#1"}
			}
		},
		{
			"from": [-7, 30, 7.7],
			"to": [-4, 32, 9.3],
			"faces": {
				"north": {"uv": [0, 0, 1, 1], "texture": "#2"},
				"east": {"uv": [0, 0, 1, 1], "texture": "#2"},
				"south": {"uv": [0, 0, 1, 1], "texture": "#2"},
				"west": {"uv": [0, 0, 1, 1], "texture": "#2"},
				"up": {"uv": [0, 0, 1, 1], "texture": "#2"},
				"down": {"uv": [0, 0, 1, 1], "texture": "#2"}
			}
		},
		{
			"from": [-7, -16, 7.7],
			"to": [-4, -14, 9.3],
			"faces": {
				"north": {"uv": [0, 0, 1, 1], "texture": "#2"},
				"east": {"uv": [0, 0, 1, 1], "texture": "#2"},
				"south": {"uv": [0, 0, 1, 1], "texture": "#2"},
				"west": {"uv": [0, 0, 1, 1], "texture": "#2"},
				"up": {"uv": [0, 0, 1, 1], "texture": "#2"},
				"down": {"uv": [0, 0, 1, 1], "texture": "#2"}
			}
		},
		{
			"from": [12, -16, 7.7],
			"to": [15, -14, 9.3],
			"faces": {
				"north": {"uv": [0, 0, 1, 1], "texture": "#2"},
				"east": {"uv": [0, 0, 1, 1], "texture": "#2"},
				"south": {"uv": [0, 0, 1, 1], "texture": "#2"},
				"west": {"uv": [0, 0, 1, 1], "texture": "#2"},
				"up": {"uv": [0, 0, 1, 1], "texture": "#2"},
				"down": {"uv": [0, 0, 1, 1], "texture": "#2"}
			}
		},
		{
			"from": [11.9724, 9.25292, 6.5378],
			"to": [12.19868, 9.87714, 10.3378],
			"rotation": {"angle": 22.5, "axis": "z", "origin": [11.83585, 9.487, 9.2548]},
			"faces": {
				"north": {"uv": [0, 0, 0, 0], "rotation": 180, "texture": "#3"},
				"east": {"uv": [0, 0, 0, 0], "rotation": 270, "texture": "#3"},
				"south": {"uv": [0, 0, 0, 0], "texture": "#3"},
				"west": {"uv": [0, 0, 0, 0], "rotation": 90, "texture": "#3"},
				"up": {"uv": [0, 0, 0, 0], "rotation": 180, "texture": "#3"},
				"down": {"uv": [0, 0, 0, 0], "texture": "#3"}
			}
		},
		{
			"from": [12.03873, 9.487, 6.5378],
			"to": [12.265, 10.11122, 10.3378],
			"rotation": {"angle": -22.5, "axis": "z", "origin": [11.83585, 9.487, 9.2548]},
			"faces": {
				"north": {"uv": [0, 0, 0, 0], "rotation": 180, "texture": "#3"},
				"east": {"uv": [0, 0, 0, 0], "rotation": 270, "texture": "#3"},
				"south": {"uv": [0, 0, 0, 0], "texture": "#3"},
				"west": {"uv": [0, 0, 0, 0], "rotation": 90, "texture": "#3"},
				"up": {"uv": [0, 0, 0, 0], "rotation": 180, "texture": "#3"},
				"down": {"uv": [0, 0, 0, 0], "texture": "#3"}
			}
		},
		{
			"from": [11.98161, 9.45943, 6.5378],
			"to": [12.21569, 10.04464, 10.3378],
			"rotation": {"angle": 45, "axis": "z", "origin": [12.18698, 9.487, 9.2548]},
			"faces": {
				"north": {"uv": [0, 0, 0, 0], "rotation": 180, "texture": "#3"},
				"east": {"uv": [0, 0, 0, 0], "rotation": 270, "texture": "#3"},
				"south": {"uv": [0, 0, 0, 0], "texture": "#3"},
				"west": {"uv": [0, 0, 0, 0], "rotation": 90, "texture": "#3"},
				"up": {"uv": [0, 0, 0, 0], "rotation": 180, "texture": "#3"},
				"down": {"uv": [0, 0, 0, 0], "texture": "#3"}
			}
		},
		{
			"from": [12.13293, 9.35103, 6.5378],
			"to": [12.36701, 9.89722, 10.3378],
			"rotation": {"angle": -45, "axis": "z", "origin": [12.30402, 9.487, 9.2548]},
			"faces": {
				"north": {"uv": [0, 0, 0, 0], "rotation": 180, "texture": "#3"},
				"east": {"uv": [0, 0, 0, 0], "rotation": 270, "texture": "#3"},
				"south": {"uv": [0, 0, 0, 0], "texture": "#3"},
				"west": {"uv": [0, 0, 0, 0], "rotation": 90, "texture": "#3"},
				"up": {"uv": [0, 0, 0, 0], "rotation": 180, "texture": "#3"},
				"down": {"uv": [0, 0, 0, 0], "texture": "#3"}
			}
		},
		{
			"from": [11.61348, 9.17489, 6.5378],
			"to": [12.08164, 9.40897, 10.3378],
			"rotation": {"angle": -22.5, "axis": "z", "origin": [12.46007, 9.487, 9.2548]},
			"faces": {
				"north": {"uv": [0, 1, 0, 0], "rotation": 270, "texture": "#3"},
				"east": {"uv": [0, 1, 0, 0], "texture": "#3"},
				"south": {"uv": [0, 1, 0, 0], "rotation": 90, "texture": "#3"},
				"west": {"uv": [0, 1, 0, 0], "rotation": 180, "texture": "#3"},
				"up": {"uv": [0, 1, 0, 0], "rotation": 270, "texture": "#3"},
				"down": {"uv": [0, 1, 0, 0], "rotation": 90, "texture": "#3"}
			}
		},
		{
			"from": [11.55886, 9.28803, 6.5378],
			"to": [12.14406, 9.52211, 10.3378],
			"rotation": {"angle": 0, "axis": "y", "origin": [12.46007, 9.487, 9.2548]},
			"faces": {
				"north": {"uv": [0, 1, 0, 0], "rotation": 270, "texture": "#3"},
				"east": {"uv": [0, 1, 0, 0], "texture": "#3"},
				"south": {"uv": [0, 1, 0, 0], "rotation": 90, "texture": "#3"},
				"west": {"uv": [0, 1, 0, 0], "rotation": 180, "texture": "#3"},
				"up": {"uv": [0, 1, 0, 0], "rotation": 270, "texture": "#3"},
				"down": {"uv": [0, 1, 0, 0], "rotation": 90, "texture": "#3"}
			}
		},
		{
			"from": [12.10115, 9.28413, 6.5378],
			"to": [12.72537, 9.51821, 10.3378],
			"rotation": {"angle": 0, "axis": "y", "origin": [11.83585, 9.487, 9.2548]},
			"faces": {
				"north": {"uv": [0, 0, 0, 0], "rotation": 270, "texture": "#3"},
				"east": {"uv": [0, 0, 0, 0], "texture": "#3"},
				"south": {"uv": [0, 0, 0, 0], "rotation": 90, "texture": "#3"},
				"west": {"uv": [0, 0, 0, 0], "rotation": 180, "texture": "#3"},
				"up": {"uv": [0, 0, 0, 0], "rotation": 270, "texture": "#3"},
				"down": {"uv": [0, 0, 0, 0], "rotation": 90, "texture": "#3"}
			}
		},
		{
			"from": [12.31962, 9.17489, 6.5378],
			"to": [12.67075, 9.40897, 10.3378],
			"rotation": {"angle": 22.5, "axis": "z", "origin": [11.83585, 9.487, 9.2548]},
			"faces": {
				"north": {"uv": [0, 0, 0, 0], "rotation": 270, "texture": "#3"},
				"east": {"uv": [0, 0, 0, 0], "texture": "#3"},
				"south": {"uv": [0, 0, 0, 0], "rotation": 90, "texture": "#3"},
				"west": {"uv": [0, 0, 0, 0], "rotation": 180, "texture": "#3"},
				"up": {"uv": [0, 0, 0, 0], "rotation": 270, "texture": "#3"},
				"down": {"uv": [0, 0, 0, 0], "rotation": 90, "texture": "#3"}
			}
		},
		{
			"from": [12.02312, 9.63525, 6.5378],
			"to": [12.265, 9.98637, 10.3378],
			"rotation": {"angle": 0, "axis": "y", "origin": [11.83585, 9.487, 9.2548]},
			"faces": {
				"north": {"uv": [0, 0, 0, 0], "rotation": 180, "texture": "#3"},
				"east": {"uv": [0, 0, 0, 0], "rotation": 270, "texture": "#3"},
				"south": {"uv": [0, 0, 0, 0], "texture": "#3"},
				"west": {"uv": [0, 0, 0, 0], "rotation": 90, "texture": "#3"},
				"up": {"uv": [0, 0, 0, 0], "rotation": 180, "texture": "#3"},
				"down": {"uv": [0, 0, 0, 0], "texture": "#3"}
			}
		},
		{
			"from": [11.9724, 8.93691, 6.5378],
			"to": [12.19868, 9.44408, 10.3378],
			"rotation": {"angle": -22.5, "axis": "z", "origin": [11.83585, 9.32704, 9.2548]},
			"faces": {
				"north": {"uv": [0, 1, 0, 0], "rotation": 180, "texture": "#3"},
				"east": {"uv": [0, 1, 0, 0], "rotation": 270, "texture": "#3"},
				"south": {"uv": [0, 1, 0, 0], "texture": "#3"},
				"west": {"uv": [0, 1, 0, 0], "rotation": 90, "texture": "#3"},
				"up": {"uv": [0, 1, 0, 0], "rotation": 180, "texture": "#3"},
				"down": {"uv": [0, 1, 0, 0], "texture": "#3"}
			}
		},
		{
			"from": [12.03873, 8.70283, 6.5378],
			"to": [12.265, 9.24902, 10.3378],
			"rotation": {"angle": 22.5, "axis": "z", "origin": [11.83585, 9.32704, 9.2548]},
			"faces": {
				"north": {"uv": [0, 1, 0, 0], "rotation": 180, "texture": "#3"},
				"east": {"uv": [0, 1, 0, 0], "rotation": 270, "texture": "#3"},
				"south": {"uv": [0, 1, 0, 0], "texture": "#3"},
				"west": {"uv": [0, 1, 0, 0], "rotation": 90, "texture": "#3"},
				"up": {"uv": [0, 1, 0, 0], "rotation": 180, "texture": "#3"},
				"down": {"uv": [0, 1, 0, 0], "texture": "#3"}
			}
		},
		{
			"from": [11.98161, 8.76941, 6.5378],
			"to": [12.21569, 9.19856, 10.3378],
			"rotation": {"angle": -45, "axis": "z", "origin": [12.18698, 9.32704, 9.2548]},
			"faces": {
				"north": {"uv": [0, 1, 0, 0], "rotation": 180, "texture": "#3"},
				"east": {"uv": [0, 1, 0, 0], "rotation": 270, "texture": "#3"},
				"south": {"uv": [0, 1, 0, 0], "texture": "#3"},
				"west": {"uv": [0, 1, 0, 0], "rotation": 90, "texture": "#3"},
				"up": {"uv": [0, 1, 0, 0], "rotation": 180, "texture": "#3"},
				"down": {"uv": [0, 1, 0, 0], "texture": "#3"}
			}
		},
		{
			"from": [12.13293, 8.91683, 6.5378],
			"to": [12.36701, 9.46302, 10.3378],
			"rotation": {"angle": 45, "axis": "z", "origin": [12.30402, 9.32704, 9.2548]},
			"faces": {
				"north": {"uv": [0, 1, 0, 0], "rotation": 180, "texture": "#3"},
				"east": {"uv": [0, 1, 0, 0], "rotation": 270, "texture": "#3"},
				"south": {"uv": [0, 1, 0, 0], "texture": "#3"},
				"west": {"uv": [0, 1, 0, 0], "rotation": 90, "texture": "#3"},
				"up": {"uv": [0, 1, 0, 0], "rotation": 180, "texture": "#3"},
				"down": {"uv": [0, 1, 0, 0], "texture": "#3"}
			}
		},
		{
			"from": [11.61348, 9.40507, 6.5378],
			"to": [12.00361, 9.63915, 10.3378],
			"rotation": {"angle": 22.5, "axis": "z", "origin": [12.46007, 9.32704, 9.2548]},
			"faces": {
				"north": {"uv": [0, 1, 0, 0], "rotation": 270, "texture": "#3"},
				"east": {"uv": [0, 1, 0, 0], "texture": "#3"},
				"south": {"uv": [0, 1, 0, 0], "rotation": 90, "texture": "#3"},
				"west": {"uv": [0, 1, 0, 0], "rotation": 180, "texture": "#3"},
				"up": {"uv": [0, 1, 0, 0], "rotation": 270, "texture": "#3"},
				"down": {"uv": [0, 1, 0, 0], "rotation": 90, "texture": "#3"}
			}
		},
		{
			"from": [12.35864, 9.40507, 6.5378],
			"to": [12.67075, 9.63915, 10.3378],
			"rotation": {"angle": -22.5, "axis": "z", "origin": [11.83585, 9.32704, 9.2548]},
			"faces": {
				"north": {"uv": [0, 0, 0, 0], "rotation": 270, "texture": "#3"},
				"east": {"uv": [0, 0, 0, 0], "texture": "#3"},
				"south": {"uv": [0, 0, 0, 0], "rotation": 90, "texture": "#3"},
				"west": {"uv": [0, 0, 0, 0], "rotation": 180, "texture": "#3"},
				"up": {"uv": [0, 0, 0, 0], "rotation": 270, "texture": "#3"},
				"down": {"uv": [0, 0, 0, 0], "rotation": 90, "texture": "#3"}
			}
		},
		{
			"from": [12.02312, 8.82767, 6.5378],
			"to": [12.265, 9.25682, 10.3378],
			"rotation": {"angle": 0, "axis": "y", "origin": [11.83585, 9.32704, 9.2548]},
			"faces": {
				"north": {"uv": [0, 1, 0, 0], "rotation": 180, "texture": "#3"},
				"east": {"uv": [0, 1, 0, 0], "rotation": 270, "texture": "#3"},
				"south": {"uv": [0, 1, 0, 0], "texture": "#3"},
				"west": {"uv": [0, 1, 0, 0], "rotation": 90, "texture": "#3"},
				"up": {"uv": [0, 1, 0, 0], "rotation": 180, "texture": "#3"},
				"down": {"uv": [0, 1, 0, 0], "texture": "#3"}
			}
		},
		{
			"from": [11.9724, 5.45292, 6.5378],
			"to": [12.19868, 6.07714, 10.3378],
			"rotation": {"angle": 22.5, "axis": "z", "origin": [11.83585, 5.687, 9.2548]},
			"faces": {
				"north": {"uv": [0, 0, 0, 0], "rotation": 180, "texture": "#3"},
				"east": {"uv": [0, 0, 0, 0], "rotation": 270, "texture": "#3"},
				"south": {"uv": [0, 0, 0, 0], "texture": "#3"},
				"west": {"uv": [0, 0, 0, 0], "rotation": 90, "texture": "#3"},
				"up": {"uv": [0, 0, 0, 0], "rotation": 180, "texture": "#3"},
				"down": {"uv": [0, 0, 0, 0], "texture": "#3"}
			}
		},
		{
			"from": [12.03873, 5.687, 6.5378],
			"to": [12.265, 6.31122, 10.3378],
			"rotation": {"angle": -22.5, "axis": "z", "origin": [11.83585, 5.687, 9.2548]},
			"faces": {
				"north": {"uv": [0, 0, 0, 0], "rotation": 180, "texture": "#3"},
				"east": {"uv": [0, 0, 0, 0], "rotation": 270, "texture": "#3"},
				"south": {"uv": [0, 0, 0, 0], "texture": "#3"},
				"west": {"uv": [0, 0, 0, 0], "rotation": 90, "texture": "#3"},
				"up": {"uv": [0, 0, 0, 0], "rotation": 180, "texture": "#3"},
				"down": {"uv": [0, 0, 0, 0], "texture": "#3"}
			}
		},
		{
			"from": [11.98161, 5.65943, 6.5378],
			"to": [12.21569, 6.24464, 10.3378],
			"rotation": {"angle": 45, "axis": "z", "origin": [12.18698, 5.687, 9.2548]},
			"faces": {
				"north": {"uv": [0, 0, 0, 0], "rotation": 180, "texture": "#3"},
				"east": {"uv": [0, 0, 0, 0], "rotation": 270, "texture": "#3"},
				"south": {"uv": [0, 0, 0, 0], "texture": "#3"},
				"west": {"uv": [0, 0, 0, 0], "rotation": 90, "texture": "#3"},
				"up": {"uv": [0, 0, 0, 0], "rotation": 180, "texture": "#3"},
				"down": {"uv": [0, 0, 0, 0], "texture": "#3"}
			}
		},
		{
			"from": [12.13293, 5.55103, 6.5378],
			"to": [12.36701, 6.09722, 10.3378],
			"rotation": {"angle": -45, "axis": "z", "origin": [12.30402, 5.687, 9.2548]},
			"faces": {
				"north": {"uv": [0, 0, 0, 0], "rotation": 180, "texture": "#3"},
				"east": {"uv": [0, 0, 0, 0], "rotation": 270, "texture": "#3"},
				"south": {"uv": [0, 0, 0, 0], "texture": "#3"},
				"west": {"uv": [0, 0, 0, 0], "rotation": 90, "texture": "#3"},
				"up": {"uv": [0, 0, 0, 0], "rotation": 180, "texture": "#3"},
				"down": {"uv": [0, 0, 0, 0], "texture": "#3"}
			}
		},
		{
			"from": [11.61348, 5.37489, 6.5378],
			"to": [12.08164, 5.60897, 10.3378],
			"rotation": {"angle": -22.5, "axis": "z", "origin": [12.46007, 5.687, 9.2548]},
			"faces": {
				"north": {"uv": [0, 1, 0, 0], "rotation": 270, "texture": "#3"},
				"east": {"uv": [0, 1, 0, 0], "texture": "#3"},
				"south": {"uv": [0, 1, 0, 0], "rotation": 90, "texture": "#3"},
				"west": {"uv": [0, 1, 0, 0], "rotation": 180, "texture": "#3"},
				"up": {"uv": [0, 1, 0, 0], "rotation": 270, "texture": "#3"},
				"down": {"uv": [0, 1, 0, 0], "rotation": 90, "texture": "#3"}
			}
		},
		{
			"from": [11.55886, 5.48803, 6.5378],
			"to": [12.14406, 5.72211, 10.3378],
			"rotation": {"angle": 0, "axis": "y", "origin": [12.46007, 5.687, 9.2548]},
			"faces": {
				"north": {"uv": [0, 1, 0, 0], "rotation": 270, "texture": "#3"},
				"east": {"uv": [0, 1, 0, 0], "texture": "#3"},
				"south": {"uv": [0, 1, 0, 0], "rotation": 90, "texture": "#3"},
				"west": {"uv": [0, 1, 0, 0], "rotation": 180, "texture": "#3"},
				"up": {"uv": [0, 1, 0, 0], "rotation": 270, "texture": "#3"},
				"down": {"uv": [0, 1, 0, 0], "rotation": 90, "texture": "#3"}
			}
		},
		{
			"from": [12.10115, 5.48413, 6.5378],
			"to": [12.72537, 5.71821, 10.3378],
			"rotation": {"angle": 0, "axis": "y", "origin": [11.83585, 5.687, 9.2548]},
			"faces": {
				"north": {"uv": [0, 0, 0, 0], "rotation": 270, "texture": "#3"},
				"east": {"uv": [0, 0, 0, 0], "texture": "#3"},
				"south": {"uv": [0, 0, 0, 0], "rotation": 90, "texture": "#3"},
				"west": {"uv": [0, 0, 0, 0], "rotation": 180, "texture": "#3"},
				"up": {"uv": [0, 0, 0, 0], "rotation": 270, "texture": "#3"},
				"down": {"uv": [0, 0, 0, 0], "rotation": 90, "texture": "#3"}
			}
		},
		{
			"from": [12.31962, 5.37489, 6.5378],
			"to": [12.67075, 5.60897, 10.3378],
			"rotation": {"angle": 22.5, "axis": "z", "origin": [11.83585, 5.687, 9.2548]},
			"faces": {
				"north": {"uv": [0, 0, 0, 0], "rotation": 270, "texture": "#3"},
				"east": {"uv": [0, 0, 0, 0], "texture": "#3"},
				"south": {"uv": [0, 0, 0, 0], "rotation": 90, "texture": "#3"},
				"west": {"uv": [0, 0, 0, 0], "rotation": 180, "texture": "#3"},
				"up": {"uv": [0, 0, 0, 0], "rotation": 270, "texture": "#3"},
				"down": {"uv": [0, 0, 0, 0], "rotation": 90, "texture": "#3"}
			}
		},
		{
			"from": [12.02312, 5.83525, 6.5378],
			"to": [12.265, 6.18637, 10.3378],
			"rotation": {"angle": 0, "axis": "y", "origin": [11.83585, 5.687, 9.2548]},
			"faces": {
				"north": {"uv": [0, 0, 0, 0], "rotation": 180, "texture": "#3"},
				"east": {"uv": [0, 0, 0, 0], "rotation": 270, "texture": "#3"},
				"south": {"uv": [0, 0, 0, 0], "texture": "#3"},
				"west": {"uv": [0, 0, 0, 0], "rotation": 90, "texture": "#3"},
				"up": {"uv": [0, 0, 0, 0], "rotation": 180, "texture": "#3"},
				"down": {"uv": [0, 0, 0, 0], "texture": "#3"}
			}
		},
		{
			"from": [11.9724, 5.13691, 6.5378],
			"to": [12.19868, 5.64408, 10.3378],
			"rotation": {"angle": -22.5, "axis": "z", "origin": [11.83585, 5.52704, 9.2548]},
			"faces": {
				"north": {"uv": [0, 1, 0, 0], "rotation": 180, "texture": "#3"},
				"east": {"uv": [0, 1, 0, 0], "rotation": 270, "texture": "#3"},
				"south": {"uv": [0, 1, 0, 0], "texture": "#3"},
				"west": {"uv": [0, 1, 0, 0], "rotation": 90, "texture": "#3"},
				"up": {"uv": [0, 1, 0, 0], "rotation": 180, "texture": "#3"},
				"down": {"uv": [0, 1, 0, 0], "texture": "#3"}
			}
		},
		{
			"from": [12.03873, 4.90283, 6.5378],
			"to": [12.265, 5.44902, 10.3378],
			"rotation": {"angle": 22.5, "axis": "z", "origin": [11.83585, 5.52704, 9.2548]},
			"faces": {
				"north": {"uv": [0, 1, 0, 0], "rotation": 180, "texture": "#3"},
				"east": {"uv": [0, 1, 0, 0], "rotation": 270, "texture": "#3"},
				"south": {"uv": [0, 1, 0, 0], "texture": "#3"},
				"west": {"uv": [0, 1, 0, 0], "rotation": 90, "texture": "#3"},
				"up": {"uv": [0, 1, 0, 0], "rotation": 180, "texture": "#3"},
				"down": {"uv": [0, 1, 0, 0], "texture": "#3"}
			}
		},
		{
			"from": [11.98161, 4.96941, 6.5378],
			"to": [12.21569, 5.39856, 10.3378],
			"rotation": {"angle": -45, "axis": "z", "origin": [12.18698, 5.52704, 9.2548]},
			"faces": {
				"north": {"uv": [0, 1, 0, 0], "rotation": 180, "texture": "#3"},
				"east": {"uv": [0, 1, 0, 0], "rotation": 270, "texture": "#3"},
				"south": {"uv": [0, 1, 0, 0], "texture": "#3"},
				"west": {"uv": [0, 1, 0, 0], "rotation": 90, "texture": "#3"},
				"up": {"uv": [0, 1, 0, 0], "rotation": 180, "texture": "#3"},
				"down": {"uv": [0, 1, 0, 0], "texture": "#3"}
			}
		},
		{
			"from": [12.13293, 5.11683, 6.5378],
			"to": [12.36701, 5.66302, 10.3378],
			"rotation": {"angle": 45, "axis": "z", "origin": [12.30402, 5.52704, 9.2548]},
			"faces": {
				"north": {"uv": [0, 1, 0, 0], "rotation": 180, "texture": "#3"},
				"east": {"uv": [0, 1, 0, 0], "rotation": 270, "texture": "#3"},
				"south": {"uv": [0, 1, 0, 0], "texture": "#3"},
				"west": {"uv": [0, 1, 0, 0], "rotation": 90, "texture": "#3"},
				"up": {"uv": [0, 1, 0, 0], "rotation": 180, "texture": "#3"},
				"down": {"uv": [0, 1, 0, 0], "texture": "#3"}
			}
		},
		{
			"from": [11.61348, 5.60507, 6.5378],
			"to": [12.00361, 5.83915, 10.3378],
			"rotation": {"angle": 22.5, "axis": "z", "origin": [12.46007, 5.52704, 9.2548]},
			"faces": {
				"north": {"uv": [0, 1, 0, 0], "rotation": 270, "texture": "#3"},
				"east": {"uv": [0, 1, 0, 0], "texture": "#3"},
				"south": {"uv": [0, 1, 0, 0], "rotation": 90, "texture": "#3"},
				"west": {"uv": [0, 1, 0, 0], "rotation": 180, "texture": "#3"},
				"up": {"uv": [0, 1, 0, 0], "rotation": 270, "texture": "#3"},
				"down": {"uv": [0, 1, 0, 0], "rotation": 90, "texture": "#3"}
			}
		},
		{
			"from": [12.35864, 5.60507, 6.5378],
			"to": [12.67075, 5.83915, 10.3378],
			"rotation": {"angle": -22.5, "axis": "z", "origin": [11.83585, 5.52704, 9.2548]},
			"faces": {
				"north": {"uv": [0, 0, 0, 0], "rotation": 270, "texture": "#3"},
				"east": {"uv": [0, 0, 0, 0], "texture": "#3"},
				"south": {"uv": [0, 0, 0, 0], "rotation": 90, "texture": "#3"},
				"west": {"uv": [0, 0, 0, 0], "rotation": 180, "texture": "#3"},
				"up": {"uv": [0, 0, 0, 0], "rotation": 270, "texture": "#3"},
				"down": {"uv": [0, 0, 0, 0], "rotation": 90, "texture": "#3"}
			}
		},
		{
			"from": [12.02312, 5.02767, 6.5378],
			"to": [12.265, 5.45682, 10.3378],
			"rotation": {"angle": 0, "axis": "y", "origin": [11.83585, 5.52704, 9.2548]},
			"faces": {
				"north": {"uv": [0, 1, 0, 0], "rotation": 180, "texture": "#3"},
				"east": {"uv": [0, 1, 0, 0], "rotation": 270, "texture": "#3"},
				"south": {"uv": [0, 1, 0, 0], "texture": "#3"},
				"west": {"uv": [0, 1, 0, 0], "rotation": 90, "texture": "#3"},
				"up": {"uv": [0, 1, 0, 0], "rotation": 180, "texture": "#3"},
				"down": {"uv": [0, 1, 0, 0], "texture": "#3"}
			}
		},
		{
			"from": [11.97095, 4, 10.01544],
			"to": [12.20914, 11, 10.67251],
			"rotation": {"angle": 22.5, "axis": "y", "origin": [11.82722, 7.86, 10.42611]},
			"faces": {
				"north": {"uv": [0, 0, 0, 0], "texture": "#3"},
				"east": {"uv": [0, 0, 0, 0], "texture": "#3"},
				"south": {"uv": [0, 0, 0, 0], "texture": "#3"},
				"west": {"uv": [0, 0, 0, 0], "texture": "#3"},
				"up": {"uv": [0, 0, 0, 0], "texture": "#3"},
				"down": {"uv": [0, 0, 0, 0], "texture": "#3"}
			}
		},
		{
			"from": [12.04076, 4, 9.76903],
			"to": [12.27895, 11, 10.42611],
			"rotation": {"angle": -22.5, "axis": "y", "origin": [11.82722, 7.86, 10.42611]},
			"faces": {
				"north": {"uv": [0, 0, 0, 0], "texture": "#3"},
				"east": {"uv": [0, 0, 0, 0], "texture": "#3"},
				"south": {"uv": [0, 0, 0, 0], "texture": "#3"},
				"west": {"uv": [0, 0, 0, 0], "texture": "#3"},
				"up": {"uv": [0, 0, 0, 0], "texture": "#3"},
				"down": {"uv": [0, 0, 0, 0], "texture": "#3"}
			}
		},
		{
			"from": [11.98064, 4, 9.83912],
			"to": [12.22705, 11, 10.45512],
			"rotation": {"angle": 45, "axis": "y", "origin": [12.19682, 7.86, 10.42611]},
			"faces": {
				"north": {"uv": [0, 0, 0, 0], "texture": "#3"},
				"east": {"uv": [0, 0, 0, 0], "texture": "#3"},
				"south": {"uv": [0, 0, 0, 0], "texture": "#3"},
				"west": {"uv": [0, 0, 0, 0], "texture": "#3"},
				"up": {"uv": [0, 0, 0, 0], "texture": "#3"},
				"down": {"uv": [0, 0, 0, 0], "texture": "#3"}
			}
		},
		{
			"from": [12.13993, 4, 9.9943],
			"to": [12.38633, 11, 10.56924],
			"rotation": {"angle": -45, "axis": "y", "origin": [12.32002, 7.86, 10.42611]},
			"faces": {
				"north": {"uv": [0, 0, 0, 0], "texture": "#3"},
				"east": {"uv": [0, 0, 0, 0], "texture": "#3"},
				"south": {"uv": [0, 0, 0, 0], "texture": "#3"},
				"west": {"uv": [0, 0, 0, 0], "texture": "#3"},
				"up": {"uv": [0, 0, 0, 0], "texture": "#3"},
				"down": {"uv": [0, 0, 0, 0], "texture": "#3"}
			}
		},
		{
			"from": [11.59313, 4, 10.50824],
			"to": [12.08594, 11, 10.75464],
			"rotation": {"angle": -22.5, "axis": "y", "origin": [12.48429, 7.86, 10.42611]},
			"faces": {
				"north": {"uv": [0, 1, 0, 0], "rotation": 90, "texture": "#3"},
				"east": {"uv": [0, 1, 0, 0], "rotation": 90, "texture": "#3"},
				"south": {"uv": [0, 1, 0, 0], "rotation": 90, "texture": "#3"},
				"west": {"uv": [0, 1, 0, 0], "rotation": 90, "texture": "#3"},
				"up": {"uv": [0, 1, 0, 0], "rotation": 90, "texture": "#3"},
				"down": {"uv": [0, 1, 0, 0], "rotation": 90, "texture": "#3"}
			}
		},
		{
			"from": [11.53564, 4, 10.38915],
			"to": [12.15164, 11, 10.63555],
			"rotation": {"angle": 0, "axis": "y", "origin": [12.48429, 7.86, 10.42611]},
			"faces": {
				"north": {"uv": [0, 1, 0, 0], "rotation": 90, "texture": "#3"},
				"east": {"uv": [0, 1, 0, 0], "rotation": 90, "texture": "#3"},
				"south": {"uv": [0, 1, 0, 0], "rotation": 90, "texture": "#3"},
				"west": {"uv": [0, 1, 0, 0], "rotation": 90, "texture": "#3"},
				"up": {"uv": [0, 1, 0, 0], "rotation": 90, "texture": "#3"},
				"down": {"uv": [0, 1, 0, 0], "rotation": 90, "texture": "#3"}
			}
		},
		{
			"from": [12.10647, 4, 10.39325],
			"to": [12.76354, 11, 10.63965],
			"rotation": {"angle": 0, "axis": "y", "origin": [11.82722, 7.86, 10.42611]},
			"faces": {
				"north": {"uv": [0, 0, 0, 0], "rotation": 90, "texture": "#3"},
				"east": {"uv": [0, 0, 0, 0], "rotation": 90, "texture": "#3"},
				"south": {"uv": [0, 0, 0, 0], "rotation": 90, "texture": "#3"},
				"west": {"uv": [0, 0, 0, 0], "rotation": 90, "texture": "#3"},
				"up": {"uv": [0, 0, 0, 0], "rotation": 90, "texture": "#3"},
				"down": {"uv": [0, 0, 0, 0], "rotation": 90, "texture": "#3"}
			}
		},
		{
			"from": [12.33645, 4, 10.50824],
			"to": [12.70605, 11, 10.75464],
			"rotation": {"angle": 22.5, "axis": "y", "origin": [11.82722, 7.86, 10.42611]},
			"faces": {
				"north": {"uv": [0, 0, 0, 0], "rotation": 90, "texture": "#3"},
				"east": {"uv": [0, 0, 0, 0], "rotation": 90, "texture": "#3"},
				"south": {"uv": [0, 0, 0, 0], "rotation": 90, "texture": "#3"},
				"west": {"uv": [0, 0, 0, 0], "rotation": 90, "texture": "#3"},
				"up": {"uv": [0, 0, 0, 0], "rotation": 90, "texture": "#3"},
				"down": {"uv": [0, 0, 0, 0], "rotation": 90, "texture": "#3"}
			}
		},
		{
			"from": [12.02434, 4, 9.90045],
			"to": [12.27895, 11, 10.27005],
			"rotation": {"angle": 0, "axis": "y", "origin": [11.82722, 7.86, 10.42611]},
			"faces": {
				"north": {"uv": [0, 0, 0, 0], "texture": "#3"},
				"east": {"uv": [0, 0, 0, 0], "texture": "#3"},
				"south": {"uv": [0, 0, 0, 0], "texture": "#3"},
				"west": {"uv": [0, 0, 0, 0], "texture": "#3"},
				"up": {"uv": [0, 0, 0, 0], "texture": "#3"},
				"down": {"uv": [0, 0, 0, 0], "texture": "#3"}
			}
		},
		{
			"from": [11.97095, 4, 10.47128],
			"to": [12.20914, 11, 11.00515],
			"rotation": {"angle": -22.5, "axis": "y", "origin": [11.82722, 7.86, 10.59448]},
			"faces": {
				"north": {"uv": [0, 1, 0, 0], "texture": "#3"},
				"east": {"uv": [0, 1, 0, 0], "texture": "#3"},
				"south": {"uv": [0, 1, 0, 0], "texture": "#3"},
				"west": {"uv": [0, 1, 0, 0], "texture": "#3"},
				"up": {"uv": [0, 1, 0, 0], "texture": "#3"},
				"down": {"uv": [0, 1, 0, 0], "texture": "#3"}
			}
		},
		{
			"from": [12.04076, 4, 10.67661],
			"to": [12.27895, 11, 11.25155],
			"rotation": {"angle": 22.5, "axis": "y", "origin": [11.82722, 7.86, 10.59448]},
			"faces": {
				"north": {"uv": [0, 1, 0, 0], "texture": "#3"},
				"east": {"uv": [0, 1, 0, 0], "texture": "#3"},
				"south": {"uv": [0, 1, 0, 0], "texture": "#3"},
				"west": {"uv": [0, 1, 0, 0], "texture": "#3"},
				"up": {"uv": [0, 1, 0, 0], "texture": "#3"},
				"down": {"uv": [0, 1, 0, 0], "texture": "#3"}
			}
		},
		{
			"from": [11.98064, 4, 10.72973],
			"to": [12.22705, 11, 11.18147],
			"rotation": {"angle": -45, "axis": "y", "origin": [12.19682, 7.86, 10.59448]},
			"faces": {
				"north": {"uv": [0, 1, 0, 0], "texture": "#3"},
				"east": {"uv": [0, 1, 0, 0], "texture": "#3"},
				"south": {"uv": [0, 1, 0, 0], "texture": "#3"},
				"west": {"uv": [0, 1, 0, 0], "texture": "#3"},
				"up": {"uv": [0, 1, 0, 0], "texture": "#3"},
				"down": {"uv": [0, 1, 0, 0], "texture": "#3"}
			}
		},
		{
			"from": [12.13993, 4, 10.45135],
			"to": [12.38633, 11, 11.02629],
			"rotation": {"angle": 45, "axis": "y", "origin": [12.32002, 7.86, 10.59448]},
			"faces": {
				"north": {"uv": [0, 1, 0, 0], "texture": "#3"},
				"east": {"uv": [0, 1, 0, 0], "texture": "#3"},
				"south": {"uv": [0, 1, 0, 0], "texture": "#3"},
				"west": {"uv": [0, 1, 0, 0], "texture": "#3"},
				"up": {"uv": [0, 1, 0, 0], "texture": "#3"},
				"down": {"uv": [0, 1, 0, 0], "texture": "#3"}
			}
		},
		{
			"from": [11.59313, 4, 10.26594],
			"to": [12.0038, 11, 10.51235],
			"rotation": {"angle": 22.5, "axis": "y", "origin": [12.48429, 7.86, 10.59448]},
			"faces": {
				"north": {"uv": [0, 1, 0, 0], "rotation": 90, "texture": "#3"},
				"east": {"uv": [0, 1, 0, 0], "rotation": 90, "texture": "#3"},
				"south": {"uv": [0, 1, 0, 0], "rotation": 90, "texture": "#3"},
				"west": {"uv": [0, 1, 0, 0], "rotation": 90, "texture": "#3"},
				"up": {"uv": [0, 1, 0, 0], "rotation": 90, "texture": "#3"},
				"down": {"uv": [0, 1, 0, 0], "rotation": 90, "texture": "#3"}
			}
		},
		{
			"from": [12.37751, 4, 10.26594],
			"to": [12.70605, 11, 10.51235],
			"rotation": {"angle": -22.5, "axis": "y", "origin": [11.82722, 7.86, 10.59448]},
			"faces": {
				"north": {"uv": [0, 0, 0, 0], "rotation": 90, "texture": "#3"},
				"east": {"uv": [0, 0, 0, 0], "rotation": 90, "texture": "#3"},
				"south": {"uv": [0, 0, 0, 0], "rotation": 90, "texture": "#3"},
				"west": {"uv": [0, 0, 0, 0], "rotation": 90, "texture": "#3"},
				"up": {"uv": [0, 0, 0, 0], "rotation": 90, "texture": "#3"},
				"down": {"uv": [0, 0, 0, 0], "rotation": 90, "texture": "#3"}
			}
		},
		{
			"from": [12.02434, 4, 10.6684],
			"to": [12.27895, 11, 11.12014],
			"rotation": {"angle": 0, "axis": "y", "origin": [11.82722, 7.86, 10.59448]},
			"faces": {
				"north": {"uv": [0, 1, 0, 0], "texture": "#3"},
				"east": {"uv": [0, 1, 0, 0], "texture": "#3"},
				"south": {"uv": [0, 1, 0, 0], "texture": "#3"},
				"west": {"uv": [0, 1, 0, 0], "texture": "#3"},
				"up": {"uv": [0, 1, 0, 0], "texture": "#3"},
				"down": {"uv": [0, 1, 0, 0], "texture": "#3"}
			}
		},
		{
			"from": [11.97095, 4, 6.01544],
			"to": [12.20914, 11, 6.67251],
			"rotation": {"angle": 22.5, "axis": "y", "origin": [11.82722, 7.86, 6.42611]},
			"faces": {
				"north": {"uv": [0, 0, 0, 0], "texture": "#3"},
				"east": {"uv": [0, 0, 0, 0], "texture": "#3"},
				"south": {"uv": [0, 0, 0, 0], "texture": "#3"},
				"west": {"uv": [0, 0, 0, 0], "texture": "#3"},
				"up": {"uv": [0, 0, 0, 0], "texture": "#3"},
				"down": {"uv": [0, 0, 0, 0], "texture": "#3"}
			}
		},
		{
			"from": [12.04076, 4, 5.76903],
			"to": [12.27895, 11, 6.42611],
			"rotation": {"angle": -22.5, "axis": "y", "origin": [11.82722, 7.86, 6.42611]},
			"faces": {
				"north": {"uv": [0, 0, 0, 0], "texture": "#3"},
				"east": {"uv": [0, 0, 0, 0], "texture": "#3"},
				"south": {"uv": [0, 0, 0, 0], "texture": "#3"},
				"west": {"uv": [0, 0, 0, 0], "texture": "#3"},
				"up": {"uv": [0, 0, 0, 0], "texture": "#3"},
				"down": {"uv": [0, 0, 0, 0], "texture": "#3"}
			}
		},
		{
			"from": [11.98064, 4, 5.83912],
			"to": [12.22705, 11, 6.45512],
			"rotation": {"angle": 45, "axis": "y", "origin": [12.19682, 7.86, 6.42611]},
			"faces": {
				"north": {"uv": [0, 0, 0, 0], "texture": "#3"},
				"east": {"uv": [0, 0, 0, 0], "texture": "#3"},
				"south": {"uv": [0, 0, 0, 0], "texture": "#3"},
				"west": {"uv": [0, 0, 0, 0], "texture": "#3"},
				"up": {"uv": [0, 0, 0, 0], "texture": "#3"},
				"down": {"uv": [0, 0, 0, 0], "texture": "#3"}
			}
		},
		{
			"from": [12.13993, 4, 5.9943],
			"to": [12.38633, 11, 6.56924],
			"rotation": {"angle": -45, "axis": "y", "origin": [12.32002, 7.86, 6.42611]},
			"faces": {
				"north": {"uv": [0, 0, 0, 0], "texture": "#3"},
				"east": {"uv": [0, 0, 0, 0], "texture": "#3"},
				"south": {"uv": [0, 0, 0, 0], "texture": "#3"},
				"west": {"uv": [0, 0, 0, 0], "texture": "#3"},
				"up": {"uv": [0, 0, 0, 0], "texture": "#3"},
				"down": {"uv": [0, 0, 0, 0], "texture": "#3"}
			}
		},
		{
			"from": [11.59313, 4, 6.50824],
			"to": [12.08594, 11, 6.75464],
			"rotation": {"angle": -22.5, "axis": "y", "origin": [12.48429, 7.86, 6.42611]},
			"faces": {
				"north": {"uv": [0, 1, 0, 0], "rotation": 90, "texture": "#3"},
				"east": {"uv": [0, 1, 0, 0], "rotation": 90, "texture": "#3"},
				"south": {"uv": [0, 1, 0, 0], "rotation": 90, "texture": "#3"},
				"west": {"uv": [0, 1, 0, 0], "rotation": 90, "texture": "#3"},
				"up": {"uv": [0, 1, 0, 0], "rotation": 90, "texture": "#3"},
				"down": {"uv": [0, 1, 0, 0], "rotation": 90, "texture": "#3"}
			}
		},
		{
			"from": [11.53564, 4, 6.38915],
			"to": [12.15164, 11, 6.63555],
			"rotation": {"angle": 0, "axis": "y", "origin": [12.48429, 7.86, 6.42611]},
			"faces": {
				"north": {"uv": [0, 1, 0, 0], "rotation": 90, "texture": "#3"},
				"east": {"uv": [0, 1, 0, 0], "rotation": 90, "texture": "#3"},
				"south": {"uv": [0, 1, 0, 0], "rotation": 90, "texture": "#3"},
				"west": {"uv": [0, 1, 0, 0], "rotation": 90, "texture": "#3"},
				"up": {"uv": [0, 1, 0, 0], "rotation": 90, "texture": "#3"},
				"down": {"uv": [0, 1, 0, 0], "rotation": 90, "texture": "#3"}
			}
		},
		{
			"from": [12.10647, 4, 6.39325],
			"to": [12.76354, 11, 6.63965],
			"rotation": {"angle": 0, "axis": "y", "origin": [11.82722, 7.86, 6.42611]},
			"faces": {
				"north": {"uv": [0, 0, 0, 0], "rotation": 90, "texture": "#3"},
				"east": {"uv": [0, 0, 0, 0], "rotation": 90, "texture": "#3"},
				"south": {"uv": [0, 0, 0, 0], "rotation": 90, "texture": "#3"},
				"west": {"uv": [0, 0, 0, 0], "rotation": 90, "texture": "#3"},
				"up": {"uv": [0, 0, 0, 0], "rotation": 90, "texture": "#3"},
				"down": {"uv": [0, 0, 0, 0], "rotation": 90, "texture": "#3"}
			}
		},
		{
			"from": [12.33645, 4, 6.50824],
			"to": [12.70605, 11, 6.75464],
			"rotation": {"angle": 22.5, "axis": "y", "origin": [11.82722, 7.86, 6.42611]},
			"faces": {
				"north": {"uv": [0, 0, 0, 0], "rotation": 90, "texture": "#3"},
				"east": {"uv": [0, 0, 0, 0], "rotation": 90, "texture": "#3"},
				"south": {"uv": [0, 0, 0, 0], "rotation": 90, "texture": "#3"},
				"west": {"uv": [0, 0, 0, 0], "rotation": 90, "texture": "#3"},
				"up": {"uv": [0, 0, 0, 0], "rotation": 90, "texture": "#3"},
				"down": {"uv": [0, 0, 0, 0], "rotation": 90, "texture": "#3"}
			}
		},
		{
			"from": [12.02434, 4, 5.90045],
			"to": [12.27895, 11, 6.27005],
			"rotation": {"angle": 0, "axis": "y", "origin": [11.82722, 7.86, 6.42611]},
			"faces": {
				"north": {"uv": [0, 0, 0, 0], "texture": "#3"},
				"east": {"uv": [0, 0, 0, 0], "texture": "#3"},
				"south": {"uv": [0, 0, 0, 0], "texture": "#3"},
				"west": {"uv": [0, 0, 0, 0], "texture": "#3"},
				"up": {"uv": [0, 0, 0, 0], "texture": "#3"},
				"down": {"uv": [0, 0, 0, 0], "texture": "#3"}
			}
		},
		{
			"from": [11.97095, 4, 6.47128],
			"to": [12.20914, 11, 7.00515],
			"rotation": {"angle": -22.5, "axis": "y", "origin": [11.82722, 7.86, 6.59448]},
			"faces": {
				"north": {"uv": [0, 1, 0, 0], "texture": "#3"},
				"east": {"uv": [0, 1, 0, 0], "texture": "#3"},
				"south": {"uv": [0, 1, 0, 0], "texture": "#3"},
				"west": {"uv": [0, 1, 0, 0], "texture": "#3"},
				"up": {"uv": [0, 1, 0, 0], "texture": "#3"},
				"down": {"uv": [0, 1, 0, 0], "texture": "#3"}
			}
		},
		{
			"from": [12.04076, 4, 6.67661],
			"to": [12.27895, 11, 7.25155],
			"rotation": {"angle": 22.5, "axis": "y", "origin": [11.82722, 7.86, 6.59448]},
			"faces": {
				"north": {"uv": [0, 1, 0, 0], "texture": "#3"},
				"east": {"uv": [0, 1, 0, 0], "texture": "#3"},
				"south": {"uv": [0, 1, 0, 0], "texture": "#3"},
				"west": {"uv": [0, 1, 0, 0], "texture": "#3"},
				"up": {"uv": [0, 1, 0, 0], "texture": "#3"},
				"down": {"uv": [0, 1, 0, 0], "texture": "#3"}
			}
		},
		{
			"from": [11.98064, 4, 6.72973],
			"to": [12.22705, 11, 7.18147],
			"rotation": {"angle": -45, "axis": "y", "origin": [12.19682, 7.86, 6.59448]},
			"faces": {
				"north": {"uv": [0, 1, 0, 0], "texture": "#3"},
				"east": {"uv": [0, 1, 0, 0], "texture": "#3"},
				"south": {"uv": [0, 1, 0, 0], "texture": "#3"},
				"west": {"uv": [0, 1, 0, 0], "texture": "#3"},
				"up": {"uv": [0, 1, 0, 0], "texture": "#3"},
				"down": {"uv": [0, 1, 0, 0], "texture": "#3"}
			}
		},
		{
			"from": [12.13993, 4, 6.45135],
			"to": [12.38633, 11, 7.02629],
			"rotation": {"angle": 45, "axis": "y", "origin": [12.32002, 7.86, 6.59448]},
			"faces": {
				"north": {"uv": [0, 1, 0, 0], "texture": "#3"},
				"east": {"uv": [0, 1, 0, 0], "texture": "#3"},
				"south": {"uv": [0, 1, 0, 0], "texture": "#3"},
				"west": {"uv": [0, 1, 0, 0], "texture": "#3"},
				"up": {"uv": [0, 1, 0, 0], "texture": "#3"},
				"down": {"uv": [0, 1, 0, 0], "texture": "#3"}
			}
		},
		{
			"from": [11.59313, 4, 6.26594],
			"to": [12.0038, 11, 6.51235],
			"rotation": {"angle": 22.5, "axis": "y", "origin": [12.48429, 7.86, 6.59448]},
			"faces": {
				"north": {"uv": [0, 1, 0, 0], "rotation": 90, "texture": "#3"},
				"east": {"uv": [0, 1, 0, 0], "rotation": 90, "texture": "#3"},
				"south": {"uv": [0, 1, 0, 0], "rotation": 90, "texture": "#3"},
				"west": {"uv": [0, 1, 0, 0], "rotation": 90, "texture": "#3"},
				"up": {"uv": [0, 1, 0, 0], "rotation": 90, "texture": "#3"},
				"down": {"uv": [0, 1, 0, 0], "rotation": 90, "texture": "#3"}
			}
		},
		{
			"from": [12.37751, 4, 6.26594],
			"to": [12.70605, 11, 6.51235],
			"rotation": {"angle": -22.5, "axis": "y", "origin": [11.82722, 7.86, 6.59448]},
			"faces": {
				"north": {"uv": [0, 0, 0, 0], "rotation": 90, "texture": "#3"},
				"east": {"uv": [0, 0, 0, 0], "rotation": 90, "texture": "#3"},
				"south": {"uv": [0, 0, 0, 0], "rotation": 90, "texture": "#3"},
				"west": {"uv": [0, 0, 0, 0], "rotation": 90, "texture": "#3"},
				"up": {"uv": [0, 0, 0, 0], "rotation": 90, "texture": "#3"},
				"down": {"uv": [0, 0, 0, 0], "rotation": 90, "texture": "#3"}
			}
		},
		{
			"from": [12.02434, 4, 6.6684],
			"to": [12.27895, 11, 7.12014],
			"rotation": {"angle": 0, "axis": "y", "origin": [11.82722, 7.86, 6.59448]},
			"faces": {
				"north": {"uv": [0, 1, 0, 0], "texture": "#3"},
				"east": {"uv": [0, 1, 0, 0], "texture": "#3"},
				"south": {"uv": [0, 1, 0, 0], "texture": "#3"},
				"west": {"uv": [0, 1, 0, 0], "texture": "#3"},
				"up": {"uv": [0, 1, 0, 0], "texture": "#3"},
				"down": {"uv": [0, 1, 0, 0], "texture": "#3"}
			}
		}
	],
	"display": {
		"thirdperson_righthand": {
			"rotation": [0, -180, 0],
			"translation": [1, 3.25, 0],
			"scale": [0.2, 0.2, 0.2]
		},
		"thirdperson_lefthand": {
			"rotation": [0, -180, 0],
			"translation": [1, 3.25, 0],
			"scale": [0.2, 0.2, 0.2]
		},
		"firstperson_righthand": {
			"rotation": [0, -180, 0],
			"translation": [1, 3.25, 0],
			"scale": [0.2, 0.2, 0.2]
		},
		"firstperson_lefthand": {
			"rotation": [0, -180, 0],
			"translation": [1, 3.25, 0],
			"scale": [0.2, 0.2, 0.2]
		},
		"ground": {
			"rotation": [0, -180, 0],
			"translation": [1, 3.25, 0],
			"scale": [0.2, 0.2, 0.2]
		},
		"gui": {
			"rotation": [22.5, -157.5, 0],
			"translation": [-1, -1.25, 0],
			"scale": [0.3, 0.3, 0.3]
		},
		"head": {
			"translation": [25.5, -4.9, -0.7],
			"scale": [1.6, 1.6, 1.6]
		},
		"fixed": {
			"rotation": [0, -180, 0],
			"translation": [-1.25, -1.75, -0.25],
			"scale": [0.4, 0.4, 0.4]
		}
	},
	"groups": [
		0,
		1,
		{
			"name": "Cositos",
			"origin": [0, 0, 0],
			"color": 0,
			"children": [2, 3, 4]
		},
		{
			"name": "group",
			"origin": [8, 8, 8],
			"color": 0,
			"children": [
				{
					"name": "group",
					"origin": [0, 0, 0],
					"color": 0,
					"children": [5, 6, 7, 8, 9, 10, 11, 12, 13, 14, 15, 16, 17, 18, 19, 20]
				},
				{
					"name": "group",
					"origin": [0, 0, 0],
					"color": 0,
					"children": [21, 22, 23, 24, 25, 26, 27, 28, 29, 30, 31, 32, 33, 34, 35, 36]
				},
				{
					"name": "group",
					"origin": [0, 0, 0],
					"color": 0,
					"children": [37, 38, 39, 40, 41, 42, 43, 44, 45, 46, 47, 48, 49, 50, 51, 52]
				},
				{
					"name": "group",
					"origin": [0, 0, 0],
					"color": 0,
					"children": [53, 54, 55, 56, 57, 58, 59, 60, 61, 62, 63, 64, 65, 66, 67, 68]
				}
			]
		}
	]
}