{
	"parent": "minecraft:item/handheld",
	"textures": {
		"layer0": "item/bowl"
	},
	"overrides": [
		{"predicate": {"custom_model_data":1}, "model": "item/bowl/mesita_rosada"},
		{"predicate": {"custom_model_data":2}, "model": "item/bowl/mesita_roja"},
		{"predicate": {"custom_model_data":3}, "model": "item/bowl/mesita_naranja"},
		{"predicate": {"custom_model_data":4}, "model": "item/bowl/mesita_amarilla"},
		{"predicate": {"custom_model_data":5}, "model": "item/bowl/mesita_lima"},
		{"predicate": {"custom_model_data":6}, "model": "item/bowl/mesita_celeste"},
		{"predicate": {"custom_model_data":7}, "model": "item/bowl/mesita_azul"},
		{"predicate": {"custom_model_data":8}, "model": "item/bowl/mesita_morada"},
		{"predicate": {"custom_model_data":9}, "model": "item/bowl/mesita_negra"}
	]
}