{
	"parent": "minecraft:item/handheld",
	"textures": {
		"layer0": "item/brick"
	},
	"overrides": [
		{"predicate": {"custom_model_data":1}, "model": "item/brick/mesa_amarilla"},
		{"predicate": {"custom_model_data":2}, "model": "item/brick/mesa_verde"},
		{"predicate": {"custom_model_data":3}, "model": "item/brick/mesa_redonda_blanca"},
		{"predicate": {"custom_model_data":4}, "model": "item/brick/sillon_negro"},
		{"predicate": {"custom_model_data":5}, "model": "item/brick/sillon_naranjo"}
	]
}