{
	"parent": "minecraft:item/handheld",
	"textures": {
		"layer0": "item/clay_ball"
	},
	"overrides": [
		{"predicate": {"custom_model_data":1}, "model": "item/clay_ball/banca_cemento"},
		{"predicate": {"custom_model_data":2}, "model": "item/clay_ball/basurero_madera"},
		{"predicate": {"custom_model_data":3}, "model": "item/clay_ball/basurero_madera_cenizero"},
		{"predicate": {"custom_model_data":4}, "model": "item/clay_ball/poste_luz_on"},
		{"predicate": {"custom_model_data":5}, "model": "item/clay_ball/poste_luz_off"},
		{"predicate": {"custom_model_data":6}, "model": "item/clay_ball/reciclaje_amarillo"},
		{"predicate": {"custom_model_data":7}, "model": "item/clay_ball/reciclaje_verde"},
		{"predicate": {"custom_model_data":8}, "model": "item/clay_ball/reciclaje_azul"},
		{"predicate": {"custom_model_data":9}, "model": "item/clay_ball/reciclaje_gris"},
		{"predicate": {"custom_model_data":10}, "model": "item/clay_ball/poste_luz_v_on"},
		{"predicate": {"custom_model_data":11}, "model": "item/clay_ball/poste_luz_v_off"}
	]
}