{
	"parent": "minecraft:item/handheld",
	"textures": {
		"layer0": "item/gold_ingot"
	},
	"overrides": [
		{"predicate": {"custom_model_data":1000}, "model": "item/gold_ingot/billete_1000"},
		{"predicate": {"custom_model_data":2000}, "model": "item/gold_ingot/billete_2000"},
		{"predicate": {"custom_model_data":5000}, "model": "item/gold_ingot/billete_5000"},
		{"predicate": {"custom_model_data":10000}, "model": "item/gold_ingot/billete_10000"},
		{"predicate": {"custom_model_data":20000}, "model": "item/gold_ingot/billete_20000"}
	]
}