{
	"parent": "minecraft:item/handheld",
	"textures": {
		"layer0": "item/ink_sac"
	},
	"overrides": [
		{"predicate": {"custom_model_data":1}, "model": "item/ink_sac/panel_naranjo"},
		{"predicate": {"custom_model_data":2}, "model": "item/ink_sac/panel_gris"},
		{"predicate": {"custom_model_data":3}, "model": "item/ink_sac/boton"},
		{"predicate": {"custom_model_data":4}, "model": "item/ink_sac/panel_naranjo_flecha"},
		{"predicate": {"custom_model_data":5}, "model": "item/ink_sac/panel_naranjo_texto"},
		{"predicate": {"custom_model_data":6}, "model": "item/ink_sac/panel_naranjo_flecha2"}
	]
}