{
	"parent": "minecraft:item/handheld",
	"textures": {
		"layer0": "item/scute"
	},
	"overrides": [
		{"predicate": {"custom_model_data":1}, "model": "item/scute/logo_usm"},
		{"predicate": {"custom_model_data":2}, "model": "item/scute/letra_u"},
		{"predicate": {"custom_model_data":3}, "model": "item/scute/letra_n"},
		{"predicate": {"custom_model_data":4}, "model": "item/scute/letra_i"},
		{"predicate": {"custom_model_data":5}, "model": "item/scute/letra_v"},
		{"predicate": {"custom_model_data":6}, "model": "item/scute/letra_e"},
		{"predicate": {"custom_model_data":7}, "model": "item/scute/letra_r"},
		{"predicate": {"custom_model_data":8}, "model": "item/scute/letra_s"},
		{"predicate": {"custom_model_data":9}, "model": "item/scute/letra_d"},
		{"predicate": {"custom_model_data":10}, "model": "item/scute/letra_a"},
		{"predicate": {"custom_model_data":11}, "model": "item/scute/letra_t"},
		{"predicate": {"custom_model_data":12}, "model": "item/scute/letra_e"},
		{"predicate": {"custom_model_data":13}, "model": "item/scute/letra_c"},
		{"predicate": {"custom_model_data":14}, "model": "item/scute/letra_f"},
		{"predicate": {"custom_model_data":15}, "model": "item/scute/letra_o"},
		{"predicate": {"custom_model_data":16}, "model": "item/scute/letra_m"},
		{"predicate": {"custom_model_data":17}, "model": "item/scute/usm_piedra"}
	]
}