{
	"parent": "minecraft:item/handheld",
	"textures": {
		"layer0": "item/stick"
	},
	"overrides": [
		{"predicate": {"custom_model_data":1}, "model": "item/stick/silla_azul"},
		{"predicate": {"custom_model_data":2}, "model": "item/stick/silla_azul_m"},
		{"predicate": {"custom_model_data":3}, "model": "item/stick/silla_azul_m_z"},
		{"predicate": {"custom_model_data":4}, "model": "item/stick/silla_naranja"},
		{"predicate": {"custom_model_data":5}, "model": "item/stick/silla_verde"}
	]
}