{"textures":{"0":"modelengine:entity/texture_sun_mob"},"elements":[{"from":[2.4842854,24.491987,1.932714],"to":[3.587428,25.043558,3.0358567],"rotation":{"angle":0.0,"axis":"y","origin":[8.0,6.8968573,8.0]},"faces":{"east":{"uv":[2.0,8.0,2.25,8.25],"rotation":0,"texture":"#0","tintindex":0},"south":{"uv":[2.0,8.0,2.25,8.25],"rotation":0,"texture":"#0","tintindex":0},"north":{"uv":[2.0,8.0,2.25,8.25],"rotation":0,"texture":"#0","tintindex":0},"west":{"uv":[2.0,8.0,2.25,8.25],"rotation":0,"texture":"#0","tintindex":0},"up":{"uv":[2.0,8.0,2.25,8.25],"rotation":0,"texture":"#0","tintindex":0},"down":{"uv":[2.0,8.0,2.25,8.25],"rotation":0,"texture":"#0","tintindex":0}}},{"from":[2.4842854,24.491987,6.3452854],"to":[3.587428,25.043558,7.4484286],"rotation":{"angle":0.0,"axis":"y","origin":[8.0,6.8968573,8.551572]},"faces":{"east":{"uv":[1.75,9.0,2.0,9.25],"rotation":0,"texture":"#0","tintindex":0},"south":{"uv":[1.75,9.0,2.0,9.25],"rotation":0,"texture":"#0","tintindex":0},"north":{"uv":[1.75,9.0,2.0,9.25],"rotation":0,"texture":"#0","tintindex":0},"west":{"uv":[1.75,9.0,2.0,9.25],"rotation":0,"texture":"#0","tintindex":0},"up":{"uv":[1.75,9.0,2.0,9.25],"rotation":0,"texture":"#0","tintindex":0},"down":{"uv":[1.75,9.0,2.0,9.25],"rotation":0,"texture":"#0","tintindex":0}}},{"from":[2.4842854,24.491987,10.757857],"to":[3.587428,25.043558,11.861],"rotation":{"angle":0.0,"axis":"y","origin":[6.8968573,6.8968573,6.3452854]},"faces":{"east":{"uv":[1.25,9.75,1.5,10.0],"rotation":0,"texture":"#0","tintindex":0},"south":{"uv":[1.25,9.75,1.5,10.0],"rotation":0,"texture":"#0","tintindex":0},"north":{"uv":[1.25,9.75,1.5,10.0],"rotation":0,"texture":"#0","tintindex":0},"west":{"uv":[1.25,9.75,1.5,10.0],"rotation":0,"texture":"#0","tintindex":0},"up":{"uv":[1.25,9.75,1.5,10.0],"rotation":0,"texture":"#0","tintindex":0},"down":{"uv":[1.25,9.75,1.5,10.0],"rotation":0,"texture":"#0","tintindex":0}}},{"from":[6.8968573,24.491987,10.757857],"to":[8.0,25.043558,11.861],"rotation":{"angle":0.0,"axis":"y","origin":[6.8968573,6.8968573,6.3452854]},"faces":{"east":{"uv":[3.25,10.0,3.5,10.25],"rotation":0,"texture":"#0","tintindex":0},"south":{"uv":[3.25,10.0,3.5,10.25],"rotation":0,"texture":"#0","tintindex":0},"north":{"uv":[3.25,10.0,3.5,10.25],"rotation":0,"texture":"#0","tintindex":0},"west":{"uv":[3.25,10.0,3.5,10.25],"rotation":0,"texture":"#0","tintindex":0},"up":{"uv":[3.25,10.0,3.5,10.25],"rotation":0,"texture":"#0","tintindex":0},"down":{"uv":[3.25,10.0,3.5,10.25],"rotation":0,"texture":"#0","tintindex":0}}},{"from":[11.309429,24.491987,10.757857],"to":[12.412572,25.043558,11.861],"rotation":{"angle":0.0,"axis":"y","origin":[6.8968573,6.8968573,9.654715]},"faces":{"east":{"uv":[10.0,4.25,10.25,4.5],"rotation":0,"texture":"#0","tintindex":0},"south":{"uv":[10.0,4.25,10.25,4.5],"rotation":0,"texture":"#0","tintindex":0},"north":{"uv":[10.0,4.25,10.25,4.5],"rotation":0,"texture":"#0","tintindex":0},"west":{"uv":[10.0,4.25,10.25,4.5],"rotation":0,"texture":"#0","tintindex":0},"up":{"uv":[10.0,4.25,10.25,4.5],"rotation":0,"texture":"#0","tintindex":0},"down":{"uv":[10.0,4.25,10.25,4.5],"rotation":0,"texture":"#0","tintindex":0}}},{"from":[11.309429,24.491987,6.3452854],"to":[12.412572,25.043558,7.4484286],"rotation":{"angle":0.0,"axis":"y","origin":[6.8968573,6.8968573,9.654715]},"faces":{"east":{"uv":[5.5,10.0,5.75,10.25],"rotation":0,"texture":"#0","tintindex":0},"south":{"uv":[5.5,10.0,5.75,10.25],"rotation":0,"texture":"#0","tintindex":0},"north":{"uv":[5.5,10.0,5.75,10.25],"rotation":0,"texture":"#0","tintindex":0},"west":{"uv":[5.5,10.0,5.75,10.25],"rotation":0,"texture":"#0","tintindex":0},"up":{"uv":[5.5,10.0,5.75,10.25],"rotation":0,"texture":"#0","tintindex":0},"down":{"uv":[5.5,10.0,5.75,10.25],"rotation":0,"texture":"#0","tintindex":0}}},{"from":[11.309429,24.491987,1.932714],"to":[12.412572,25.043558,3.0358567],"rotation":{"angle":0.0,"axis":"y","origin":[8.0,6.8968573,8.0]},"faces":{"east":{"uv":[7.0,10.0,7.25,10.25],"rotation":0,"texture":"#0","tintindex":0},"south":{"uv":[7.0,10.0,7.25,10.25],"rotation":0,"texture":"#0","tintindex":0},"north":{"uv":[7.0,10.0,7.25,10.25],"rotation":0,"texture":"#0","tintindex":0},"west":{"uv":[7.0,10.0,7.25,10.25],"rotation":0,"texture":"#0","tintindex":0},"up":{"uv":[7.0,10.0,7.25,10.25],"rotation":0,"texture":"#0","tintindex":0},"down":{"uv":[7.0,10.0,7.25,10.25],"rotation":0,"texture":"#0","tintindex":0}}},{"from":[6.8968573,24.491987,1.932714],"to":[8.0,25.043558,3.0358567],"rotation":{"angle":0.0,"axis":"y","origin":[8.0,6.8968573,8.0]},"faces":{"east":{"uv":[10.0,8.25,10.25,8.5],"rotation":0,"texture":"#0","tintindex":0},"south":{"uv":[10.0,8.25,10.25,8.5],"rotation":0,"texture":"#0","tintindex":0},"north":{"uv":[10.0,8.25,10.25,8.5],"rotation":0,"texture":"#0","tintindex":0},"west":{"uv":[10.0,8.25,10.25,8.5],"rotation":0,"texture":"#0","tintindex":0},"up":{"uv":[10.0,8.25,10.25,8.5],"rotation":0,"texture":"#0","tintindex":0},"down":{"uv":[10.0,8.25,10.25,8.5],"rotation":0,"texture":"#0","tintindex":0}}},{"from":[9.103143,24.491987,1.932714],"to":[10.206285,25.043558,3.0358567],"rotation":{"angle":0.0,"axis":"y","origin":[8.0,6.8968573,8.0]},"faces":{"east":{"uv":[10.0,9.0,10.25,9.25],"rotation":0,"texture":"#0","tintindex":0},"south":{"uv":[10.0,9.0,10.25,9.25],"rotation":0,"texture":"#0","tintindex":0},"north":{"uv":[10.0,9.0,10.25,9.25],"rotation":0,"texture":"#0","tintindex":0},"west":{"uv":[10.0,9.0,10.25,9.25],"rotation":0,"texture":"#0","tintindex":0},"up":{"uv":[10.0,9.0,10.25,9.25],"rotation":0,"texture":"#0","tintindex":0},"down":{"uv":[10.0,9.0,10.25,9.25],"rotation":0,"texture":"#0","tintindex":0}}},{"from":[4.6905713,24.491987,1.932714],"to":[5.793714,25.043558,3.0358567],"rotation":{"angle":0.0,"axis":"y","origin":[8.0,6.8968573,8.0]},"faces":{"east":{"uv":[10.0,10.0,10.25,10.25],"rotation":0,"texture":"#0","tintindex":0},"south":{"uv":[10.0,10.0,10.25,10.25],"rotation":0,"texture":"#0","tintindex":0},"north":{"uv":[10.0,10.0,10.25,10.25],"rotation":0,"texture":"#0","tintindex":0},"west":{"uv":[10.0,10.0,10.25,10.25],"rotation":0,"texture":"#0","tintindex":0},"up":{"uv":[10.0,10.0,10.25,10.25],"rotation":0,"texture":"#0","tintindex":0},"down":{"uv":[10.0,10.0,10.25,10.25],"rotation":0,"texture":"#0","tintindex":0}}},{"from":[4.6905713,24.491987,10.757857],"to":[5.793714,25.043558,11.861],"rotation":{"angle":0.0,"axis":"y","origin":[8.0,6.8968573,8.0]},"faces":{"east":{"uv":[10.25,1.0,10.5,1.25],"rotation":0,"texture":"#0","tintindex":0},"south":{"uv":[10.25,1.0,10.5,1.25],"rotation":0,"texture":"#0","tintindex":0},"north":{"uv":[10.25,1.0,10.5,1.25],"rotation":0,"texture":"#0","tintindex":0},"west":{"uv":[10.25,1.0,10.5,1.25],"rotation":0,"texture":"#0","tintindex":0},"up":{"uv":[10.25,1.0,10.5,1.25],"rotation":0,"texture":"#0","tintindex":0},"down":{"uv":[10.25,1.0,10.5,1.25],"rotation":0,"texture":"#0","tintindex":0}}},{"from":[9.103143,24.491987,10.757857],"to":[10.206285,25.043558,11.861],"rotation":{"angle":0.0,"axis":"y","origin":[8.0,6.8968573,8.0]},"faces":{"east":{"uv":[10.25,1.75,10.5,2.0],"rotation":0,"texture":"#0","tintindex":0},"south":{"uv":[10.25,1.75,10.5,2.0],"rotation":0,"texture":"#0","tintindex":0},"north":{"uv":[10.25,1.75,10.5,2.0],"rotation":0,"texture":"#0","tintindex":0},"west":{"uv":[10.25,1.75,10.5,2.0],"rotation":0,"texture":"#0","tintindex":0},"up":{"uv":[10.25,1.75,10.5,2.0],"rotation":0,"texture":"#0","tintindex":0},"down":{"uv":[10.25,1.75,10.5,2.0],"rotation":0,"texture":"#0","tintindex":0}}},{"from":[11.309429,24.491987,8.551572],"to":[12.412572,25.043558,9.654715],"rotation":{"angle":0.0,"axis":"y","origin":[8.0,6.8968573,8.0]},"faces":{"east":{"uv":[10.25,2.5,10.5,2.75],"rotation":0,"texture":"#0","tintindex":0},"south":{"uv":[10.25,2.5,10.5,2.75],"rotation":0,"texture":"#0","tintindex":0},"north":{"uv":[10.25,2.5,10.5,2.75],"rotation":0,"texture":"#0","tintindex":0},"west":{"uv":[10.25,2.5,10.5,2.75],"rotation":0,"texture":"#0","tintindex":0},"up":{"uv":[10.25,2.5,10.5,2.75],"rotation":0,"texture":"#0","tintindex":0},"down":{"uv":[10.25,2.5,10.5,2.75],"rotation":0,"texture":"#0","tintindex":0}}},{"from":[11.309429,24.491987,4.139],"to":[12.412572,25.043558,5.2421427],"rotation":{"angle":0.0,"axis":"y","origin":[8.0,6.8968573,8.0]},"faces":{"east":{"uv":[3.5,10.25,3.75,10.5],"rotation":0,"texture":"#0","tintindex":0},"south":{"uv":[3.5,10.25,3.75,10.5],"rotation":0,"texture":"#0","tintindex":0},"north":{"uv":[3.5,10.25,3.75,10.5],"rotation":0,"texture":"#0","tintindex":0},"west":{"uv":[3.5,10.25,3.75,10.5],"rotation":0,"texture":"#0","tintindex":0},"up":{"uv":[3.5,10.25,3.75,10.5],"rotation":0,"texture":"#0","tintindex":0},"down":{"uv":[3.5,10.25,3.75,10.5],"rotation":0,"texture":"#0","tintindex":0}}},{"from":[2.4842854,24.491987,4.139],"to":[3.587428,25.043558,5.2421427],"rotation":{"angle":0.0,"axis":"y","origin":[8.0,6.8968573,8.0]},"faces":{"east":{"uv":[4.25,10.25,4.5,10.5],"rotation":0,"texture":"#0","tintindex":0},"south":{"uv":[4.25,10.25,4.5,10.5],"rotation":0,"texture":"#0","tintindex":0},"north":{"uv":[4.25,10.25,4.5,10.5],"rotation":0,"texture":"#0","tintindex":0},"west":{"uv":[4.25,10.25,4.5,10.5],"rotation":0,"texture":"#0","tintindex":0},"up":{"uv":[4.25,10.25,4.5,10.5],"rotation":0,"texture":"#0","tintindex":0},"down":{"uv":[4.25,10.25,4.5,10.5],"rotation":0,"texture":"#0","tintindex":0}}},{"from":[2.4842854,24.491987,8.551572],"to":[3.587428,25.043558,9.654715],"rotation":{"angle":0.0,"axis":"y","origin":[8.0,6.8968573,8.0]},"faces":{"east":{"uv":[5.0,10.25,5.25,10.5],"rotation":0,"texture":"#0","tintindex":0},"south":{"uv":[5.0,10.25,5.25,10.5],"rotation":0,"texture":"#0","tintindex":0},"north":{"uv":[5.0,10.25,5.25,10.5],"rotation":0,"texture":"#0","tintindex":0},"west":{"uv":[5.0,10.25,5.25,10.5],"rotation":0,"texture":"#0","tintindex":0},"up":{"uv":[5.0,10.25,5.25,10.5],"rotation":0,"texture":"#0","tintindex":0},"down":{"uv":[5.0,10.25,5.25,10.5],"rotation":0,"texture":"#0","tintindex":0}}}],"display":{"head":{"translation":[0.0,-6.4,0.0],"scale":[4.0,4.0,4.0]}}}