{"textures":{"1":"modelengine:entity/texture_eyes"},"elements":[{"from":[9.103143,8.0,2.4842854],"to":[12.412572,11.309429,3.587428],"rotation":{"angle":0.0,"axis":"y","origin":[8.0,8.0,8.0]},"faces":{"east":{"uv":[6.0,0.0,7.0,3.0],"rotation":0,"texture":"#1","tintindex":0},"south":{"uv":[0.0,0.0,3.0,3.0],"rotation":0,"texture":"#1","tintindex":0},"north":{"uv":[0.0,3.0,3.0,6.0],"rotation":0,"texture":"#1","tintindex":0},"west":{"uv":[0.0,6.0,1.0,9.0],"rotation":0,"texture":"#1","tintindex":0},"up":{"uv":[4.0,7.0,1.0,6.0],"rotation":180,"texture":"#1","tintindex":0},"down":{"uv":[9.0,3.0,6.0,4.0],"rotation":180,"texture":"#1","tintindex":0}}},{"from":[3.587428,8.0,2.4842854],"to":[6.8968573,11.309429,3.587428],"rotation":{"angle":0.0,"axis":"y","origin":[5.2421427,9.654715,2.4842854]},"faces":{"east":{"uv":[6.0,4.0,7.0,7.0],"rotation":0,"texture":"#1","tintindex":0},"south":{"uv":[3.0,0.0,6.0,3.0],"rotation":0,"texture":"#1","tintindex":0},"north":{"uv":[3.0,3.0,6.0,6.0],"rotation":0,"texture":"#1","tintindex":0},"west":{"uv":[4.0,6.0,5.0,9.0],"rotation":0,"texture":"#1","tintindex":0},"up":{"uv":[10.0,1.0,7.0,0.0],"rotation":180,"texture":"#1","tintindex":0},"down":{"uv":[4.0,7.0,1.0,8.0],"rotation":180,"texture":"#1","tintindex":0}}}],"display":{"head":{"translation":[0.0,-6.4,0.0],"scale":[4.0,4.0,4.0]}}}