{"textures":{"0":"modelengine:entity/texture_sun_mob"},"elements":[{"from":[3.6987925,7.22885,14.9498005],"to":[5.353507,9.435136,16.604515],"rotation":{"angle":45.0,"axis":"y","origin":[-3.251008,2.264707,8.0]},"faces":{"east":{"uv":[9.75,0.0,10.25,0.5],"rotation":270,"texture":"#0","tintindex":0},"south":{"uv":[8.25,3.25,7.75,3.75],"rotation":270,"texture":"#0","tintindex":0},"north":{"uv":[7.25,3.75,6.75,4.25],"rotation":90,"texture":"#0","tintindex":0},"west":{"uv":[9.25,5.25,9.75,4.75],"rotation":270,"texture":"#0","tintindex":0},"up":{"uv":[5.25,8.5,4.75,9.0],"rotation":270,"texture":"#0","tintindex":0},"down":{"uv":[7.25,4.25,6.75,4.75],"rotation":270,"texture":"#0","tintindex":0}}}],"display":{"head":{"translation":[0.0,-6.4,0.0],"scale":[4.0,4.0,4.0]}}}