{"textures":{"0":"modelengine:entity/texture_sun_mob"},"elements":[{"from":[10.537229,7.4484286,14.839486],"to":[12.191943,9.654715,16.494202],"rotation":{"angle":-45.0,"axis":"y","origin":[19.03143,2.4842854,8.0]},"faces":{"east":{"uv":[10.25,5.75,9.75,5.25],"rotation":90,"texture":"#0","tintindex":0},"south":{"uv":[9.75,6.25,10.25,6.75],"rotation":90,"texture":"#0","tintindex":0},"north":{"uv":[9.75,7.25,10.25,6.75],"rotation":90,"texture":"#0","tintindex":0},"west":{"uv":[1.25,10.25,0.75,9.75],"rotation":270,"texture":"#0","tintindex":0},"up":{"uv":[9.75,4.75,10.25,5.25],"rotation":180,"texture":"#0","tintindex":0},"down":{"uv":[9.75,5.75,10.25,6.25],"rotation":0,"texture":"#0","tintindex":0}}}],"display":{"head":{"translation":[0.0,-6.4,0.0],"scale":[4.0,4.0,4.0]}}}