{"textures":{"0":"modelengine:entity/texture_sun_mob"},"elements":[{"from":[2.9255428,3.587428,2.9255428],"to":[13.074457,13.515715,13.074457],"rotation":{"angle":0.0,"axis":"y","origin":[8.0,-3.0314293,8.0]},"faces":{"east":{"uv":[0.0,0.0,2.25,2.25],"rotation":90,"texture":"#0","tintindex":0},"south":{"uv":[0.0,0.0,2.25,2.25],"rotation":180,"texture":"#0","tintindex":0},"north":{"uv":[0.0,0.0,2.25,2.25],"rotation":0,"texture":"#0","tintindex":0},"west":{"uv":[0.0,0.0,2.25,2.25],"rotation":90,"texture":"#0","tintindex":0},"up":{"uv":[0.0,0.0,2.25,2.25],"rotation":90,"texture":"#0","tintindex":0},"down":{"uv":[0.0,0.0,2.25,2.25],"rotation":180,"texture":"#0","tintindex":0}}}],"display":{"head":{"translation":[0.0,-6.4,0.0],"scale":[4.0,4.0,4.0]}}}