{"textures":{"0":"modelengine:entity/texture_sun_mob"},"elements":[{"from":[5.793714,5.793714,5.793714],"to":[10.206285,10.206285,10.206285],"rotation":{"angle":0.0,"axis":"y","origin":[8.0,8.0,8.0]},"faces":{"east":{"uv":[7.25,6.25,8.25,7.25],"rotation":270,"texture":"#0","tintindex":0},"south":{"uv":[7.25,6.25,8.25,7.25],"rotation":90,"texture":"#0","tintindex":0},"north":{"uv":[7.25,6.25,8.25,7.25],"rotation":0,"texture":"#0","tintindex":0},"west":{"uv":[7.25,6.25,8.25,7.25],"rotation":180,"texture":"#0","tintindex":0},"up":{"uv":[7.25,6.25,8.25,7.25],"rotation":0,"texture":"#0","tintindex":0},"down":{"uv":[7.25,6.25,8.25,7.25],"rotation":270,"texture":"#0","tintindex":0}}}],"display":{"head":{"translation":[0.0,-6.4,0.0],"scale":[4.0,4.0,4.0]}}}