{"textures":{"0":"modelengine:entity/texture_sun_mob"},"elements":[{"from":[5.793714,1.3811426,5.793714],"to":[10.206285,2.4842854,10.206285],"rotation":{"angle":0.0,"axis":"y","origin":[2.4842854,1.3811426,8.0]},"faces":{"east":{"uv":[9.75,0.5,10.75,0.75],"rotation":0,"texture":"#0","tintindex":0},"south":{"uv":[9.75,7.25,10.75,7.5],"rotation":0,"texture":"#0","tintindex":0},"north":{"uv":[9.5,3.0,10.5,3.25],"rotation":0,"texture":"#0","tintindex":0},"west":{"uv":[9.75,7.5,10.75,7.75],"rotation":0,"texture":"#0","tintindex":0},"up":{"uv":[4.0,9.25,3.0,8.25],"rotation":0,"texture":"#0","tintindex":0},"down":{"uv":[9.25,3.25,8.25,4.25],"rotation":0,"texture":"#0","tintindex":0}}},{"from":[6.3452854,2.4842854,6.3452854],"to":[9.654715,13.515715,9.654715],"rotation":{"angle":0.0,"axis":"y","origin":[2.4842854,1.3811426,8.0]},"faces":{"east":{"uv":[4.5,2.25,5.25,4.75],"rotation":0,"texture":"#0","tintindex":0},"south":{"uv":[3.0,4.5,3.75,7.0],"rotation":0,"texture":"#0","tintindex":0},"north":{"uv":[2.25,4.5,3.0,7.0],"rotation":0,"texture":"#0","tintindex":0},"west":{"uv":[3.75,4.5,4.5,7.0],"rotation":0,"texture":"#0","tintindex":0},"up":{"uv":[10.25,2.25,9.5,1.5],"rotation":0,"texture":"#0","tintindex":0},"down":{"uv":[10.25,2.25,9.5,3.0],"rotation":0,"texture":"#0","tintindex":0}}}],"display":{"head":{"translation":[0.0,-6.4,0.0],"scale":[4.0,4.0,4.0]}}}