{"textures":{"0":"modelengine:entity/texture_sun_mob"},"elements":[{"from":[5.793714,1.3811426,5.793714],"to":[10.206285,2.4842854,10.206285],"rotation":{"angle":0.0,"axis":"y","origin":[10.757857,1.3811426,-0.27357197]},"faces":{"east":{"uv":[9.75,7.75,10.75,8.0],"rotation":0,"texture":"#0","tintindex":0},"south":{"uv":[9.75,8.0,10.75,8.25],"rotation":0,"texture":"#0","tintindex":0},"north":{"uv":[1.25,10.0,2.25,10.25],"rotation":0,"texture":"#0","tintindex":0},"west":{"uv":[9.25,9.75,10.25,10.0],"rotation":0,"texture":"#0","tintindex":0},"up":{"uv":[9.25,5.25,8.25,4.25],"rotation":90,"texture":"#0","tintindex":0},"down":{"uv":[6.25,8.25,5.25,9.25],"rotation":270,"texture":"#0","tintindex":0}}},{"from":[6.3452854,2.4842854,6.3452854],"to":[9.654715,13.515715,9.654715],"rotation":{"angle":0.0,"axis":"y","origin":[2.4842854,1.3811426,8.0]},"faces":{"east":{"uv":[5.25,2.25,6.0,4.75],"rotation":0,"texture":"#0","tintindex":0},"south":{"uv":[5.25,4.75,6.0,7.25],"rotation":0,"texture":"#0","tintindex":0},"north":{"uv":[4.5,4.75,5.25,7.25],"rotation":0,"texture":"#0","tintindex":0},"west":{"uv":[6.0,2.25,6.75,4.75],"rotation":0,"texture":"#0","tintindex":0},"up":{"uv":[4.5,10.25,3.75,9.5],"rotation":0,"texture":"#0","tintindex":0},"down":{"uv":[0.75,9.75,0.0,10.5],"rotation":0,"texture":"#0","tintindex":0}}}],"display":{"head":{"translation":[0.0,-6.4,0.0],"scale":[4.0,4.0,4.0]}}}