{"textures":{"0":"modelengine:entity/texture_sun_mob"},"elements":[{"from":[11.309429,13.515715,-3.0314293],"to":[15.722,19.03143,2.4842854],"rotation":{"angle":0.0,"axis":"y","origin":[8.0,8.0,8.0]},"faces":{"east":{"uv":[6.0,4.75,7.25,6.0],"rotation":0,"texture":"#0","tintindex":0},"south":{"uv":[6.75,1.25,7.75,2.5],"rotation":0,"texture":"#0","tintindex":0},"north":{"uv":[1.25,6.75,2.25,8.0],"rotation":0,"texture":"#0","tintindex":0},"west":{"uv":[6.0,6.0,7.25,7.25],"rotation":0,"texture":"#0","tintindex":0},"up":{"uv":[7.75,3.75,6.75,2.5],"rotation":0,"texture":"#0","tintindex":0},"down":{"uv":[3.25,7.0,2.25,8.25],"rotation":0,"texture":"#0","tintindex":0}}}],"display":{"head":{"translation":[0.0,-6.4,0.0],"scale":[4.0,4.0,4.0]}}}