{"textures":{"0":"modelengine:entity/texture_sun_mob"},"elements":[{"from":[3.587428,15.170429,-3.5830011],"to":[6.8968573,19.583,0.8295708],"rotation":{"angle":0.0,"axis":"y","origin":[8.0,8.0,8.0]},"faces":{"east":{"uv":[1.0,8.0,2.0,9.0],"rotation":0,"texture":"#0","tintindex":0},"south":{"uv":[7.75,8.25,8.5,9.25],"rotation":0,"texture":"#0","tintindex":0},"north":{"uv":[8.25,7.25,9.0,8.25],"rotation":0,"texture":"#0","tintindex":0},"west":{"uv":[2.0,8.25,3.0,9.25],"rotation":0,"texture":"#0","tintindex":0},"up":{"uv":[4.75,9.5,4.0,8.5],"rotation":0,"texture":"#0","tintindex":0},"down":{"uv":[9.25,8.25,8.5,9.25],"rotation":0,"texture":"#0","tintindex":0}}}],"display":{"head":{"translation":[0.0,-6.4,0.0],"scale":[4.0,4.0,4.0]}}}