{"textures":{"0":"modelengine:entity/texture_sun_mob"},"elements":[{"from":[6.8968573,15.722,-3.0314293],"to":[10.206285,19.03143,0.2779994],"rotation":{"angle":0.0,"axis":"y","origin":[8.0,8.0,8.0]},"faces":{"east":{"uv":[9.25,3.25,10.0,4.0],"rotation":0,"texture":"#0","tintindex":0},"south":{"uv":[9.25,4.0,10.0,4.75],"rotation":0,"texture":"#0","tintindex":0},"north":{"uv":[3.0,9.25,3.75,10.0],"rotation":0,"texture":"#0","tintindex":0},"west":{"uv":[4.75,9.25,5.5,10.0],"rotation":0,"texture":"#0","tintindex":0},"up":{"uv":[6.25,10.0,5.5,9.25],"rotation":0,"texture":"#0","tintindex":0},"down":{"uv":[7.0,9.25,6.25,10.0],"rotation":0,"texture":"#0","tintindex":0}}}],"display":{"head":{"translation":[0.0,-6.4,0.0],"scale":[4.0,4.0,4.0]}}}