{"textures":{"0":"modelengine:entity/texture_sun_mob"},"elements":[{"from":[9.654715,15.391058,-2.1489143],"to":[12.964144,18.148914,0.6089425],"rotation":{"angle":0.0,"axis":"y","origin":[8.0,8.0,8.0]},"faces":{"east":{"uv":[7.75,9.25,8.5,10.0],"rotation":0,"texture":"#0","tintindex":0},"south":{"uv":[9.25,8.25,10.0,9.0],"rotation":0,"texture":"#0","tintindex":0},"north":{"uv":[7.0,9.25,7.75,10.0],"rotation":0,"texture":"#0","tintindex":0},"west":{"uv":[8.5,9.25,9.25,10.0],"rotation":0,"texture":"#0","tintindex":0},"up":{"uv":[10.0,9.75,9.25,9.0],"rotation":0,"texture":"#0","tintindex":0},"down":{"uv":[10.25,0.75,9.5,1.5],"rotation":0,"texture":"#0","tintindex":0}}}],"display":{"head":{"translation":[0.0,-6.4,0.0],"scale":[4.0,4.0,4.0]}}}