{"textures":{"0":"modelengine:entity/texture_sun_mob"},"elements":[{"from":[3.0358567,15.391058,-2.1489143],"to":[6.3452854,18.148914,0.6089425],"rotation":{"angle":0.0,"axis":"y","origin":[8.0,8.0,8.0]},"faces":{"east":{"uv":[9.0,6.0,9.75,6.75],"rotation":0,"texture":"#0","tintindex":0},"south":{"uv":[9.0,6.75,9.75,7.5],"rotation":0,"texture":"#0","tintindex":0},"north":{"uv":[9.0,5.25,9.75,6.0],"rotation":0,"texture":"#0","tintindex":0},"west":{"uv":[9.0,7.5,9.75,8.25],"rotation":0,"texture":"#0","tintindex":0},"up":{"uv":[2.25,10.0,1.5,9.25],"rotation":0,"texture":"#0","tintindex":0},"down":{"uv":[3.0,9.25,2.25,10.0],"rotation":0,"texture":"#0","tintindex":0}}}],"display":{"head":{"translation":[0.0,-6.4,0.0],"scale":[4.0,4.0,4.0]}}}