{"textures":{"0":"modelengine:entity/texture_sun_mob"},"elements":[{"from":[0.2779994,13.515715,-3.0314293],"to":[4.6905713,19.03143,2.4842854],"rotation":{"angle":0.0,"axis":"y","origin":[8.0,8.0,8.0]},"faces":{"east":{"uv":[0.0,6.75,1.25,8.0],"rotation":0,"texture":"#0","tintindex":0},"south":{"uv":[7.25,3.75,8.25,5.0],"rotation":0,"texture":"#0","tintindex":0},"north":{"uv":[3.25,7.0,4.25,8.25],"rotation":0,"texture":"#0","tintindex":0},"west":{"uv":[6.75,0.0,8.0,1.25],"rotation":0,"texture":"#0","tintindex":0},"up":{"uv":[5.25,8.5,4.25,7.25],"rotation":0,"texture":"#0","tintindex":0},"down":{"uv":[8.25,5.0,7.25,6.25],"rotation":0,"texture":"#0","tintindex":0}}}],"display":{"head":{"translation":[0.0,-6.4,0.0],"scale":[4.0,4.0,4.0]}}}