{"textures":{"0":"modelengine:entity/texture_sun_mob"},"elements":[{"from":[5.793714,15.722,-3.0314293],"to":[9.103143,19.03143,0.2779994],"rotation":{"angle":0.0,"axis":"y","origin":[8.0,8.0,8.0]},"faces":{"east":{"uv":[8.75,1.75,9.5,2.5],"rotation":0,"texture":"#0","tintindex":0},"south":{"uv":[8.75,2.5,9.5,3.25],"rotation":0,"texture":"#0","tintindex":0},"north":{"uv":[8.75,1.0,9.5,1.75],"rotation":0,"texture":"#0","tintindex":0},"west":{"uv":[0.0,9.0,0.75,9.75],"rotation":0,"texture":"#0","tintindex":0},"up":{"uv":[9.75,0.75,9.0,0.0],"rotation":0,"texture":"#0","tintindex":0},"down":{"uv":[1.5,9.0,0.75,9.75],"rotation":0,"texture":"#0","tintindex":0}}}],"display":{"head":{"translation":[0.0,-6.4,0.0],"scale":[4.0,4.0,4.0]}}}