{"textures":{"0":"modelengine:entity/texture_sun_mob"},"elements":[{"from":[9.103143,15.170429,-3.5830011],"to":[12.412572,19.583,0.8295708],"rotation":{"angle":0.0,"axis":"y","origin":[8.0,8.0,8.0]},"faces":{"east":{"uv":[0.0,8.0,1.0,9.0],"rotation":0,"texture":"#0","tintindex":0},"south":{"uv":[6.25,8.25,7.0,9.25],"rotation":0,"texture":"#0","tintindex":0},"north":{"uv":[8.25,5.25,9.0,6.25],"rotation":0,"texture":"#0","tintindex":0},"west":{"uv":[8.0,0.0,9.0,1.0],"rotation":0,"texture":"#0","tintindex":0},"up":{"uv":[9.0,7.25,8.25,6.25],"rotation":0,"texture":"#0","tintindex":0},"down":{"uv":[7.75,8.25,7.0,9.25],"rotation":0,"texture":"#0","tintindex":0}}}],"display":{"head":{"translation":[0.0,-6.4,0.0],"scale":[4.0,4.0,4.0]}}}