{
	"credit": "Made by TeleMinecraft (Storbo)",
	"textures": {
		"0": "item/credencial/credencial_frente",
		"1": "item/credencial/credencial_reverso",
		"particle": "item/credencial/credencial_frente"
	},
	"elements": [
		{
			"from": [0, 0, 7.5],
			"to": [16, 8, 8.5],
			"faces": {
				"north": {"uv": [0, 0, 16, 16], "texture": "#0"},
				"east": {"uv": [0.62437, 4.26396, 1.54315, 5.27919], "texture": "#0"},
				"south": {"uv": [0, 0, 16, 16], "texture": "#1"},
				"west": {"uv": [0.69036, 4.38579, 1.64975, 5.11675], "texture": "#0"},
				"up": {"uv": [0.69036, 4.30457, 1.58376, 5.22335], "texture": "#0"},
				"down": {"uv": [0.69036, 4.38579, 1.7868, 5.26396], "texture": "#0"}
			}
		}
	],
	"display": {
		"thirdperson_righthand": {
			"rotation": [0, -180, 0],
			"translation": [0, 4, 0],
			"scale": [0.5, 0.5, 0.5]
		},
		"thirdperson_lefthand": {
			"rotation": [0, -180, 0],
			"translation": [0, 4, 0],
			"scale": [0.5, 0.5, 0.5]
		},
		"firstperson_righthand": {
			"rotation": [0, 135, 0],
			"translation": [1.25, 4.25, -2.25],
			"scale": [0.5, 0.5, 0.5]
		},
		"firstperson_lefthand": {
			"rotation": [0, 135, 0],
			"translation": [1.25, 4.25, -2.25],
			"scale": [0.5, 0.5, 0.5]
		},
		"ground": {
			"translation": [0, 1.5, 0],
			"scale": [0.5, 0.5, 0.5]
		},
		"gui": {
			"rotation": [22.5, -157.5, 0],
			"translation": [0, 4, 0],
			"scale": [0.9, 1, 1]
		},
		"head": {
			"translation": [0, 10.4, 0],
			"scale": [0.5, 0.5, 0.5]
		},
		"fixed": {
			"translation": [0, 4, -1]
		}
	}
}