{
	"credit": "Made by TeleMinecraft (Storbo)",
	"parent": "block/block",
	"textures": {
		"0": "block/yellow_concrete",
		"1": "block/andesite",
		"particle": "block/yellow_concrete"
	},
	"elements": [
		{
			"from": [0, 0, 0],
			"to": [16, 8, 8],
			"faces": {
				"north": {"uv": [0, 0, 16, 8], "texture": "#0", "cullface": "west"},
				"east": {"uv": [0, 0, 16, 8], "texture": "#0", "cullface": "west"},
				"south": {"uv": [0, 0, 16, 8], "texture": "#0", "cullface": "west"},
				"west": {"uv": [0, 0, 16, 8], "texture": "#0", "cullface": "west"},
				"up": {"uv": [0, 0, 16, 8], "texture": "#0", "cullface": "west"},
				"down": {"uv": [0, 0, 16, 8], "texture": "#0", "cullface": "west"}
			}
		},
		{
			"from": [-16, 0, 0],
			"to": [0, 8, 8],
			"faces": {
				"north": {"uv": [0, 0, 16, 8], "texture": "#0", "cullface": "west"},
				"east": {"uv": [0, 0, 16, 8], "texture": "#0", "cullface": "west"},
				"south": {"uv": [0, 0, 16, 8], "texture": "#0", "cullface": "west"},
				"west": {"uv": [0, 0, 16, 8], "texture": "#0", "cullface": "west"},
				"up": {"uv": [0, 0, 16, 8], "texture": "#0", "cullface": "west"},
				"down": {"uv": [0, 0, 16, 8], "texture": "#0", "cullface": "west"}
			}
		},
		{
			"from": [16, 0, 0],
			"to": [32, 8, 8],
			"faces": {
				"north": {"uv": [0, 0, 16, 8], "texture": "#0", "cullface": "west"},
				"east": {"uv": [0, 0, 16, 8], "texture": "#0", "cullface": "west"},
				"south": {"uv": [0, 0, 16, 8], "texture": "#0", "cullface": "west"},
				"west": {"uv": [0, 0, 16, 8], "texture": "#0", "cullface": "west"},
				"up": {"uv": [0, 0, 16, 8], "texture": "#0", "cullface": "west"},
				"down": {"uv": [0, 0, 16, 8], "texture": "#0", "cullface": "west"}
			}
		},
		{
			"from": [0, 0, 8],
			"to": [16, 16, 16],
			"faces": {
				"north": {"uv": [0, 0, 16, 16], "rotation": 90, "texture": "#1", "cullface": "west"},
				"east": {"uv": [0, 0, 16, 16], "texture": "#1", "cullface": "west"},
				"south": {"uv": [0, 0, 16, 16], "texture": "#1", "cullface": "west"},
				"west": {"uv": [0, 0, 16, 16], "texture": "#1", "cullface": "west"},
				"up": {"uv": [0, 0, 16, 16], "texture": "#1", "cullface": "west"},
				"down": {"uv": [0, 0, 16, 16], "texture": "#1", "cullface": "west"}
			}
		},
		{
			"from": [-16, 0, 8],
			"to": [0, 16, 16],
			"faces": {
				"north": {"uv": [0, 0, 16, 16], "rotation": 90, "texture": "#1", "cullface": "west"},
				"east": {"uv": [0, 0, 16, 16], "texture": "#1", "cullface": "west"},
				"south": {"uv": [0, 0, 16, 16], "texture": "#1", "cullface": "west"},
				"west": {"uv": [0, 0, 16, 16], "texture": "#1", "cullface": "west"},
				"up": {"uv": [0, 0, 16, 16], "texture": "#1", "cullface": "west"},
				"down": {"uv": [0, 0, 16, 16], "texture": "#1", "cullface": "west"}
			}
		},
		{
			"from": [16, 0, 8],
			"to": [32, 16, 16],
			"faces": {
				"north": {"uv": [0, 0, 16, 16], "rotation": 90, "texture": "#1", "cullface": "west"},
				"east": {"uv": [0, 0, 16, 16], "texture": "#1", "cullface": "west"},
				"south": {"uv": [0, 0, 16, 16], "texture": "#1", "cullface": "west"},
				"west": {"uv": [0, 0, 16, 16], "texture": "#1", "cullface": "west"},
				"up": {"uv": [0, 0, 16, 16], "texture": "#1", "cullface": "west"},
				"down": {"uv": [0, 0, 16, 16], "texture": "#1", "cullface": "west"}
			}
		}
	],
	"display": {
		"thirdperson_lefthand": {
			"rotation": [75, -135, 0],
			"translation": [0, 2.5, 0],
			"scale": [0.375, 0.375, 0.375]
		},
		"gui": {
			"rotation": [30, 135, 0],
			"scale": [0.625, 0.625, 0.625]
		},
		"head": {
			"rotation": [0, -90, 0]
		},
		"fixed": {
			"rotation": [-90, -180, 0],
			"translation": [0, 32, -14],
			"scale": [2, 2, 2]
		}
	}
}