{"parent":"minecraft:item/generated","textures":{"layer0":"minecraft:item/leather_horse_armor"},"overrides":[{"predicate":{"custom_model_data":1},"model":"modelengine:copper_golem/face"},{"predicate":{"custom_model_data":2},"model":"modelengine:copper_golem/nose"},{"predicate":{"custom_model_data":3},"model":"modelengine:copper_golem/rod"},{"predicate":{"custom_model_data":4},"model":"modelengine:copper_golem/body2"},{"predicate":{"custom_model_data":5},"model":"modelengine:copper_golem/arm1"},{"predicate":{"custom_model_data":6},"model":"modelengine:copper_golem/arm2"},{"predicate":{"custom_model_data":7},"model":"modelengine:copper_golem/leg1"},{"predicate":{"custom_model_data":8},"model":"modelengine:copper_golem/leg2"},{"predicate":{"custom_model_data":9},"model":"modelengine:sun_mob/head"},{"predicate":{"custom_model_data":10},"model":"modelengine:sun_mob/eyes"},{"predicate":{"custom_model_data":11},"model":"modelengine:sun_mob/crown1"},{"predicate":{"custom_model_data":12},"model":"modelengine:sun_mob/crown2"},{"predicate":{"custom_model_data":13},"model":"modelengine:sun_mob/part1"},{"predicate":{"custom_model_data":14},"model":"modelengine:sun_mob/part2"},{"predicate":{"custom_model_data":15},"model":"modelengine:sun_mob/part3"},{"predicate":{"custom_model_data":16},"model":"modelengine:sun_mob/part4"},{"predicate":{"custom_model_data":17},"model":"modelengine:sun_mob/hand1"},{"predicate":{"custom_model_data":18},"model":"modelengine:sun_mob/part5"},{"predicate":{"custom_model_data":19},"model":"modelengine:sun_mob/part6"},{"predicate":{"custom_model_data":20},"model":"modelengine:sun_mob/part7"},{"predicate":{"custom_model_data":21},"model":"modelengine:sun_mob/part8"},{"predicate":{"custom_model_data":22},"model":"modelengine:sun_mob/hand2"},{"predicate":{"custom_model_data":23},"model":"modelengine:sun_mob/heart"},{"predicate":{"custom_model_data":24},"model":"modelengine:sun_mob/leg1"},{"predicate":{"custom_model_data":25},"model":"modelengine:sun_mob/leg2"}]}