{
	"credit": "Made by TeleMinecraft (Storbo)",
	"textures": {
		"0": "block/gray_concrete",
		"1": "item/cajero/cajero",
		"2": "block/light_gray_concrete",
		"3": "item/cajero/cajero2",
		"particle": "block/gray_concrete"
	},
	"elements": [
		{
			"from": [0, 0, 0],
			"to": [16, 16, 16],
			"faces": {
				"north": {"uv": [0, 0, 1, 1], "texture": "#0"},
				"east": {"uv": [0, 0, 1, 1], "texture": "#0"},
				"south": {"uv": [0, 0, 1, 1], "texture": "#0"},
				"west": {"uv": [0, 0, 16, 16], "texture": "#0"},
				"up": {"uv": [0, 0, 1, 1], "texture": "#0"},
				"down": {"uv": [0, 0, 1, 1], "texture": "#0"}
			}
		},
		{
			"from": [0, 16, 6],
			"to": [16, 32, 16],
			"faces": {
				"north": {"uv": [0, 0, 1, 1], "texture": "#0"},
				"east": {"uv": [0, 0, 1, 1], "texture": "#0"},
				"south": {"uv": [0, 0, 1, 1], "texture": "#0"},
				"west": {"uv": [0, 0, 1, 1], "texture": "#0"},
				"up": {"uv": [0, 0, 1, 1], "texture": "#0"},
				"down": {"uv": [0, 0, 16, 10], "texture": "#missing"}
			}
		},
		{
			"from": [0, 16, 0],
			"to": [1, 23.6, 6],
			"faces": {
				"north": {"uv": [0, 0, 1, 7.6], "texture": "#0"},
				"east": {"uv": [0, 0, 1, 0.6], "texture": "#0"},
				"south": {"uv": [0, 0, 1, 7.6], "texture": "#0"},
				"west": {"uv": [0, 0, 1, 0.6], "texture": "#0"},
				"up": {"uv": [0, 0, 1, 6], "texture": "#0"},
				"down": {"uv": [0, 0, 1, 6], "texture": "#0"}
			}
		},
		{
			"from": [0, 21.7, -9],
			"to": [1, 26.4, -3],
			"rotation": {"angle": 22.5, "axis": "x", "origin": [0, 0, 0]},
			"faces": {
				"north": {"uv": [0, 0, 1, 4.7], "texture": "#0"},
				"east": {"uv": [0, 0, 1, 0.7], "texture": "#0"},
				"south": {"uv": [0, 0, 1, 4.7], "texture": "#0"},
				"west": {"uv": [0, 0, 1, 0.7], "texture": "#0"},
				"up": {"uv": [0, 0, 1, 6], "texture": "#0"},
				"down": {"uv": [0, 0, 1, 6], "texture": "#0"}
			}
		},
		{
			"from": [0, 25.64975, -7.08629],
			"to": [1, 31.64975, -2.08629],
			"rotation": {"angle": 45, "axis": "x", "origin": [0, 16, 0]},
			"faces": {
				"north": {"uv": [0, 0, 1, 6], "texture": "#0"},
				"east": {"uv": [0, 0, 1, 1], "texture": "#0"},
				"south": {"uv": [0, 0, 1, 6], "texture": "#0"},
				"west": {"uv": [0, 0, 1, 1], "texture": "#0"},
				"up": {"uv": [0, 0, 1, 5], "texture": "#0"},
				"down": {"uv": [0, 0, 1, 5], "texture": "#0"}
			}
		},
		{
			"from": [15, 16, 0],
			"to": [16, 23.6, 6],
			"rotation": {"angle": 0, "axis": "x", "origin": [15, 0, 0]},
			"faces": {
				"north": {"uv": [0, 0, 1, 7.6], "texture": "#0"},
				"east": {"uv": [0, 0, 1, 0.6], "texture": "#0"},
				"south": {"uv": [0, 0, 1, 7.6], "texture": "#0"},
				"west": {"uv": [0, 0, 1, 0.6], "texture": "#0"},
				"up": {"uv": [0, 0, 1, 6], "texture": "#0"},
				"down": {"uv": [0, 0, 1, 6], "texture": "#0"}
			}
		},
		{
			"from": [15, 21.7, -9],
			"to": [16, 26.4, -3],
			"rotation": {"angle": 22.5, "axis": "x", "origin": [15, 0, 0]},
			"faces": {
				"north": {"uv": [0, 0, 1, 4.7], "texture": "#0"},
				"east": {"uv": [0, 0, 1, 0.7], "texture": "#0"},
				"south": {"uv": [0, 0, 1, 4.7], "texture": "#0"},
				"west": {"uv": [0, 0, 1, 0.7], "texture": "#0"},
				"up": {"uv": [0, 0, 1, 6], "texture": "#0"},
				"down": {"uv": [0, 0, 1, 6], "texture": "#0"}
			}
		},
		{
			"from": [15, 25.64975, -7.08629],
			"to": [16, 31.64975, -2.08629],
			"rotation": {"angle": 45, "axis": "x", "origin": [15, 16, 0]},
			"faces": {
				"north": {"uv": [0, 0, 1, 6], "texture": "#0"},
				"east": {"uv": [0, 0, 1, 1], "texture": "#0"},
				"south": {"uv": [0, 0, 1, 6], "texture": "#0"},
				"west": {"uv": [0, 0, 1, 1], "texture": "#0"},
				"up": {"uv": [0, 0, 1, 5], "texture": "#0"},
				"down": {"uv": [0, 0, 1, 5], "texture": "#0"}
			}
		},
		{
			"from": [4, 4, -3.7],
			"to": [12, 5, -1.7],
			"rotation": {"angle": 22.5, "axis": "x", "origin": [0, 0, 0]},
			"faces": {
				"north": {"uv": [0, 0, 8, 1], "texture": "#0"},
				"east": {"uv": [0, 0, 2, 1], "texture": "#0"},
				"south": {"uv": [0, 0, 8, 1], "texture": "#0"},
				"west": {"uv": [0, 0, 2, 1], "texture": "#0"},
				"up": {"uv": [0, 0, 8, 2], "texture": "#0"},
				"down": {"uv": [0, 0, 8, 2], "texture": "#0"}
			}
		},
		{
			"from": [11.7, 11, 2.9],
			"to": [12, 12, 4.9],
			"rotation": {"angle": -22.5, "axis": "x", "origin": [0, 0, 0]},
			"faces": {
				"north": {"uv": [0, 0, 0.3, 1], "texture": "#0"},
				"east": {"uv": [0, 0, 2, 1], "texture": "#0"},
				"south": {"uv": [0, 0, 0.3, 1], "texture": "#0"},
				"west": {"uv": [0, 0, 2, 1], "texture": "#0"},
				"up": {"uv": [0, 0, 0.3, 2], "texture": "#0"},
				"down": {"uv": [0, 0, 0.3, 2], "texture": "#0"}
			}
		},
		{
			"from": [4, 11, 2.9],
			"to": [4.3, 12, 4.9],
			"rotation": {"angle": -22.5, "axis": "x", "origin": [0, 0, 0]},
			"faces": {
				"north": {"uv": [0, 0, 0.3, 1], "texture": "#0"},
				"east": {"uv": [0, 0, 2, 1], "texture": "#0"},
				"south": {"uv": [0, 0, 0.3, 1], "texture": "#0"},
				"west": {"uv": [0, 0, 2, 1], "texture": "#0"},
				"up": {"uv": [0, 0, 0.3, 2], "texture": "#0"},
				"down": {"uv": [0, 0, 0.3, 2], "texture": "#0"}
			}
		},
		{
			"from": [11.7, 5.2, -2],
			"to": [12, 12.2, 0],
			"faces": {
				"north": {"uv": [0, 0, 0.3, 7], "texture": "#0"},
				"east": {"uv": [0, 0, 2, 7], "texture": "#0"},
				"south": {"uv": [0, 0, 0.3, 7], "texture": "#0"},
				"west": {"uv": [0, 0, 2, 7], "texture": "#0"},
				"up": {"uv": [0, 0, 0.3, 2], "texture": "#0"},
				"down": {"uv": [0, 0, 0.3, 2], "texture": "#0"}
			}
		},
		{
			"from": [4, 5.2, -2],
			"to": [4.3, 12.2, 0],
			"faces": {
				"north": {"uv": [0, 0, 0.3, 7], "texture": "#0"},
				"east": {"uv": [0, 0, 2, 7], "texture": "#0"},
				"south": {"uv": [0, 0, 0.3, 7], "texture": "#0"},
				"west": {"uv": [0, 0, 2, 7], "texture": "#0"},
				"up": {"uv": [0, 0, 0.3, 2], "texture": "#0"},
				"down": {"uv": [0, 0, 0.3, 2], "texture": "#0"}
			}
		},
		{
			"from": [4.3, 5.2, -2],
			"to": [11.7, 12.2, -1.7],
			"faces": {
				"north": {"uv": [0, 0, 7.4, 7], "texture": "#0"},
				"east": {"uv": [0, 0, 0.3, 7], "texture": "#0"},
				"south": {"uv": [0, 0, 7.4, 7], "texture": "#0"},
				"west": {"uv": [0, 0, 0.3, 7], "texture": "#0"},
				"up": {"uv": [0, 0, 7.4, 0.3], "texture": "#0"},
				"down": {"uv": [0, 0, 7.4, 0.3], "texture": "#0"}
			}
		},
		{
			"from": [1, 15, -5],
			"to": [5, 28, 2],
			"rotation": {"angle": 22.5, "axis": "x", "origin": [0, 0, 0]},
			"faces": {
				"north": {"uv": [10.87293, 0.0884, 15.28545, 11.7919], "texture": "#1"},
				"east": {"uv": [0, 0, 7, 13], "texture": "#2"},
				"south": {"uv": [0, 0, 4, 13], "texture": "#2"},
				"west": {"uv": [0, 0, 7, 13], "texture": "#2"},
				"up": {"uv": [0, 0, 4, 7], "texture": "#2"},
				"down": {"uv": [0, 0, 4, 7], "texture": "#2"}
			}
		},
		{
			"from": [14, 15, -5],
			"to": [15, 25, 2],
			"rotation": {"angle": 22.5, "axis": "x", "origin": [0, 0, 0]},
			"faces": {
				"north": {"uv": [1.97422, 9.31123, 2.85083, 9.61142], "texture": "#2"},
				"east": {"uv": [0, 0, 7, 13], "texture": "#2"},
				"south": {"uv": [0, 0, 4, 13], "texture": "#2"},
				"west": {"uv": [0, 0, 7, 13], "texture": "#2"},
				"up": {"uv": [0, 0, 4, 7], "texture": "#2"},
				"down": {"uv": [0, 0, 4, 7], "texture": "#2"}
			}
		},
		{
			"from": [13, 15, -3.5],
			"to": [14, 25, 2],
			"rotation": {"angle": 22.5, "axis": "x", "origin": [0, 0, 0]},
			"faces": {
				"north": {"uv": [0.97238, 5.09761, 1.79006, 8.02026], "texture": "#2"},
				"east": {"uv": [0, 0, 7, 13], "texture": "#2"},
				"south": {"uv": [0, 0, 4, 13], "texture": "#2"},
				"west": {"uv": [0, 0, 7, 13], "texture": "#2"},
				"up": {"uv": [0, 0, 4, 7], "texture": "#2"},
				"down": {"uv": [0, 0, 4, 7], "texture": "#2"}
			}
		},
		{
			"from": [5, 15, -3.5],
			"to": [6, 25, 2],
			"rotation": {"angle": 22.5, "axis": "x", "origin": [0, 0, 0]},
			"faces": {
				"north": {"uv": [1.97422, 9.31123, 2.85083, 9.61142], "texture": "#2"},
				"east": {"uv": [0, 0, 7, 13], "texture": "#2"},
				"south": {"uv": [0, 0, 4, 13], "texture": "#2"},
				"west": {"uv": [0, 0, 7, 13], "texture": "#2"},
				"up": {"uv": [0, 0, 4, 7], "texture": "#2"},
				"down": {"uv": [0, 0, 4, 7], "texture": "#2"}
			}
		},
		{
			"from": [6, 23, -3.5],
			"to": [13, 25, 2],
			"rotation": {"angle": 22.5, "axis": "x", "origin": [0, 0, 0]},
			"faces": {
				"north": {"uv": [1.97422, 9.31123, 2.85083, 9.61142], "texture": "#2"},
				"east": {"uv": [0, 0, 7, 13], "texture": "#2"},
				"south": {"uv": [0, 0, 4, 13], "texture": "#2"},
				"west": {"uv": [0, 0, 7, 13], "texture": "#2"},
				"up": {"uv": [0, 0, 4, 7], "texture": "#2"},
				"down": {"uv": [0, 0, 4, 7], "texture": "#2"}
			}
		},
		{
			"from": [6, 17, -3.5],
			"to": [13, 19, 2],
			"rotation": {"angle": 22.5, "axis": "x", "origin": [0, 0, 0]},
			"faces": {
				"north": {"uv": [1.97422, 9.31123, 2.85083, 9.61142], "texture": "#2"},
				"east": {"uv": [0, 0, 7, 13], "texture": "#2"},
				"south": {"uv": [0, 0, 4, 13], "texture": "#2"},
				"west": {"uv": [0, 0, 7, 13], "texture": "#2"},
				"up": {"uv": [0, 0, 4, 7], "texture": "#2"},
				"down": {"uv": [0, 0, 4, 7], "texture": "#2"}
			}
		},
		{
			"from": [5, 15, -5],
			"to": [14, 16, 2],
			"rotation": {"angle": 22.5, "axis": "x", "origin": [0, 0, 0]},
			"faces": {
				"north": {"uv": [0, 0, 4, 13], "texture": "#2"},
				"east": {"uv": [0, 0, 4, 13], "texture": "#2"},
				"south": {"uv": [0, 0, 4, 13], "texture": "#2"},
				"west": {"uv": [0, 0, 4, 13], "texture": "#2"},
				"up": {"uv": [0, 0, 4, 13], "texture": "#2"},
				"down": {"uv": [0, 0, 4, 13], "texture": "#2"}
			}
		},
		{
			"from": [5, 7.5, 8],
			"to": [14, 14.5, 10],
			"rotation": {"angle": -22.5, "axis": "x", "origin": [0, 0, 0]},
			"faces": {
				"north": {"uv": [6.15838, 12.57643, 12.98711, 16], "rotation": 180, "texture": "#2"},
				"east": {"uv": [6.15838, 12.57643, 12.98711, 16], "rotation": 180, "texture": "#2"},
				"south": {"uv": [6.15838, 12.57643, 12.98711, 16], "rotation": 180, "texture": "#2"},
				"west": {"uv": [6.15838, 12.57643, 12.98711, 16], "rotation": 180, "texture": "#2"},
				"up": {"uv": [6.15838, 12.57643, 12.98711, 16], "rotation": 180, "texture": "#2"},
				"down": {"uv": [6.15838, 12.57643, 12.98711, 16], "rotation": 180, "texture": "#2"}
			}
		},
		{
			"from": [5, 25, -5],
			"to": [15, 28, 2],
			"rotation": {"angle": 22.5, "axis": "x", "origin": [0, 0, 0]},
			"faces": {
				"north": {"uv": [0.64825, 0.50092, 7.81952, 1.73297], "texture": "#1"},
				"east": {"uv": [0, 0, 7, 3], "texture": "#2"},
				"south": {"uv": [0, 0, 10, 3], "texture": "#2"},
				"west": {"uv": [0, 0, 7, 3], "texture": "#2"},
				"up": {"uv": [0, 0, 10, 7], "texture": "#2"},
				"down": {"uv": [0, 0, 10, 7], "texture": "#2"}
			}
		},
		{
			"from": [5, 24, -5],
			"to": [14, 25, -3],
			"rotation": {"angle": 22.5, "axis": "x", "origin": [0, 0, 0]},
			"faces": {
				"north": {"uv": [0.64825, 0.32413, 11.70902, 1.73297], "rotation": 180, "texture": "#2"},
				"east": {"uv": [0.64825, 0.32413, 11.70902, 1.73297], "rotation": 180, "texture": "#2"},
				"south": {"uv": [0.64825, 0.32413, 11.70902, 1.73297], "rotation": 180, "texture": "#2"},
				"west": {"uv": [0.64825, 0.32413, 11.70902, 1.73297], "rotation": 180, "texture": "#2"},
				"up": {"uv": [0.64825, 0.32413, 11.70902, 1.73297], "rotation": 180, "texture": "#2"},
				"down": {"uv": [0.64825, 0.32413, 11.70902, 1.73297], "rotation": 180, "texture": "#2"}
			}
		},
		{
			"from": [8, 13.5, 8],
			"to": [11, 14.6, 9.7],
			"rotation": {"angle": -22.5, "axis": "x", "origin": [0, 0, 0]},
			"faces": {
				"north": {"uv": [6.15838, 12.57643, 12.98711, 16], "rotation": 180, "texture": "#2"},
				"east": {"uv": [6.15838, 12.57643, 12.98711, 16], "rotation": 180, "texture": "#2"},
				"south": {"uv": [6.15838, 12.57643, 12.98711, 16], "rotation": 180, "texture": "#2"},
				"west": {"uv": [6.15838, 12.57643, 12.98711, 16], "rotation": 180, "texture": "#2"},
				"up": {"uv": [5.68692, 12.07551, 14.60773, 15.70534], "rotation": 180, "texture": "#1"},
				"down": {"uv": [6.15838, 12.57643, 12.98711, 16], "rotation": 180, "texture": "#2"}
			}
		},
		{
			"from": [7.4, 8.5, 8],
			"to": [7.9, 14.7, 10],
			"rotation": {"angle": -22.5, "axis": "x", "origin": [0, 0, 0]},
			"faces": {
				"north": {"uv": [6.15838, 12.57643, 12.98711, 16], "rotation": 180, "texture": "#2"},
				"east": {"uv": [6.15838, 12.57643, 12.98711, 16], "rotation": 180, "texture": "#2"},
				"south": {"uv": [6.15838, 12.57643, 12.98711, 16], "rotation": 180, "texture": "#2"},
				"west": {"uv": [6.15838, 12.57643, 12.98711, 16], "rotation": 180, "texture": "#2"},
				"up": {"uv": [6.15838, 12.57643, 12.98711, 16], "rotation": 180, "texture": "#2"},
				"down": {"uv": [6.15838, 12.57643, 12.98711, 16], "rotation": 180, "texture": "#2"}
			}
		},
		{
			"from": [8.9, 8.5, 8],
			"to": [9, 15.3, 10],
			"rotation": {"angle": -22.5, "axis": "x", "origin": [0, 0, 0]},
			"faces": {
				"north": {"uv": [6.15838, 12.57643, 12.98711, 16], "rotation": 180, "texture": "#2"},
				"east": {"uv": [6.15838, 12.57643, 12.98711, 16], "rotation": 180, "texture": "#2"},
				"south": {"uv": [6.15838, 12.57643, 12.98711, 16], "rotation": 180, "texture": "#2"},
				"west": {"uv": [6.15838, 12.57643, 12.98711, 16], "rotation": 180, "texture": "#2"},
				"up": {"uv": [6.15838, 12.57643, 12.98711, 16], "rotation": 180, "texture": "#2"},
				"down": {"uv": [6.15838, 12.57643, 12.98711, 16], "rotation": 180, "texture": "#2"}
			}
		},
		{
			"from": [11, 8.5, 8],
			"to": [11.1, 15.3, 10],
			"rotation": {"angle": -22.5, "axis": "x", "origin": [0, 0, 0]},
			"faces": {
				"north": {"uv": [6.15838, 12.57643, 12.98711, 16], "rotation": 180, "texture": "#2"},
				"east": {"uv": [6.15838, 12.57643, 12.98711, 16], "rotation": 180, "texture": "#2"},
				"south": {"uv": [6.15838, 12.57643, 12.98711, 16], "rotation": 180, "texture": "#2"},
				"west": {"uv": [6.15838, 12.57643, 12.98711, 16], "rotation": 180, "texture": "#2"},
				"up": {"uv": [6.15838, 12.57643, 12.98711, 16], "rotation": 180, "texture": "#2"},
				"down": {"uv": [6.15838, 12.57643, 12.98711, 16], "rotation": 180, "texture": "#2"}
			}
		},
		{
			"from": [6, 19, -3.1],
			"to": [13, 23, 2],
			"rotation": {"angle": 22.5, "axis": "x", "origin": [0, 0, 0]},
			"faces": {
				"north": {"uv": [2.06262, 3.41805, 9.42173, 7.60773], "texture": "#1"},
				"east": {"uv": [0, 0, 7, 13], "texture": "#2"},
				"south": {"uv": [0, 0, 4, 13], "texture": "#2"},
				"west": {"uv": [0, 0, 7, 13], "texture": "#2"},
				"up": {"uv": [0, 0, 4, 7], "texture": "#2"},
				"down": {"uv": [0, 0, 4, 7], "texture": "#2"}
			}
		},
		{
			"from": [13.1, 19.1, -3.6],
			"to": [13.7, 19.5, -3.5],
			"rotation": {"angle": 22.5, "axis": "x", "origin": [0, 0, 0]},
			"faces": {
				"north": {"uv": [9.81215, 7.16022, 10.12891, 7.37201], "texture": "#1"},
				"east": {"uv": [0, 0, 7, 13], "texture": "#2"},
				"south": {"uv": [0, 0, 4, 13], "texture": "#2"},
				"west": {"uv": [0, 0, 7, 13], "texture": "#2"},
				"up": {"uv": [0, 0, 4, 7], "texture": "#2"},
				"down": {"uv": [0, 0, 4, 7], "texture": "#2"}
			}
		},
		{
			"from": [13.1, 19.7, -3.6],
			"to": [13.7, 20.1, -3.5],
			"rotation": {"angle": 22.5, "axis": "x", "origin": [0, 0, 0]},
			"faces": {
				"north": {"uv": [9.81215, 7.16022, 10.12891, 7.37201], "texture": "#1"},
				"east": {"uv": [0, 0, 7, 13], "texture": "#2"},
				"south": {"uv": [0, 0, 4, 13], "texture": "#2"},
				"west": {"uv": [0, 0, 7, 13], "texture": "#2"},
				"up": {"uv": [0, 0, 4, 7], "texture": "#2"},
				"down": {"uv": [0, 0, 4, 7], "texture": "#2"}
			}
		},
		{
			"from": [13.1, 20.3, -3.6],
			"to": [13.7, 20.7, -3.5],
			"rotation": {"angle": 22.5, "axis": "x", "origin": [0, 0, 0]},
			"faces": {
				"north": {"uv": [9.81215, 7.16022, 10.12891, 7.37201], "texture": "#1"},
				"east": {"uv": [0, 0, 7, 13], "texture": "#2"},
				"south": {"uv": [0, 0, 4, 13], "texture": "#2"},
				"west": {"uv": [0, 0, 7, 13], "texture": "#2"},
				"up": {"uv": [0, 0, 4, 7], "texture": "#2"},
				"down": {"uv": [0, 0, 4, 7], "texture": "#2"}
			}
		},
		{
			"from": [13.1, 20.9, -3.6],
			"to": [13.7, 21.3, -3.5],
			"rotation": {"angle": 22.5, "axis": "x", "origin": [0, 0, 0]},
			"faces": {
				"north": {"uv": [9.81215, 7.16022, 10.12891, 7.37201], "texture": "#1"},
				"east": {"uv": [0, 0, 7, 13], "texture": "#2"},
				"south": {"uv": [0, 0, 4, 13], "texture": "#2"},
				"west": {"uv": [0, 0, 7, 13], "texture": "#2"},
				"up": {"uv": [0, 0, 4, 7], "texture": "#2"},
				"down": {"uv": [0, 0, 4, 7], "texture": "#2"}
			}
		},
		{
			"from": [5.3, 19.1, -3.6],
			"to": [5.9, 19.5, -3.5],
			"rotation": {"angle": 22.5, "axis": "x", "origin": [0, 0, 0]},
			"faces": {
				"north": {"uv": [9.81215, 7.16022, 10.12891, 7.37201], "texture": "#1"},
				"east": {"uv": [0, 0, 7, 13], "texture": "#2"},
				"south": {"uv": [0, 0, 4, 13], "texture": "#2"},
				"west": {"uv": [0, 0, 7, 13], "texture": "#2"},
				"up": {"uv": [0, 0, 4, 7], "texture": "#2"},
				"down": {"uv": [0, 0, 4, 7], "texture": "#2"}
			}
		},
		{
			"from": [5.3, 19.7, -3.6],
			"to": [5.9, 20.1, -3.5],
			"rotation": {"angle": 22.5, "axis": "x", "origin": [0, 0, 0]},
			"faces": {
				"north": {"uv": [9.81215, 7.16022, 10.12891, 7.37201], "texture": "#1"},
				"east": {"uv": [0, 0, 7, 13], "texture": "#2"},
				"south": {"uv": [0, 0, 4, 13], "texture": "#2"},
				"west": {"uv": [0, 0, 7, 13], "texture": "#2"},
				"up": {"uv": [0, 0, 4, 7], "texture": "#2"},
				"down": {"uv": [0, 0, 4, 7], "texture": "#2"}
			}
		},
		{
			"from": [5.3, 20.3, -3.6],
			"to": [5.9, 20.7, -3.5],
			"rotation": {"angle": 22.5, "axis": "x", "origin": [0, 0, 0]},
			"faces": {
				"north": {"uv": [9.81215, 7.16022, 10.12891, 7.37201], "texture": "#1"},
				"east": {"uv": [0, 0, 7, 13], "texture": "#2"},
				"south": {"uv": [0, 0, 4, 13], "texture": "#2"},
				"west": {"uv": [0, 0, 7, 13], "texture": "#2"},
				"up": {"uv": [0, 0, 4, 7], "texture": "#2"},
				"down": {"uv": [0, 0, 4, 7], "texture": "#2"}
			}
		},
		{
			"from": [5.3, 20.9, -3.6],
			"to": [5.9, 21.3, -3.5],
			"rotation": {"angle": 22.5, "axis": "x", "origin": [0, 0, 0]},
			"faces": {
				"north": {"uv": [9.81215, 7.16022, 10.12891, 7.37201], "texture": "#1"},
				"east": {"uv": [0, 0, 7, 13], "texture": "#2"},
				"south": {"uv": [0, 0, 4, 13], "texture": "#2"},
				"west": {"uv": [0, 0, 7, 13], "texture": "#2"},
				"up": {"uv": [0, 0, 4, 7], "texture": "#2"},
				"down": {"uv": [0, 0, 4, 7], "texture": "#2"}
			}
		},
		{
			"from": [6.4, 17.8, -3.6],
			"to": [12.4, 18.8, 1.9],
			"rotation": {"angle": 22.5, "axis": "x", "origin": [0, 0, 0]},
			"faces": {
				"north": {"uv": [0.61878, 10.07735, 9.80479, 11.40884], "texture": "#1"},
				"east": {"uv": [0, 0, 7, 13], "texture": "#2"},
				"south": {"uv": [0, 0, 4, 13], "texture": "#2"},
				"west": {"uv": [0, 0, 7, 13], "texture": "#2"},
				"up": {"uv": [0, 0, 4, 7], "texture": "#2"},
				"down": {"uv": [0, 0, 4, 7], "texture": "#2"}
			}
		},
		{
			"from": [-0.01, 25, 3],
			"to": [0.49, 28, 15],
			"faces": {
				"north": {"uv": [0, 0, 1.21864, 1.16949], "texture": "#0"},
				"east": {"uv": [0, 1.18644, 14.20169, 6.45763], "texture": "#3"},
				"south": {"uv": [0, 0, 1.21864, 1.16949], "texture": "#0"},
				"west": {"uv": [0, 1.32203, 14.33729, 6.38983], "texture": "#3"},
				"up": {"uv": [0, 0, 1.21864, 1.16949], "texture": "#0"},
				"down": {"uv": [0, 0, 1.21864, 1.16949], "texture": "#0"}
			}
		},
		{
			"from": [15.59, 25, 3],
			"to": [16.09, 28, 15],
			"faces": {
				"north": {"uv": [0, 0, 1.21864, 1.16949], "texture": "#0"},
				"east": {"uv": [0, 1.18644, 14.20169, 6.45763], "texture": "#3"},
				"south": {"uv": [0, 0, 1.21864, 1.16949], "texture": "#0"},
				"west": {"uv": [0, 1.32203, 14.33729, 6.38983], "texture": "#3"},
				"up": {"uv": [0, 0, 1.21864, 1.16949], "texture": "#0"},
				"down": {"uv": [0, 0, 1.21864, 1.16949], "texture": "#0"}
			}
		},
		{
			"from": [-0.01, 28, 6],
			"to": [1.09, 30, 15],
			"faces": {
				"north": {"uv": [0, 0, 1.21864, 1.16949], "texture": "#0"},
				"east": {"uv": [0.54237, 7.83051, 12.60847, 14.15254], "texture": "#3"},
				"south": {"uv": [0, 0, 1.21864, 1.16949], "texture": "#0"},
				"west": {"uv": [0.50847, 7.79661, 12.64237, 14.11864], "texture": "#3"},
				"up": {"uv": [0, 0, 1.21864, 1.16949], "texture": "#0"},
				"down": {"uv": [0, 0, 1.21864, 1.16949], "texture": "#0"}
			}
		},
		{
			"from": [15, 28, 6],
			"to": [16.01, 30, 15],
			"faces": {
				"north": {"uv": [0, 0, 1.21864, 1.16949], "texture": "#0"},
				"east": {"uv": [0.47458, 7.8661, 12.54068, 14.18814], "texture": "#3"},
				"south": {"uv": [0, 0, 1.21864, 1.16949], "texture": "#0"},
				"west": {"uv": [0.50847, 7.79661, 12.64237, 14.11864], "texture": "#3"},
				"up": {"uv": [0, 0, 1.21864, 1.16949], "texture": "#0"},
				"down": {"uv": [0, 0, 1.21864, 1.16949], "texture": "#0"}
			}
		}
	],
	"display": {
		"thirdperson_righthand": {
			"rotation": [0, -180, 0],
			"translation": [0, 2, 0],
			"scale": [0.25, 0.25, 0.25]
		},
		"thirdperson_lefthand": {
			"rotation": [0, -180, 0],
			"translation": [0, 2, 0],
			"scale": [0.25, 0.25, 0.25]
		},
		"firstperson_righthand": {
			"rotation": [0, -180, 0],
			"translation": [0, 2, 0],
			"scale": [0.25, 0.25, 0.25]
		},
		"firstperson_lefthand": {
			"rotation": [0, -180, 0],
			"translation": [0, 2, 0],
			"scale": [0.25, 0.25, 0.25]
		},
		"ground": {
			"scale": [0.25, 0.25, 0.25]
		},
		"gui": {
			"rotation": [0, -180, 0],
			"translation": [0, -4, 0],
			"scale": [0.5, 0.5, 0.5]
		},
		"head": {
			"translation": [0, -27.5, 0],
			"scale": [2, 2, 2]
		},
		"fixed": {
			"translation": [0, -4, -4],
			"scale": [0.5, 0.5, 0.5]
		}
	},
	"groups": [
		{
			"name": "Carcasa",
			"origin": [0, 0, 0],
			"color": 0,
			"children": [0, 1, 2, 3, 4, 5, 6, 7]
		},
		{
			"name": "Basurerito",
			"origin": [8, 8, 8],
			"color": 0,
			"children": [8, 9, 10, 11, 12, 13]
		},
		{
			"name": "Interior",
			"origin": [8, 8, 8],
			"color": 0,
			"children": [
				14,
				15,
				16,
				17,
				18,
				19,
				20,
				21,
				22,
				23,
				{
					"name": "group",
					"origin": [8, 8, 8],
					"color": 0,
					"children": []
				},
				{
					"name": "group",
					"origin": [8, 8, 8],
					"color": 0,
					"children": []
				}
			]
		},
		{
			"name": "Panel",
			"origin": [0, 0, 0],
			"color": 0,
			"children": [24, 25, 26, 27]
		},
		{
			"name": "Pantalla",
			"origin": [0, 0, 0],
			"color": 0,
			"children": [
				28,
				{
					"name": "Botones",
					"origin": [0, 0, 0],
					"color": 0,
					"children": [29, 30, 31, 32, 33, 34, 35, 36]
				},
				37
			]
		},
		{
			"name": "Detalles",
			"origin": [8, 8, 8],
			"color": 0,
			"children": [38, 39, 40, 41]
		}
	]
}