{
	"credit": "Made by TeleMinecraft (Storbo)",
	"textures": {
		"3": "block/orange_concrete",
		"6": "item/dinero/billete_20000"
	},
	"elements": [
		{
			"from": [0, 0, 7.95],
			"to": [16, 8, 8.05],
			"faces": {
				"north": {"uv": [0, 0, 16, 8], "texture": "#6"},
				"east": {"uv": [0, 0, 1, 8], "texture": "#3"},
				"south": {"uv": [0, 8.1, 16, 16], "texture": "#6"},
				"west": {"uv": [0, 0, 1, 8], "texture": "#3"},
				"up": {"uv": [0, 0, 16, 1], "texture": "#3"},
				"down": {"uv": [0, 0, 16, 1], "texture": "#3"}
			}
		}
	],
	"display": {
		"thirdperson_righthand": {
			"translation": [0, 4, 0],
			"scale": [0.5, 0.5, 0.5]
		},
		"thirdperson_lefthand": {
			"translation": [0, 4, 0],
			"scale": [0.5, 0.5, 0.5]
		},
		"firstperson_righthand": {
			"rotation": [0, -22.5, 0],
			"translation": [0, 4, 0],
			"scale": [0.5, 0.5, 0.5]
		},
		"firstperson_lefthand": {
			"rotation": [0, -22.5, 0],
			"translation": [0, 4, 0],
			"scale": [0.5, 0.5, 0.5]
		},
		"ground": {
			"translation": [0, 4, 0],
			"scale": [0.5, 0.5, 0.5]
		},
		"gui": {
			"rotation": [22.5, 22.5, 0],
			"translation": [0, 4, 0],
			"scale": [0.9, 0.9, 0.9]
		},
		"head": {
			"translation": [0, 4, 0],
			"scale": [0.5, 0.5, 0.5]
		},
		"fixed": {
			"translation": [0, 4, 0]
		}
	}
}