{
	"credit": "Made by TeleMinecraft (Storbo)",
	"textures": {
		"0": "block/stripped_birch_log",
		"1": "block/terracotta",
		"2": "block/red_concrete",
		"3": "block/lime_concrete",
		"4": "block/yellow_concrete_powder",
		"particle": "block/stripped_birch_log"
	},
	"elements": [
		{
			"from": [9, 1, 1],
			"to": [10, 2, 15],
			"faces": {
				"north": {"uv": [0, 0, 4, 1], "texture": "#0"},
				"east": {"uv": [0, 0, 12, 1], "texture": "#0"},
				"south": {"uv": [0, 0, 4, 1], "texture": "#0"},
				"west": {"uv": [0, 0, 12, 1], "texture": "#0"},
				"up": {"uv": [0, 0, 4, 12], "texture": "#0"},
				"down": {"uv": [0, 0, 4, 12], "texture": "#0"}
			}
		},
		{
			"from": [6, 1, 1],
			"to": [7, 2, 15],
			"faces": {
				"north": {"uv": [0, 0, 4, 1], "texture": "#0"},
				"east": {"uv": [0, 0, 12, 1], "texture": "#0"},
				"south": {"uv": [0, 0, 4, 1], "texture": "#0"},
				"west": {"uv": [0, 0, 12, 1], "texture": "#0"},
				"up": {"uv": [0, 0, 4, 12], "texture": "#0"},
				"down": {"uv": [0, 0, 4, 12], "texture": "#0"}
			}
		},
		{
			"from": [5, 1, 1],
			"to": [6, 4, 15],
			"faces": {
				"north": {"uv": [0, 0, 4, 1], "texture": "#0"},
				"east": {"uv": [0, 0, 12, 1], "texture": "#0"},
				"south": {"uv": [0, 0, 4, 1], "texture": "#0"},
				"west": {"uv": [0, 0, 12, 1], "texture": "#0"},
				"up": {"uv": [0, 0, 4, 12], "texture": "#0"},
				"down": {"uv": [0, 0, 4, 12], "texture": "#0"}
			}
		},
		{
			"from": [10, 1, 1],
			"to": [11, 4, 15],
			"faces": {
				"north": {"uv": [0, 0, 4, 1], "texture": "#0"},
				"east": {"uv": [0, 0, 12, 1], "texture": "#0"},
				"south": {"uv": [0, 0, 4, 1], "texture": "#0"},
				"west": {"uv": [0, 0, 12, 1], "texture": "#0"},
				"up": {"uv": [0, 0, 4, 12], "texture": "#0"},
				"down": {"uv": [0, 0, 4, 12], "texture": "#0"}
			}
		},
		{
			"from": [6, 0, 1],
			"to": [10, 1, 15],
			"faces": {
				"north": {"uv": [0, 0, 4, 1], "texture": "#0"},
				"east": {"uv": [0, 0, 12, 1], "texture": "#0"},
				"south": {"uv": [0, 0, 4, 1], "texture": "#0"},
				"west": {"uv": [0, 0, 12, 1], "texture": "#0"},
				"up": {"uv": [0, 0, 4, 12], "texture": "#0"},
				"down": {"uv": [0, 0, 4, 12], "texture": "#0"}
			}
		},
		{
			"from": [7, 1, 0],
			"to": [9, 3, 16],
			"faces": {
				"north": {"uv": [0, 0, 2, 2], "texture": "#1"},
				"east": {"uv": [0, 0, 16, 2], "texture": "#1"},
				"south": {"uv": [0, 0, 2, 2], "texture": "#1"},
				"west": {"uv": [0, 0, 16, 2], "texture": "#1"},
				"up": {"uv": [0, 0, 2, 16], "texture": "#1"},
				"down": {"uv": [0, 0, 2, 16], "texture": "#1"}
			}
		},
		{
			"from": [9, 2, 2],
			"to": [10, 3.8, 14],
			"faces": {
				"north": {"uv": [0, 0, 1, 1.8], "texture": "#2"},
				"east": {"uv": [0, 0, 12, 1.8], "texture": "#2"},
				"south": {"uv": [0, 0, 1, 1.8], "texture": "#2"},
				"west": {"uv": [0, 0, 12, 1.8], "texture": "#2"},
				"up": {"uv": [0, 0, 1, 12], "texture": "#2"},
				"down": {"uv": [0, 0, 1, 12], "texture": "#2"}
			}
		},
		{
			"from": [6, 2, 2],
			"to": [7, 3.8, 14],
			"faces": {
				"north": {"uv": [0, 0, 1, 1.8], "texture": "#2"},
				"east": {"uv": [0, 0, 12, 1.8], "texture": "#2"},
				"south": {"uv": [0, 0, 1, 1.8], "texture": "#2"},
				"west": {"uv": [0, 0, 12, 1.8], "texture": "#2"},
				"up": {"uv": [0, 0, 1, 12], "texture": "#2"},
				"down": {"uv": [0, 0, 1, 12], "texture": "#2"}
			}
		},
		{
			"from": [6, 2, 0.9],
			"to": [7, 3.2, 2],
			"faces": {
				"north": {"uv": [0, 0, 1, 1.2], "texture": "#2"},
				"east": {"uv": [0, 0, 1.1, 1.2], "texture": "#2"},
				"south": {"uv": [0, 0, 1, 1.2], "texture": "#2"},
				"west": {"uv": [0, 0, 1.1, 1.2], "texture": "#2"},
				"up": {"uv": [0, 0, 1, 1.1], "texture": "#2"},
				"down": {"uv": [0, 0, 1, 1.1], "texture": "#2"}
			}
		},
		{
			"from": [9, 2, 0.7],
			"to": [10, 3, 2],
			"faces": {
				"north": {"uv": [0, 0, 1, 1], "texture": "#2"},
				"east": {"uv": [0, 0, 1.3, 1], "texture": "#2"},
				"south": {"uv": [0, 0, 1, 1], "texture": "#2"},
				"west": {"uv": [0, 0, 1.3, 1], "texture": "#2"},
				"up": {"uv": [0, 0, 1, 1.3], "texture": "#2"},
				"down": {"uv": [0, 0, 1, 1.3], "texture": "#2"}
			}
		},
		{
			"from": [9, 2, 13.8],
			"to": [10, 3.2, 15.2],
			"faces": {
				"north": {"uv": [0, 0, 1, 1.2], "texture": "#2"},
				"east": {"uv": [0, 0, 1.4, 1.2], "texture": "#2"},
				"south": {"uv": [0, 0, 1, 1.2], "texture": "#2"},
				"west": {"uv": [0, 0, 1.4, 1.2], "texture": "#2"},
				"up": {"uv": [0, 0, 1, 1.4], "texture": "#2"},
				"down": {"uv": [0, 0, 1, 1.4], "texture": "#2"}
			}
		},
		{
			"from": [6, 2, 14],
			"to": [7, 3, 15.2],
			"faces": {
				"north": {"uv": [0, 0, 1, 1], "texture": "#2"},
				"east": {"uv": [0, 0, 1.2, 1], "texture": "#2"},
				"south": {"uv": [0, 0, 1, 1], "texture": "#2"},
				"west": {"uv": [0, 0, 1.2, 1], "texture": "#2"},
				"up": {"uv": [0, 0, 1, 1.2], "texture": "#2"},
				"down": {"uv": [0, 0, 1, 1.2], "texture": "#2"}
			}
		},
		{
			"from": [8.3, 3, 14],
			"to": [9, 3.5, 14.8],
			"faces": {
				"north": {"uv": [0, 0, 0.7, 0.5], "texture": "#2"},
				"east": {"uv": [0, 0, 0.8, 0.5], "texture": "#2"},
				"south": {"uv": [0, 0, 0.7, 0.5], "texture": "#2"},
				"west": {"uv": [0, 0, 0.8, 0.5], "texture": "#2"},
				"up": {"uv": [0, 0, 0.7, 0.8], "texture": "#2"},
				"down": {"uv": [0, 0, 0.7, 0.8], "texture": "#2"}
			}
		},
		{
			"from": [6, 3, 14],
			"to": [6.6, 3.5, 14.5],
			"faces": {
				"north": {"uv": [0, 0, 0.6, 0.5], "texture": "#2"},
				"east": {"uv": [0, 0, 0.5, 0.5], "texture": "#2"},
				"south": {"uv": [0, 0, 0.6, 0.5], "texture": "#2"},
				"west": {"uv": [0, 0, 0.5, 0.5], "texture": "#2"},
				"up": {"uv": [0, 0, 0.6, 0.5], "texture": "#2"},
				"down": {"uv": [0, 0, 0.6, 0.5], "texture": "#2"}
			}
		},
		{
			"from": [9.4, 3.2, 14],
			"to": [10, 3.7, 14.5],
			"faces": {
				"north": {"uv": [0, 0, 0.6, 0.5], "texture": "#2"},
				"east": {"uv": [0, 0, 0.5, 0.5], "texture": "#2"},
				"south": {"uv": [0, 0, 0.6, 0.5], "texture": "#2"},
				"west": {"uv": [0, 0, 0.5, 0.5], "texture": "#2"},
				"up": {"uv": [0, 0, 0.6, 0.5], "texture": "#2"},
				"down": {"uv": [0, 0, 0.6, 0.5], "texture": "#2"}
			}
		},
		{
			"from": [9.4, 2.9, 1.4],
			"to": [10, 3.4, 1.9],
			"faces": {
				"north": {"uv": [0, 0, 0.6, 0.5], "texture": "#2"},
				"east": {"uv": [0, 0, 0.5, 0.5], "texture": "#2"},
				"south": {"uv": [0, 0, 0.6, 0.5], "texture": "#2"},
				"west": {"uv": [0, 0, 0.5, 0.5], "texture": "#2"},
				"up": {"uv": [0, 0, 0.6, 0.5], "texture": "#2"},
				"down": {"uv": [0, 0, 0.6, 0.5], "texture": "#2"}
			}
		},
		{
			"from": [6.9, 3, 1.2],
			"to": [7.6, 3.5, 2],
			"faces": {
				"north": {"uv": [0, 0, 0.7, 0.5], "texture": "#2"},
				"east": {"uv": [0, 0, 0.8, 0.5], "texture": "#2"},
				"south": {"uv": [0, 0, 0.7, 0.5], "texture": "#2"},
				"west": {"uv": [0, 0, 0.8, 0.5], "texture": "#2"},
				"up": {"uv": [0, 0, 0.7, 0.8], "texture": "#2"},
				"down": {"uv": [0, 0, 0.7, 0.8], "texture": "#2"}
			}
		},
		{
			"from": [6, 3, 1.6],
			"to": [6.6, 3.5, 2.1],
			"faces": {
				"north": {"uv": [0, 0, 0.6, 0.5], "texture": "#2"},
				"east": {"uv": [0, 0, 0.5, 0.5], "texture": "#2"},
				"south": {"uv": [0, 0, 0.6, 0.5], "texture": "#2"},
				"west": {"uv": [0, 0, 0.5, 0.5], "texture": "#2"},
				"up": {"uv": [0, 0, 0.6, 0.5], "texture": "#2"},
				"down": {"uv": [0, 0, 0.6, 0.5], "texture": "#2"}
			}
		},
		{
			"from": [7.6, 3, 1],
			"to": [9, 4, 14],
			"faces": {
				"north": {"uv": [0, 0, 1.4, 1], "texture": "#3"},
				"east": {"uv": [0, 0, 13, 1], "texture": "#3"},
				"south": {"uv": [0, 0, 1.4, 1], "texture": "#3"},
				"west": {"uv": [0, 0, 13, 1], "texture": "#3"},
				"up": {"uv": [0, 0, 1.4, 13], "texture": "#3"},
				"down": {"uv": [0, 0, 1.4, 13], "texture": "#3"}
			}
		},
		{
			"from": [7.6, 4, 1.5],
			"to": [9, 4.5, 2],
			"faces": {
				"north": {"uv": [0, 0, 1.4, 0.5], "texture": "#3"},
				"east": {"uv": [0, 0, 0.5, 0.5], "texture": "#3"},
				"south": {"uv": [0, 0, 1.4, 0.5], "texture": "#3"},
				"west": {"uv": [0, 0, 0.5, 0.5], "texture": "#3"},
				"up": {"uv": [0, 0, 1.4, 0.5], "texture": "#3"},
				"down": {"uv": [0, 0, 1.4, 0.5], "texture": "#3"}
			}
		},
		{
			"from": [7.1, 3.5, 1.5],
			"to": [7.6, 4.1, 2],
			"faces": {
				"north": {"uv": [0, 0, 0.5, 0.6], "texture": "#3"},
				"east": {"uv": [0, 0, 0.5, 0.6], "texture": "#3"},
				"south": {"uv": [0, 0, 0.5, 0.6], "texture": "#3"},
				"west": {"uv": [0, 0, 0.5, 0.6], "texture": "#3"},
				"up": {"uv": [0, 0, 0.5, 0.5], "texture": "#3"},
				"down": {"uv": [0, 0, 0.5, 0.5], "texture": "#3"}
			}
		},
		{
			"from": [8.3, 3.5, 14.2],
			"to": [8.8, 4.1, 14.7],
			"faces": {
				"north": {"uv": [0, 0, 0.5, 0.6], "texture": "#3"},
				"east": {"uv": [0, 0, 0.5, 0.6], "texture": "#3"},
				"south": {"uv": [0, 0, 0.5, 0.6], "texture": "#3"},
				"west": {"uv": [0, 0, 0.5, 0.6], "texture": "#3"},
				"up": {"uv": [0, 0, 0.5, 0.5], "texture": "#3"},
				"down": {"uv": [0, 0, 0.5, 0.5], "texture": "#3"}
			}
		},
		{
			"from": [7.1, 4, 14],
			"to": [8.5, 4.5, 14.5],
			"faces": {
				"north": {"uv": [0, 0, 1.4, 0.5], "texture": "#3"},
				"east": {"uv": [0, 0, 0.5, 0.5], "texture": "#3"},
				"south": {"uv": [0, 0, 1.4, 0.5], "texture": "#3"},
				"west": {"uv": [0, 0, 0.5, 0.5], "texture": "#3"},
				"up": {"uv": [0, 0, 1.4, 0.5], "texture": "#3"},
				"down": {"uv": [0, 0, 1.4, 0.5], "texture": "#3"}
			}
		},
		{
			"from": [7, 3, 2],
			"to": [8.3, 4, 15],
			"faces": {
				"north": {"uv": [0, 0, 1.3, 1], "texture": "#3"},
				"east": {"uv": [0, 0, 13, 1], "texture": "#3"},
				"south": {"uv": [0, 0, 1.3, 1], "texture": "#3"},
				"west": {"uv": [0, 0, 13, 1], "texture": "#3"},
				"up": {"uv": [0, 0, 1.3, 13], "texture": "#3"},
				"down": {"uv": [0, 0, 1.3, 13], "texture": "#3"}
			}
		},
		{
			"from": [6, 3.8, 2],
			"to": [10, 4.6, 14],
			"faces": {
				"north": {"uv": [0, 0, 4, 0.8], "texture": "#3"},
				"east": {"uv": [0, 0, 12, 0.8], "texture": "#3"},
				"south": {"uv": [0, 0, 4, 0.8], "texture": "#3"},
				"west": {"uv": [0, 0, 12, 0.8], "texture": "#3"},
				"up": {"uv": [0, 0, 4, 12], "texture": "#3"},
				"down": {"uv": [0, 0, 4, 12], "texture": "#3"}
			}
		},
		{
			"from": [5.6, 4, 10.3],
			"to": [6, 4.6, 13],
			"faces": {
				"north": {"uv": [0, 0, 0.4, 0.6], "texture": "#3"},
				"east": {"uv": [0, 0, 2.7, 0.6], "texture": "#3"},
				"south": {"uv": [0, 0, 0.4, 0.6], "texture": "#3"},
				"west": {"uv": [0, 0, 2.7, 0.6], "texture": "#3"},
				"up": {"uv": [0, 0, 0.4, 2.7], "texture": "#3"},
				"down": {"uv": [0, 0, 0.4, 2.7], "texture": "#3"}
			}
		},
		{
			"from": [5.6, 4, 5],
			"to": [6, 4.6, 8.1],
			"faces": {
				"north": {"uv": [0, 0, 0.4, 0.6], "texture": "#3"},
				"east": {"uv": [0, 0, 3.1, 0.6], "texture": "#3"},
				"south": {"uv": [0, 0, 0.4, 0.6], "texture": "#3"},
				"west": {"uv": [0, 0, 3.1, 0.6], "texture": "#3"},
				"up": {"uv": [0, 0, 0.4, 3.1], "texture": "#3"},
				"down": {"uv": [0, 0, 0.4, 3.1], "texture": "#3"}
			}
		},
		{
			"from": [10, 4, 8.3],
			"to": [10.4, 4.6, 11.4],
			"faces": {
				"north": {"uv": [0, 0, 0.4, 0.6], "texture": "#3"},
				"east": {"uv": [0, 0, 3.1, 0.6], "texture": "#3"},
				"south": {"uv": [0, 0, 0.4, 0.6], "texture": "#3"},
				"west": {"uv": [0, 0, 3.1, 0.6], "texture": "#3"},
				"up": {"uv": [0, 0, 0.4, 3.1], "texture": "#3"},
				"down": {"uv": [0, 0, 0.4, 3.1], "texture": "#3"}
			}
		},
		{
			"from": [10, 4, 2.8],
			"to": [10.4, 4.6, 5.8],
			"faces": {
				"north": {"uv": [0, 0, 0.4, 0.6], "texture": "#3"},
				"east": {"uv": [0, 0, 3, 0.6], "texture": "#3"},
				"south": {"uv": [0, 0, 0.4, 0.6], "texture": "#3"},
				"west": {"uv": [0, 0, 3, 0.6], "texture": "#3"},
				"up": {"uv": [0, 0, 0.4, 3], "texture": "#3"},
				"down": {"uv": [0, 0, 0.4, 3], "texture": "#3"}
			}
		},
		{
			"from": [7.4, 4.6, -0.5],
			"to": [10, 4.8, 0.5],
			"rotation": {"angle": -22.5, "axis": "y", "origin": [0, -0.4, -0.5]},
			"faces": {
				"north": {"uv": [6, 5, 6.6, 6], "texture": "#4"},
				"east": {"uv": [6, 5, 6.6, 6], "texture": "#4"},
				"south": {"uv": [6, 5, 6.6, 6], "texture": "#4"},
				"west": {"uv": [6, 5, 6.6, 6], "texture": "#4"},
				"up": {"uv": [6, 5, 6.6, 6], "texture": "#4"},
				"down": {"uv": [6, 5, 6.6, 6], "texture": "#4"}
			}
		},
		{
			"from": [3.7, 4.6, 7.5],
			"to": [6.3, 4.8, 8.5],
			"rotation": {"angle": 22.5, "axis": "y", "origin": [0, -0.4, -0.5]},
			"faces": {
				"north": {"uv": [6, 5, 6.6, 6], "texture": "#4"},
				"east": {"uv": [6, 5, 6.6, 6], "texture": "#4"},
				"south": {"uv": [6, 5, 6.6, 6], "texture": "#4"},
				"west": {"uv": [6, 5, 6.6, 6], "texture": "#4"},
				"up": {"uv": [6, 5, 6.6, 6], "texture": "#4"},
				"down": {"uv": [6, 5, 6.6, 6], "texture": "#4"}
			}
		},
		{
			"from": [8.4, 4.6, 3.4],
			"to": [9.3, 4.8, 5.3],
			"rotation": {"angle": 0, "axis": "y", "origin": [0, -0.4, -0.5]},
			"faces": {
				"north": {"uv": [7, 5, 5.9, 5.9], "texture": "#4"},
				"east": {"uv": [7, 5, 5.9, 5.9], "texture": "#4"},
				"south": {"uv": [7, 5, 5.9, 5.9], "texture": "#4"},
				"west": {"uv": [7, 5, 5.9, 5.9], "texture": "#4"},
				"up": {"uv": [7, 5, 5.9, 5.9], "texture": "#4"},
				"down": {"uv": [7, 5, 5.9, 5.9], "texture": "#4"}
			}
		},
		{
			"from": [6.5, 4.6, 5.5],
			"to": [7.4, 4.8, 7.4],
			"rotation": {"angle": 0, "axis": "y", "origin": [0, -0.4, -0.5]},
			"faces": {
				"north": {"uv": [7, 5, 5.9, 5.9], "texture": "#4"},
				"east": {"uv": [7, 5, 5.9, 5.9], "texture": "#4"},
				"south": {"uv": [7, 5, 5.9, 5.9], "texture": "#4"},
				"west": {"uv": [7, 5, 5.9, 5.9], "texture": "#4"},
				"up": {"uv": [7, 5, 5.9, 5.9], "texture": "#4"},
				"down": {"uv": [7, 5, 5.9, 5.9], "texture": "#4"}
			}
		},
		{
			"from": [7.4, 4.6, 3.6],
			"to": [10, 4.8, 4.6],
			"rotation": {"angle": -22.5, "axis": "y", "origin": [0, -0.4, 3.6]},
			"faces": {
				"north": {"uv": [6, 5, 6.6, 6], "texture": "#4"},
				"east": {"uv": [6, 5, 6.6, 6], "texture": "#4"},
				"south": {"uv": [6, 5, 6.6, 6], "texture": "#4"},
				"west": {"uv": [6, 5, 6.6, 6], "texture": "#4"},
				"up": {"uv": [6, 5, 6.6, 6], "texture": "#4"},
				"down": {"uv": [6, 5, 6.6, 6], "texture": "#4"}
			}
		},
		{
			"from": [3.7, 4.6, 11.6],
			"to": [6.3, 4.8, 12.6],
			"rotation": {"angle": 22.5, "axis": "y", "origin": [0, -0.4, 3.6]},
			"faces": {
				"north": {"uv": [6, 5, 6.6, 6], "texture": "#4"},
				"east": {"uv": [6, 5, 6.6, 6], "texture": "#4"},
				"south": {"uv": [6, 5, 6.6, 6], "texture": "#4"},
				"west": {"uv": [6, 5, 6.6, 6], "texture": "#4"},
				"up": {"uv": [6, 5, 6.6, 6], "texture": "#4"},
				"down": {"uv": [6, 5, 6.6, 6], "texture": "#4"}
			}
		},
		{
			"from": [8.4, 4.6, 7.5],
			"to": [9.3, 4.8, 9.4],
			"rotation": {"angle": 0, "axis": "y", "origin": [0, -0.4, 3.6]},
			"faces": {
				"north": {"uv": [7, 5, 5.9, 5.9], "texture": "#4"},
				"east": {"uv": [7, 5, 5.9, 5.9], "texture": "#4"},
				"south": {"uv": [7, 5, 5.9, 5.9], "texture": "#4"},
				"west": {"uv": [7, 5, 5.9, 5.9], "texture": "#4"},
				"up": {"uv": [7, 5, 5.9, 5.9], "texture": "#4"},
				"down": {"uv": [7, 5, 5.9, 5.9], "texture": "#4"}
			}
		},
		{
			"from": [7.4, 4.6, 7.7],
			"to": [10, 4.8, 8.7],
			"rotation": {"angle": -22.5, "axis": "y", "origin": [0, -0.4, 7.7]},
			"faces": {
				"north": {"uv": [6, 5, 6.6, 6], "texture": "#4"},
				"east": {"uv": [6, 5, 6.6, 6], "texture": "#4"},
				"south": {"uv": [6, 5, 6.6, 6], "texture": "#4"},
				"west": {"uv": [6, 5, 6.6, 6], "texture": "#4"},
				"up": {"uv": [6, 5, 6.6, 6], "texture": "#4"},
				"down": {"uv": [6, 5, 6.6, 6], "texture": "#4"}
			}
		},
		{
			"from": [8.4, 4.6, 11.6],
			"to": [9.3, 4.8, 13.5],
			"rotation": {"angle": 0, "axis": "y", "origin": [0, -0.4, 7.7]},
			"faces": {
				"north": {"uv": [7, 5, 5.9, 5.9], "texture": "#4"},
				"east": {"uv": [7, 5, 5.9, 5.9], "texture": "#4"},
				"south": {"uv": [7, 5, 5.9, 5.9], "texture": "#4"},
				"west": {"uv": [7, 5, 5.9, 5.9], "texture": "#4"},
				"up": {"uv": [7, 5, 5.9, 5.9], "texture": "#4"},
				"down": {"uv": [7, 5, 5.9, 5.9], "texture": "#4"}
			}
		},
		{
			"from": [6.5, 4.6, 9.6],
			"to": [7.4, 4.8, 11.5],
			"rotation": {"angle": 0, "axis": "y", "origin": [0, -0.4, 3.6]},
			"faces": {
				"north": {"uv": [7, 5, 5.9, 5.9], "texture": "#4"},
				"east": {"uv": [7, 5, 5.9, 5.9], "texture": "#4"},
				"south": {"uv": [7, 5, 5.9, 5.9], "texture": "#4"},
				"west": {"uv": [7, 5, 5.9, 5.9], "texture": "#4"},
				"up": {"uv": [7, 5, 5.9, 5.9], "texture": "#4"},
				"down": {"uv": [7, 5, 5.9, 5.9], "texture": "#4"}
			}
		}
	],
	"display": {
		"thirdperson_righthand": {
			"rotation": [74, 0, 0],
			"translation": [0, 6, 3.25],
			"scale": [0.7, 0.7, 0.7]
		},
		"thirdperson_lefthand": {
			"rotation": [74, 0, 0],
			"translation": [0, 6, 3.25],
			"scale": [0.7, 0.7, 0.7]
		},
		"firstperson_righthand": {
			"translation": [1.25, 8.5, -4],
			"scale": [1, 1, 0.75]
		},
		"firstperson_lefthand": {
			"translation": [1.25, 8.5, -4],
			"scale": [1, 1, 0.75]
		},
		"ground": {
			"translation": [0, 4.5, 0]
		},
		"gui": {
			"rotation": [45, 67.5, 0],
			"translation": [0, 4, 0]
		},
		"head": {
			"translation": [0, 18, 0],
			"scale": [1.5, 1.5, 1.5]
		},
		"fixed": {
			"rotation": [-35, 90, 0],
			"translation": [0, 4.5, -4.75]
		}
	},
	"groups": [
		{
			"name": "Pan",
			"origin": [0, 0, 0],
			"color": 0,
			"children": [0, 1, 2, 3, 4]
		},
		{
			"name": "Vienesa",
			"origin": [8, 8, 8],
			"color": 0,
			"children": [5]
		},
		{
			"name": "Tomate",
			"origin": [8, 8, 8],
			"color": 0,
			"children": [6, 7, 8, 9, 10, 11, 12, 13, 14, 15, 16, 17]
		},
		{
			"name": "Palta",
			"origin": [0, 0, 0],
			"color": 0,
			"children": [18, 19, 20, 21, 22, 23, 24, 25, 26, 27, 28]
		},
		{
			"name": "Mayonesa",
			"origin": [8, 8, 8],
			"color": 0,
			"children": [29, 30, 31, 32, 33, 34, 35, 36, 37, 38]
		}
	]
}