{
	"credit": "Made by TeleMinecraft (Storbo)",
	"textures": {
		"0": "block/green_concrete",
		"1": "block/light_gray_concrete",
		"particle": "block/green_concrete"
	},
	"elements": [
		{
			"name": "pata1",
			"from": [1, -2, 5],
			"to": [2, 6, 6],
			"rotation": {"angle": 22.5, "axis": "x", "origin": [8, 8, 8]},
			"faces": {
				"north": {"uv": [0, 0, 1, 8], "texture": "#1"},
				"east": {"uv": [0, 0, 1, 8], "texture": "#1"},
				"south": {"uv": [0, 0, 1, 8], "texture": "#1"},
				"west": {"uv": [0, 0, 1, 8], "texture": "#1"},
				"up": {"uv": [0, 0, 1, 8], "texture": "#1"},
				"down": {"uv": [0, 0, 1, 8], "texture": "#1"}
			}
		},
		{
			"name": "pata2",
			"from": [1, -2, 10.5],
			"to": [2, 6, 11.5],
			"rotation": {"angle": -22.5, "axis": "x", "origin": [8, 8, 8]},
			"faces": {
				"north": {"uv": [0, 0, 1, 8], "texture": "#1"},
				"east": {"uv": [0, 0, 1, 8], "texture": "#1"},
				"south": {"uv": [0, 0, 1, 8], "texture": "#1"},
				"west": {"uv": [0, 0, 1, 8], "texture": "#1"},
				"up": {"uv": [0, 0, 1, 8], "texture": "#1"},
				"down": {"uv": [0, 0, 1, 8], "texture": "#1"}
			}
		},
		{
			"name": "pata3",
			"from": [1, 7, 5.3],
			"to": [2, 8.15, 11.3],
			"faces": {
				"north": {"uv": [0, 0, 6, 1.15], "texture": "#1"},
				"east": {"uv": [0, 0, 6, 1.15], "texture": "#1"},
				"south": {"uv": [0, 0, 6, 1.15], "texture": "#1"},
				"west": {"uv": [0, 0, 6, 1.15], "texture": "#1"},
				"up": {"uv": [0, 0, 6, 1.15], "texture": "#1"},
				"down": {"uv": [0, 0, 6, 1.15], "texture": "#1"}
			}
		},
		{
			"name": "diagonal1",
			"from": [1, 9.45, 10.25],
			"to": [2, 10.45, 11.25],
			"rotation": {"angle": 45, "axis": "x", "origin": [8, 8, 8]},
			"faces": {
				"north": {"uv": [0, 0, 1, 1], "texture": "#1"},
				"east": {"uv": [0, 0, 1, 1], "texture": "#1"},
				"south": {"uv": [0, 0, 1, 1], "texture": "#1"},
				"west": {"uv": [0, 0, 1, 1], "texture": "#1"},
				"up": {"uv": [0, 0, 1, 1], "texture": "#1"},
				"down": {"uv": [0, 0, 1, 1], "texture": "#1"}
			}
		},
		{
			"name": "diagonal2",
			"from": [1, 9, 5],
			"to": [2, 10, 6.2],
			"rotation": {"angle": -45, "axis": "x", "origin": [8, 8, 8]},
			"faces": {
				"north": {"uv": [0, 1, 1.2, 2], "texture": "#1"},
				"east": {"uv": [0, 1, 1.2, 2], "texture": "#1"},
				"south": {"uv": [0, 1, 1.2, 2], "texture": "#1"},
				"west": {"uv": [0, 1, 1.2, 2], "texture": "#1"},
				"up": {"uv": [0, 1, 1.2, 2], "texture": "#1"},
				"down": {"uv": [0, 1, 1.2, 2], "texture": "#1"}
			}
		},
		{
			"name": "pata2",
			"from": [14, -2, 5],
			"to": [15, 6, 6],
			"rotation": {"angle": 22.5, "axis": "x", "origin": [21, 8, 8]},
			"faces": {
				"north": {"uv": [0, 0, 1, 8], "texture": "#1"},
				"east": {"uv": [0, 0, 1, 8], "texture": "#1"},
				"south": {"uv": [0, 0, 1, 8], "texture": "#1"},
				"west": {"uv": [0, 0, 1, 8], "texture": "#1"},
				"up": {"uv": [0, 0, 1, 8], "texture": "#1"},
				"down": {"uv": [0, 0, 1, 8], "texture": "#1"}
			}
		},
		{
			"name": "pata3",
			"from": [14, -2, 10.5],
			"to": [15, 6, 11.5],
			"rotation": {"angle": -22.5, "axis": "x", "origin": [21, 8, 8]},
			"faces": {
				"north": {"uv": [0, 0, 1, 8], "texture": "#1"},
				"east": {"uv": [0, 0, 1, 8], "texture": "#1"},
				"south": {"uv": [0, 0, 1, 8], "texture": "#1"},
				"west": {"uv": [0, 0, 1, 8], "texture": "#1"},
				"up": {"uv": [0, 0, 1, 8], "texture": "#1"},
				"down": {"uv": [0, 0, 1, 8], "texture": "#1"}
			}
		},
		{
			"name": "pata4",
			"from": [14, 7, 5.3],
			"to": [15, 8.15, 11.3],
			"rotation": {"angle": 0, "axis": "x", "origin": [21, 8, 8]},
			"faces": {
				"north": {"uv": [0, 0, 6, 1.15], "texture": "#1"},
				"east": {"uv": [0, 0, 6, 1.15], "texture": "#1"},
				"south": {"uv": [0, 0, 6, 1.15], "texture": "#1"},
				"west": {"uv": [0, 0, 6, 1.15], "texture": "#1"},
				"up": {"uv": [0, 0, 6, 1.15], "texture": "#1"},
				"down": {"uv": [0, 0, 6, 1.15], "texture": "#1"}
			}
		},
		{
			"name": "diagonal2",
			"from": [14, 9.45, 10.25],
			"to": [15, 10.45, 11.25],
			"rotation": {"angle": 45, "axis": "x", "origin": [21, 8, 8]},
			"faces": {
				"north": {"uv": [0, 0, 1, 1], "texture": "#1"},
				"east": {"uv": [0, 0, 1, 1], "texture": "#1"},
				"south": {"uv": [0, 0, 1, 1], "texture": "#1"},
				"west": {"uv": [0, 0, 1, 1], "texture": "#1"},
				"up": {"uv": [0, 0, 1, 1], "texture": "#1"},
				"down": {"uv": [0, 0, 1, 1], "texture": "#1"}
			}
		},
		{
			"name": "diagonal3",
			"from": [14, 9, 5],
			"to": [15, 10, 6.2],
			"rotation": {"angle": -45, "axis": "x", "origin": [21, 8, 8]},
			"faces": {
				"north": {"uv": [0, 1, 1.2, 2], "texture": "#1"},
				"east": {"uv": [0, 1, 1.2, 2], "texture": "#1"},
				"south": {"uv": [0, 1, 1.2, 2], "texture": "#1"},
				"west": {"uv": [0, 1, 1.2, 2], "texture": "#1"},
				"up": {"uv": [0, 1, 1.2, 2], "texture": "#1"},
				"down": {"uv": [0, 1, 1.2, 2], "texture": "#1"}
			}
		},
		{
			"name": "asiento4",
			"from": [12.5, 7, 0.75],
			"to": [13.9, 8, 1.75],
			"rotation": {"angle": -45, "axis": "y", "origin": [12.5, 7.5, 1.5]},
			"faces": {
				"north": {"uv": [12, 0, 0, 1], "texture": "#0"},
				"east": {"uv": [12, 0, 0, 1], "texture": "#0"},
				"south": {"uv": [12, 0, 0, 1], "texture": "#0"},
				"west": {"uv": [12, 0, 0, 1], "texture": "#0"},
				"up": {"uv": [12, 0, 0, 1], "texture": "#0"},
				"down": {"uv": [12, 0, 0, 1], "texture": "#0"}
			}
		},
		{
			"name": "asiento3",
			"from": [2.1, 7, 0.75],
			"to": [3.5, 8, 1.75],
			"rotation": {"angle": 45, "axis": "y", "origin": [3.5, 7.5, 1.5]},
			"faces": {
				"north": {"uv": [0, 0, 12, 1], "texture": "#0"},
				"east": {"uv": [0, 0, 12, 1], "texture": "#0"},
				"south": {"uv": [0, 0, 12, 1], "texture": "#0"},
				"west": {"uv": [0, 0, 12, 1], "texture": "#0"},
				"up": {"uv": [0, 0, 12, 1], "texture": "#0"},
				"down": {"uv": [0, 0, 12, 1], "texture": "#0"}
			}
		},
		{
			"name": "asiento2",
			"from": [3, 7, 1],
			"to": [13, 8, 2],
			"faces": {
				"north": {"uv": [0, 0, 12, 1], "texture": "#0"},
				"east": {"uv": [0, 0, 12, 1], "texture": "#0"},
				"south": {"uv": [0, 0, 12, 1], "texture": "#0"},
				"west": {"uv": [0, 0, 12, 1], "texture": "#0"},
				"up": {"uv": [0, 0, 12, 1], "texture": "#0"},
				"down": {"uv": [0, 0, 12, 1], "texture": "#0"}
			}
		},
		{
			"name": "asiento1",
			"from": [2, 7, 2],
			"to": [14, 8, 14],
			"faces": {
				"north": {"uv": [0, 0, 12, 1], "texture": "#0"},
				"east": {"uv": [0, 0, 12, 1], "texture": "#0"},
				"south": {"uv": [0, 0, 12, 1], "texture": "#0"},
				"west": {"uv": [0, 0, 12, 1], "texture": "#0"},
				"up": {"uv": [0, 0, 12, 1], "texture": "#0"},
				"down": {"uv": [0, 0, 12, 1], "texture": "#0"}
			}
		},
		{
			"name": "respaldo1",
			"from": [3, 11, 15],
			"to": [13, 18, 15],
			"faces": {
				"north": {"uv": [0, 0, 0, 7], "texture": "#0"},
				"east": {"uv": [0, 0, 0, 7], "texture": "#0"},
				"south": {"uv": [0, 0, 0, 7], "texture": "#0"},
				"west": {"uv": [0, 0, 0, 7], "texture": "#0"},
				"up": {"uv": [0, 0, 0, 7], "texture": "#0"},
				"down": {"uv": [0, 0, 0, 7], "texture": "#0"}
			}
		},
		{
			"name": "respaldo2",
			"from": [1.75, 11, 14.75],
			"to": [3.25, 15, 16.25],
			"faces": {
				"north": {"uv": [0, 0, 1, 4], "texture": "#0"},
				"east": {"uv": [0, 0, 1, 4], "texture": "#0"},
				"south": {"uv": [0, 0, 1, 4], "texture": "#0"},
				"west": {"uv": [0, 0, 1, 4], "texture": "#0"},
				"up": {"uv": [0, 0, 1, 4], "texture": "#0"},
				"down": {"uv": [0, 0, 1, 4], "texture": "#0"}
			}
		},
		{
			"name": "respaldo3",
			"from": [12.75, 11, 14.75],
			"to": [14.25, 15, 16],
			"faces": {
				"north": {"uv": [0, 0, 1, 4], "texture": "#0"},
				"east": {"uv": [0, 0, 1, 4], "texture": "#0"},
				"south": {"uv": [0, 0, 1, 4], "texture": "#0"},
				"west": {"uv": [0, 0, 1, 4], "texture": "#0"},
				"up": {"uv": [0, 0, 1, 4], "texture": "#0"},
				"down": {"uv": [0, 0, 1, 4], "texture": "#0"}
			}
		},
		{
			"name": "respaldo4",
			"from": [3, 17.75, 15],
			"to": [13, 18, 16],
			"faces": {
				"north": {"uv": [0, 0, 1, 0], "texture": "#0"},
				"east": {"uv": [0, 0, 1, 0], "texture": "#0"},
				"south": {"uv": [0, 0, 1, 0], "texture": "#0"},
				"west": {"uv": [0, 0, 1, 0], "texture": "#0"},
				"up": {"uv": [0, 0, 1, 0], "texture": "#0"},
				"down": {"uv": [0, 0, 1, 0], "texture": "#0"}
			}
		},
		{
			"name": "respaldo5",
			"from": [12.75, 15, 15],
			"to": [13, 18, 16],
			"faces": {
				"north": {"uv": [0, 0, 1, 3], "texture": "#0"},
				"east": {"uv": [0, 0, 1, 3], "texture": "#0"},
				"south": {"uv": [0, 0, 1, 3], "texture": "#0"},
				"west": {"uv": [0, 0, 1, 3], "texture": "#0"},
				"up": {"uv": [0, 0, 1, 3], "texture": "#0"},
				"down": {"uv": [0, 0, 1, 3], "texture": "#0"}
			}
		},
		{
			"name": "respaldo6",
			"from": [3, 15, 15],
			"to": [3.25, 18, 16],
			"faces": {
				"north": {"uv": [0, 0, 1, 3], "texture": "#0"},
				"east": {"uv": [0, 0, 1, 3], "texture": "#0"},
				"south": {"uv": [0, 0, 1, 3], "texture": "#0"},
				"west": {"uv": [0, 0, 1, 3], "texture": "#0"},
				"up": {"uv": [0, 0, 1, 3], "texture": "#0"},
				"down": {"uv": [0, 0, 1, 3], "texture": "#0"}
			}
		},
		{
			"name": "respaldo7",
			"from": [3, 11, 15],
			"to": [13, 11.25, 16],
			"faces": {
				"north": {"uv": [0, 0, 1, 0], "texture": "#0"},
				"east": {"uv": [0, 0, 1, 0], "texture": "#0"},
				"south": {"uv": [0, 0, 1, 0], "texture": "#0"},
				"west": {"uv": [0, 0, 1, 0], "texture": "#0"},
				"up": {"uv": [0, 0, 1, 0], "texture": "#0"},
				"down": {"uv": [0, 0, 1, 0], "texture": "#0"}
			}
		},
		{
			"name": "cube1",
			"from": [2, 6, 11.5],
			"to": [3, 7, 14],
			"rotation": {"angle": 0, "axis": "y", "origin": [8, 8, 7]},
			"faces": {
				"north": {"uv": [0, 0, 11, 1], "texture": "#1"},
				"east": {"uv": [0, 0, 11, 1], "texture": "#1"},
				"south": {"uv": [0, 0, 11, 1], "texture": "#1"},
				"west": {"uv": [0, 0, 11, 1], "texture": "#1"},
				"up": {"uv": [0, 0, 11, 1], "texture": "#1"},
				"down": {"uv": [0, 0, 11, 1], "texture": "#1"}
			}
		},
		{
			"name": "cube2",
			"from": [2, 3.86, 12.75],
			"to": [3, 4.86, 13.75],
			"rotation": {"angle": -22.5, "axis": "x", "origin": [8, 8, 8]},
			"faces": {
				"north": {"uv": [0, 0, 1, 1], "texture": "#1"},
				"east": {"uv": [0, 0, 1, 1], "texture": "#1"},
				"south": {"uv": [0, 0, 1, 1], "texture": "#1"},
				"west": {"uv": [0, 0, 1, 1], "texture": "#1"},
				"up": {"uv": [0, 0, 1, 1], "texture": "#1"},
				"down": {"uv": [0, 0, 1, 1], "texture": "#1"}
			}
		},
		{
			"name": "cube3",
			"from": [2, 1.98, 11.75],
			"to": [3, 2.98, 12.75],
			"rotation": {"angle": -45, "axis": "x", "origin": [8, 8, 8]},
			"faces": {
				"north": {"uv": [0, 0, 1, 1], "texture": "#1"},
				"east": {"uv": [0, 0, 1, 1], "texture": "#1"},
				"south": {"uv": [0, 0, 1, 1], "texture": "#1"},
				"west": {"uv": [0, 0, 1, 1], "texture": "#1"},
				"up": {"uv": [0, 0, 1, 1], "texture": "#1"},
				"down": {"uv": [0, 0, 1, 1], "texture": "#1"}
			}
		},
		{
			"name": "cube4",
			"from": [2, 10.1, 14.38],
			"to": [3, 11.1, 15.38],
			"rotation": {"angle": 22.5, "axis": "x", "origin": [8, 8, 8]},
			"faces": {
				"north": {"uv": [0, 0, 1, 1], "rotation": 270, "texture": "#1"},
				"east": {"uv": [0, 0, 1, 1], "rotation": 270, "texture": "#1"},
				"south": {"uv": [0, 0, 1, 1], "rotation": 270, "texture": "#1"},
				"west": {"uv": [0, 0, 1, 1], "rotation": 270, "texture": "#1"},
				"up": {"uv": [0, 0, 1, 1], "rotation": 270, "texture": "#1"},
				"down": {"uv": [0, 0, 1, 1], "rotation": 270, "texture": "#1"}
			}
		},
		{
			"name": "cube5",
			"from": [2, 8, 15],
			"to": [3, 11, 16],
			"faces": {
				"north": {"uv": [0, 0, 3, 1], "rotation": 270, "texture": "#1"},
				"east": {"uv": [0, 0, 3, 1], "rotation": 270, "texture": "#1"},
				"south": {"uv": [0, 0, 3, 1], "rotation": 270, "texture": "#1"},
				"west": {"uv": [0, 0, 3, 1], "rotation": 270, "texture": "#1"},
				"up": {"uv": [0, 0, 3, 1], "rotation": 270, "texture": "#1"},
				"down": {"uv": [0, 0, 3, 1], "rotation": 270, "texture": "#1"}
			}
		},
		{
			"name": "cube2",
			"from": [13, 6, 11.5],
			"to": [14, 7, 14],
			"rotation": {"angle": 0, "axis": "y", "origin": [19, 8, 7]},
			"faces": {
				"north": {"uv": [0, 0, 11, 1], "texture": "#1"},
				"east": {"uv": [0, 0, 11, 1], "texture": "#1"},
				"south": {"uv": [0, 0, 11, 1], "texture": "#1"},
				"west": {"uv": [0, 0, 11, 1], "texture": "#1"},
				"up": {"uv": [0, 0, 11, 1], "texture": "#1"},
				"down": {"uv": [0, 0, 11, 1], "texture": "#1"}
			}
		},
		{
			"name": "cube3",
			"from": [13, 3.86, 12.75],
			"to": [14, 4.86, 13.75],
			"rotation": {"angle": -22.5, "axis": "x", "origin": [19, 8, 8]},
			"faces": {
				"north": {"uv": [0, 0, 1, 1], "texture": "#1"},
				"east": {"uv": [0, 0, 1, 1], "texture": "#1"},
				"south": {"uv": [0, 0, 1, 1], "texture": "#1"},
				"west": {"uv": [0, 0, 1, 1], "texture": "#1"},
				"up": {"uv": [0, 0, 1, 1], "texture": "#1"},
				"down": {"uv": [0, 0, 1, 1], "texture": "#1"}
			}
		},
		{
			"name": "cube4",
			"from": [13, 1.98, 11.75],
			"to": [14, 2.98, 12.75],
			"rotation": {"angle": -45, "axis": "x", "origin": [19, 8, 8]},
			"faces": {
				"north": {"uv": [0, 0, 1, 1], "texture": "#1"},
				"east": {"uv": [0, 0, 1, 1], "texture": "#1"},
				"south": {"uv": [0, 0, 1, 1], "texture": "#1"},
				"west": {"uv": [0, 0, 1, 1], "texture": "#1"},
				"up": {"uv": [0, 0, 1, 1], "texture": "#1"},
				"down": {"uv": [0, 0, 1, 1], "texture": "#1"}
			}
		},
		{
			"name": "cube5",
			"from": [13, 10.1, 14.38],
			"to": [14, 11.1, 15.38],
			"rotation": {"angle": 22.5, "axis": "x", "origin": [19, 8, 8]},
			"faces": {
				"north": {"uv": [0, 0, 1, 1], "rotation": 270, "texture": "#1"},
				"east": {"uv": [0, 0, 1, 1], "rotation": 270, "texture": "#1"},
				"south": {"uv": [0, 0, 1, 1], "rotation": 270, "texture": "#1"},
				"west": {"uv": [0, 0, 1, 1], "rotation": 270, "texture": "#1"},
				"up": {"uv": [0, 0, 1, 1], "rotation": 270, "texture": "#1"},
				"down": {"uv": [0, 0, 1, 1], "rotation": 270, "texture": "#1"}
			}
		},
		{
			"name": "cube6",
			"from": [13, 8, 15],
			"to": [14, 11, 16],
			"rotation": {"angle": 0, "axis": "x", "origin": [19, 8, 8]},
			"faces": {
				"north": {"uv": [0, 0, 3, 1], "rotation": 270, "texture": "#1"},
				"east": {"uv": [0, 0, 3, 1], "rotation": 270, "texture": "#1"},
				"south": {"uv": [0, 0, 3, 1], "rotation": 270, "texture": "#1"},
				"west": {"uv": [0, 0, 3, 1], "rotation": 270, "texture": "#1"},
				"up": {"uv": [0, 0, 3, 1], "rotation": 270, "texture": "#1"},
				"down": {"uv": [0, 0, 3, 1], "rotation": 270, "texture": "#1"}
			}
		},
		{
			"name": "fierro1",
			"from": [2, 4.25, 12.5],
			"to": [3, 4.75, 13],
			"faces": {
				"north": {"uv": [0, 0, 1, 0.5], "texture": "#1"},
				"east": {"uv": [0, 0, 1, 0.5], "texture": "#1"},
				"south": {"uv": [0, 0, 1, 0.5], "texture": "#1"},
				"west": {"uv": [0, 0, 1, 0.5], "texture": "#1"},
				"up": {"uv": [0, 0, 1, 0.5], "texture": "#1"},
				"down": {"uv": [0, 0, 1, 0.5], "texture": "#1"}
			}
		},
		{
			"name": "fierro2",
			"from": [1.9, 6.46, 12.5],
			"to": [2.4, 6.96, 13],
			"rotation": {"angle": 22.5, "axis": "z", "origin": [8, 8, 8]},
			"faces": {
				"north": {"uv": [0, 0, 1, 0.5], "texture": "#1"},
				"east": {"uv": [0, 0, 1, 0.5], "texture": "#1"},
				"south": {"uv": [0, 0, 1, 0.5], "texture": "#1"},
				"west": {"uv": [0, 0, 1, 0.5], "texture": "#1"},
				"up": {"uv": [0, 0, 1, 0.5], "texture": "#1"},
				"down": {"uv": [0, 0, 1, 0.5], "texture": "#1"}
			}
		},
		{
			"name": "fierro3",
			"from": [2.26, 8.72, 12.5],
			"to": [6.76, 9.22, 13],
			"rotation": {"angle": 45, "axis": "z", "origin": [8, 8, 8]},
			"faces": {
				"north": {"uv": [0, 0, 1, 0.5], "texture": "#1"},
				"east": {"uv": [0, 0, 1, 0.5], "texture": "#1"},
				"south": {"uv": [0, 0, 1, 0.5], "texture": "#1"},
				"west": {"uv": [0, 0, 1, 0.5], "texture": "#1"},
				"up": {"uv": [0, 0, 1, 0.5], "texture": "#1"},
				"down": {"uv": [0, 0, 1, 0.5], "texture": "#1"}
			}
		},
		{
			"name": "fierro2",
			"from": [13, 4.25, 12.5],
			"to": [14, 4.75, 13],
			"faces": {
				"north": {"uv": [1, 0, 0, 0.5], "texture": "#1"},
				"east": {"uv": [1, 0, 0, 0.5], "texture": "#1"},
				"south": {"uv": [1, 0, 0, 0.5], "texture": "#1"},
				"west": {"uv": [1, 0, 0, 0.5], "texture": "#1"},
				"up": {"uv": [1, 0, 0, 0.5], "texture": "#1"},
				"down": {"uv": [1, 0, 0, 0.5], "texture": "#1"}
			}
		},
		{
			"name": "fierro3",
			"from": [13.6, 6.46, 12.5],
			"to": [14.1, 6.96, 13],
			"rotation": {"angle": -22.5, "axis": "z", "origin": [8, 8, 8]},
			"faces": {
				"north": {"uv": [1, 0, 0, 0.5], "texture": "#1"},
				"east": {"uv": [1, 0, 0, 0.5], "texture": "#1"},
				"south": {"uv": [1, 0, 0, 0.5], "texture": "#1"},
				"west": {"uv": [1, 0, 0, 0.5], "texture": "#1"},
				"up": {"uv": [1, 0, 0, 0.5], "texture": "#1"},
				"down": {"uv": [1, 0, 0, 0.5], "texture": "#1"}
			}
		},
		{
			"name": "fierro4",
			"from": [9.24, 8.72, 12.5],
			"to": [13.74, 9.22, 13],
			"rotation": {"angle": -45, "axis": "z", "origin": [8, 8, 8]},
			"faces": {
				"north": {"uv": [1, 0, 0, 0.5], "texture": "#1"},
				"east": {"uv": [1, 0, 0, 0.5], "texture": "#1"},
				"south": {"uv": [1, 0, 0, 0.5], "texture": "#1"},
				"west": {"uv": [1, 0, 0, 0.5], "texture": "#1"},
				"up": {"uv": [1, 0, 0, 0.5], "texture": "#1"},
				"down": {"uv": [1, 0, 0, 0.5], "texture": "#1"}
			}
		},
		{
			"name": "fierro extra",
			"from": [2, 3.25, 5.25],
			"to": [14, 3.75, 5.75],
			"rotation": {"angle": 22.5, "axis": "x", "origin": [8, 8, 8]},
			"faces": {
				"north": {"uv": [0, 0, 1, 1], "texture": "#1"},
				"east": {"uv": [0, 0, 1, 1], "texture": "#1"},
				"south": {"uv": [0, 0, 1, 1], "texture": "#1"},
				"west": {"uv": [0, 0, 1, 1], "texture": "#1"},
				"up": {"uv": [0, 0, 1, 1], "texture": "#1"},
				"down": {"uv": [0, 0, 1, 1], "texture": "#1"}
			}
		}
	],
	"display": {
		"thirdperson_righthand": {
			"rotation": [0, -180, 0],
			"translation": [0, 1.75, 0],
			"scale": [0.25, 0.25, 0.25]
		},
		"thirdperson_lefthand": {
			"rotation": [0, -180, 0],
			"translation": [0, 1.75, 0],
			"scale": [0.25, 0.25, 0.25]
		},
		"firstperson_righthand": {
			"rotation": [0, -180, 0],
			"translation": [0, 1.75, 0],
			"scale": [0.25, 0.25, 0.25]
		},
		"firstperson_lefthand": {
			"rotation": [0, -180, 0],
			"translation": [0, 1.75, 0],
			"scale": [0.25, 0.25, 0.25]
		},
		"ground": {
			"rotation": [0, -180, 0],
			"translation": [0, 1.75, 0],
			"scale": [0.25, 0.25, 0.25]
		},
		"gui": {
			"rotation": [22.5, -135, 0],
			"scale": [0.5, 0.5, 0.5]
		},
		"head": {
			"translation": [0, -29.5, 0],
			"scale": [1.7, 1.7, 1.7]
		},
		"fixed": {
			"rotation": [0, 0.5, 0],
			"translation": [0, 1.75, -4],
			"scale": [0.5, 0.5, 0.5]
		}
	},
	"groups": [
		{
			"name": "Pata1",
			"origin": [8, 8, 8],
			"color": 0,
			"children": [0, 1, 2, 3, 4]
		},
		{
			"name": "Pata2",
			"origin": [8, 8, 8],
			"color": 0,
			"children": [5, 6, 7, 8, 9]
		},
		{
			"name": "Asiento1",
			"origin": [8, 8, 8],
			"color": 0,
			"children": [10, 11, 12, 13]
		},
		{
			"name": "Respaldo1",
			"origin": [8, 8, 8],
			"color": 0,
			"children": [14, 15, 16, 17, 18, 19, 20]
		},
		{
			"name": "Fierros",
			"origin": [8, 8, 8],
			"color": 0,
			"children": [
				{
					"name": "Fierro1",
					"origin": [8, 8, 8],
					"color": 0,
					"children": [21, 22, 23, 24, 25]
				},
				{
					"name": "Fierro2",
					"origin": [8, 8, 8],
					"color": 0,
					"children": [26, 27, 28, 29, 30]
				},
				{
					"name": "Fierro3",
					"origin": [8, 8, 8],
					"color": 0,
					"children": [31, 32, 33]
				},
				{
					"name": "Fierro4",
					"origin": [8, 8, 8],
					"color": 0,
					"children": [34, 35, 36]
				},
				37
			]
		}
	]
}