{
	"credit": "Made by TeleMinecraft (Storbo)",
	"textures": {
		"0": "block/iron_block",
		"1": "block/orange_concrete",
		"2": "block/black_concrete",
		"particle": "block/iron_block"
	},
	"elements": [
		{
			"name": "pata1-0",
			"from": [14.4, 0, 3.5],
			"to": [15.6, 1, 5],
			"rotation": {"angle": 0, "axis": "x", "origin": [22.5, 8, 9.5]},
			"faces": {
				"north": {"uv": [1.5, 0, 0, 1], "texture": "#2"},
				"east": {"uv": [1.5, 0, 0, 1], "texture": "#2"},
				"south": {"uv": [1.5, 0, 0, 1], "texture": "#2"},
				"west": {"uv": [1.5, 0, 0, 1], "texture": "#2"},
				"up": {"uv": [1.5, 0, 0, 1], "rotation": 180, "texture": "#2"},
				"down": {"uv": [1.5, 0, 0, 1], "rotation": 180, "texture": "#2"}
			}
		},
		{
			"name": "pata1-1",
			"from": [14.5, -1, 6.75],
			"to": [15.5, 0, 7.75],
			"rotation": {"angle": 22.5, "axis": "x", "origin": [22.5, 8, 9.5]},
			"faces": {
				"north": {"uv": [15.5, 0, 0, 16], "texture": "#0"},
				"east": {"uv": [15.5, 0, 0, 16], "texture": "#0"},
				"south": {"uv": [15.5, 0, 0, 16], "texture": "#0"},
				"west": {"uv": [15.5, 0, 0, 16], "texture": "#0"},
				"up": {"uv": [15.5, 0, 0, 16], "rotation": 180, "texture": "#0"},
				"down": {"uv": [15.5, 0, 0, 16], "rotation": 180, "texture": "#0"}
			}
		},
		{
			"name": "pata1-2",
			"from": [14.5, 0, 7],
			"to": [15.5, 1, 8],
			"rotation": {"angle": 22.5, "axis": "x", "origin": [22.5, 8, 9.5]},
			"faces": {
				"north": {"uv": [15.5, 0, 0, 16], "texture": "#0"},
				"east": {"uv": [15.5, 0, 0, 16], "texture": "#0"},
				"south": {"uv": [15.5, 0, 0, 16], "texture": "#0"},
				"west": {"uv": [15.5, 0, 0, 16], "texture": "#0"},
				"up": {"uv": [15.5, 0, 0, 16], "rotation": 180, "texture": "#0"},
				"down": {"uv": [15.5, 0, 0, 16], "rotation": 180, "texture": "#0"}
			}
		},
		{
			"name": "pata1-3",
			"from": [14.5, 1, 7.25],
			"to": [15.5, 2, 8.25],
			"rotation": {"angle": 22.5, "axis": "x", "origin": [22.5, 8, 9.5]},
			"faces": {
				"north": {"uv": [15.5, 0, 0, 16], "texture": "#0"},
				"east": {"uv": [15.5, 0, 0, 16], "texture": "#0"},
				"south": {"uv": [15.5, 0, 0, 16], "texture": "#0"},
				"west": {"uv": [15.5, 0, 0, 16], "texture": "#0"},
				"up": {"uv": [15.5, 0, 0, 16], "rotation": 180, "texture": "#0"},
				"down": {"uv": [15.5, 0, 0, 16], "rotation": 180, "texture": "#0"}
			}
		},
		{
			"name": "pata1-4",
			"from": [14.5, 2, 7.5],
			"to": [15.5, 3, 8.5],
			"rotation": {"angle": 22.5, "axis": "x", "origin": [22.5, 8, 9.5]},
			"faces": {
				"north": {"uv": [15.5, 0, 0, 16], "texture": "#0"},
				"east": {"uv": [15.5, 0, 0, 16], "texture": "#0"},
				"south": {"uv": [15.5, 0, 0, 16], "texture": "#0"},
				"west": {"uv": [15.5, 0, 0, 16], "texture": "#0"},
				"up": {"uv": [15.5, 0, 0, 16], "rotation": 180, "texture": "#0"},
				"down": {"uv": [15.5, 0, 0, 16], "rotation": 180, "texture": "#0"}
			}
		},
		{
			"name": "pata1-5",
			"from": [14.5, 3, 7.75],
			"to": [15.5, 4, 8.75],
			"rotation": {"angle": 22.5, "axis": "x", "origin": [22.5, 8, 9.5]},
			"faces": {
				"north": {"uv": [15.5, 0, 0, 16], "texture": "#0"},
				"east": {"uv": [15.5, 0, 0, 16], "texture": "#0"},
				"south": {"uv": [15.5, 0, 0, 16], "texture": "#0"},
				"west": {"uv": [15.5, 0, 0, 16], "texture": "#0"},
				"up": {"uv": [15.5, 0, 0, 16], "rotation": 180, "texture": "#0"},
				"down": {"uv": [15.5, 0, 0, 16], "rotation": 180, "texture": "#0"}
			}
		},
		{
			"name": "pata1-6",
			"from": [14.5, 4, 8],
			"to": [15.5, 5, 9],
			"rotation": {"angle": 22.5, "axis": "x", "origin": [22.5, 8, 9.5]},
			"faces": {
				"north": {"uv": [15.5, 0, 0, 16], "texture": "#0"},
				"east": {"uv": [15.5, 0, 0, 16], "texture": "#0"},
				"south": {"uv": [15.5, 0, 0, 16], "texture": "#0"},
				"west": {"uv": [15.5, 0, 0, 16], "texture": "#0"},
				"up": {"uv": [15.5, 0, 0, 16], "rotation": 180, "texture": "#0"},
				"down": {"uv": [15.5, 0, 0, 16], "rotation": 180, "texture": "#0"}
			}
		},
		{
			"name": "pata2-0",
			"from": [14.4, 0, 12],
			"to": [15.6, 1, 13.5],
			"rotation": {"angle": 0, "axis": "x", "origin": [22.5, 8, 7.5]},
			"faces": {
				"north": {"uv": [1.5, 0, 0, 1], "texture": "#2"},
				"east": {"uv": [1.5, 0, 0, 1], "texture": "#2"},
				"south": {"uv": [1.5, 0, 0, 1], "texture": "#2"},
				"west": {"uv": [1.5, 0, 0, 1], "texture": "#2"},
				"up": {"uv": [1.5, 0, 0, 1], "rotation": 180, "texture": "#2"},
				"down": {"uv": [1.5, 0, 0, 1], "rotation": 180, "texture": "#2"}
			}
		},
		{
			"name": "pata2-1",
			"from": [14.5, -1, 9.25],
			"to": [15.5, 0, 10.25],
			"rotation": {"angle": -22.5, "axis": "x", "origin": [22.5, 8, 7.5]},
			"faces": {
				"north": {"uv": [15.5, 0, 0, 16], "texture": "#0"},
				"east": {"uv": [15.5, 0, 0, 16], "texture": "#0"},
				"south": {"uv": [15.5, 0, 0, 16], "texture": "#0"},
				"west": {"uv": [15.5, 0, 0, 16], "texture": "#0"},
				"up": {"uv": [15.5, 0, 0, 16], "rotation": 180, "texture": "#0"},
				"down": {"uv": [15.5, 0, 0, 16], "rotation": 180, "texture": "#0"}
			}
		},
		{
			"name": "pata2-2",
			"from": [14.5, 0, 9],
			"to": [15.5, 1, 10],
			"rotation": {"angle": -22.5, "axis": "x", "origin": [22.5, 8, 7.5]},
			"faces": {
				"north": {"uv": [15.5, 0, 0, 16], "texture": "#0"},
				"east": {"uv": [15.5, 0, 0, 16], "texture": "#0"},
				"south": {"uv": [15.5, 0, 0, 16], "texture": "#0"},
				"west": {"uv": [15.5, 0, 0, 16], "texture": "#0"},
				"up": {"uv": [15.5, 0, 0, 16], "rotation": 180, "texture": "#0"},
				"down": {"uv": [15.5, 0, 0, 16], "rotation": 180, "texture": "#0"}
			}
		},
		{
			"name": "pata2-3",
			"from": [14.5, 1, 8.75],
			"to": [15.5, 2, 9.75],
			"rotation": {"angle": -22.5, "axis": "x", "origin": [22.5, 8, 7.5]},
			"faces": {
				"north": {"uv": [15.5, 0, 0, 16], "texture": "#0"},
				"east": {"uv": [15.5, 0, 0, 16], "texture": "#0"},
				"south": {"uv": [15.5, 0, 0, 16], "texture": "#0"},
				"west": {"uv": [15.5, 0, 0, 16], "texture": "#0"},
				"up": {"uv": [15.5, 0, 0, 16], "rotation": 180, "texture": "#0"},
				"down": {"uv": [15.5, 0, 0, 16], "rotation": 180, "texture": "#0"}
			}
		},
		{
			"name": "pata2-4",
			"from": [14.5, 2, 8.5],
			"to": [15.5, 3, 9.5],
			"rotation": {"angle": -22.5, "axis": "x", "origin": [22.5, 8, 7.5]},
			"faces": {
				"north": {"uv": [15.5, 0, 0, 16], "texture": "#0"},
				"east": {"uv": [15.5, 0, 0, 16], "texture": "#0"},
				"south": {"uv": [15.5, 0, 0, 16], "texture": "#0"},
				"west": {"uv": [15.5, 0, 0, 16], "texture": "#0"},
				"up": {"uv": [15.5, 0, 0, 16], "rotation": 180, "texture": "#0"},
				"down": {"uv": [15.5, 0, 0, 16], "rotation": 180, "texture": "#0"}
			}
		},
		{
			"name": "pata2-5",
			"from": [14.5, 3, 8.25],
			"to": [15.5, 4, 9.25],
			"rotation": {"angle": -22.5, "axis": "x", "origin": [22.5, 8, 7.5]},
			"faces": {
				"north": {"uv": [15.5, 0, 0, 16], "texture": "#0"},
				"east": {"uv": [15.5, 0, 0, 16], "texture": "#0"},
				"south": {"uv": [15.5, 0, 0, 16], "texture": "#0"},
				"west": {"uv": [15.5, 0, 0, 16], "texture": "#0"},
				"up": {"uv": [15.5, 0, 0, 16], "rotation": 180, "texture": "#0"},
				"down": {"uv": [15.5, 0, 0, 16], "rotation": 180, "texture": "#0"}
			}
		},
		{
			"name": "pata2-6",
			"from": [14.5, 4, 8],
			"to": [15.5, 5, 9],
			"rotation": {"angle": -22.5, "axis": "x", "origin": [22.5, 8, 7.5]},
			"faces": {
				"north": {"uv": [15.5, 0, 0, 16], "texture": "#0"},
				"east": {"uv": [15.5, 0, 0, 16], "texture": "#0"},
				"south": {"uv": [15.5, 0, 0, 16], "texture": "#0"},
				"west": {"uv": [15.5, 0, 0, 16], "texture": "#0"},
				"up": {"uv": [15.5, 0, 0, 16], "rotation": 180, "texture": "#0"},
				"down": {"uv": [15.5, 0, 0, 16], "rotation": 180, "texture": "#0"}
			}
		},
		{
			"name": "pata3-0",
			"from": [0.4, 0, 3.5],
			"to": [1.6, 1, 5],
			"rotation": {"angle": 0, "axis": "x", "origin": [8.5, 8, 9.5]},
			"faces": {
				"north": {"uv": [1.5, 0, 0, 1], "texture": "#2"},
				"east": {"uv": [1.5, 0, 0, 1], "texture": "#2"},
				"south": {"uv": [1.5, 0, 0, 1], "texture": "#2"},
				"west": {"uv": [1.5, 0, 0, 1], "texture": "#2"},
				"up": {"uv": [1.5, 0, 0, 1], "rotation": 180, "texture": "#2"},
				"down": {"uv": [1.5, 0, 0, 1], "rotation": 180, "texture": "#2"}
			}
		},
		{
			"name": "pata3-1",
			"from": [0.5, -1, 6.75],
			"to": [1.5, 0, 7.75],
			"rotation": {"angle": 22.5, "axis": "x", "origin": [8.5, 8, 9.5]},
			"faces": {
				"north": {"uv": [15.5, 0, 0, 16], "texture": "#0"},
				"east": {"uv": [15.5, 0, 0, 16], "texture": "#0"},
				"south": {"uv": [15.5, 0, 0, 16], "texture": "#0"},
				"west": {"uv": [15.5, 0, 0, 16], "texture": "#0"},
				"up": {"uv": [15.5, 0, 0, 16], "rotation": 180, "texture": "#0"},
				"down": {"uv": [15.5, 0, 0, 16], "rotation": 180, "texture": "#0"}
			}
		},
		{
			"name": "pata3-2",
			"from": [0.5, 0, 7],
			"to": [1.5, 1, 8],
			"rotation": {"angle": 22.5, "axis": "x", "origin": [8.5, 8, 9.5]},
			"faces": {
				"north": {"uv": [15.5, 0, 0, 16], "texture": "#0"},
				"east": {"uv": [15.5, 0, 0, 16], "texture": "#0"},
				"south": {"uv": [15.5, 0, 0, 16], "texture": "#0"},
				"west": {"uv": [15.5, 0, 0, 16], "texture": "#0"},
				"up": {"uv": [15.5, 0, 0, 16], "rotation": 180, "texture": "#0"},
				"down": {"uv": [15.5, 0, 0, 16], "rotation": 180, "texture": "#0"}
			}
		},
		{
			"name": "pata3-3",
			"from": [0.5, 1, 7.25],
			"to": [1.5, 2, 8.25],
			"rotation": {"angle": 22.5, "axis": "x", "origin": [8.5, 8, 9.5]},
			"faces": {
				"north": {"uv": [15.5, 0, 0, 16], "texture": "#0"},
				"east": {"uv": [15.5, 0, 0, 16], "texture": "#0"},
				"south": {"uv": [15.5, 0, 0, 16], "texture": "#0"},
				"west": {"uv": [15.5, 0, 0, 16], "texture": "#0"},
				"up": {"uv": [15.5, 0, 0, 16], "rotation": 180, "texture": "#0"},
				"down": {"uv": [15.5, 0, 0, 16], "rotation": 180, "texture": "#0"}
			}
		},
		{
			"name": "pata3-4",
			"from": [0.5, 2, 7.5],
			"to": [1.5, 3, 8.5],
			"rotation": {"angle": 22.5, "axis": "x", "origin": [8.5, 8, 9.5]},
			"faces": {
				"north": {"uv": [15.5, 0, 0, 16], "texture": "#0"},
				"east": {"uv": [15.5, 0, 0, 16], "texture": "#0"},
				"south": {"uv": [15.5, 0, 0, 16], "texture": "#0"},
				"west": {"uv": [15.5, 0, 0, 16], "texture": "#0"},
				"up": {"uv": [15.5, 0, 0, 16], "rotation": 180, "texture": "#0"},
				"down": {"uv": [15.5, 0, 0, 16], "rotation": 180, "texture": "#0"}
			}
		},
		{
			"name": "pata3-5",
			"from": [0.5, 3, 7.75],
			"to": [1.5, 4, 8.75],
			"rotation": {"angle": 22.5, "axis": "x", "origin": [8.5, 8, 9.5]},
			"faces": {
				"north": {"uv": [15.5, 0, 0, 16], "texture": "#0"},
				"east": {"uv": [15.5, 0, 0, 16], "texture": "#0"},
				"south": {"uv": [15.5, 0, 0, 16], "texture": "#0"},
				"west": {"uv": [15.5, 0, 0, 16], "texture": "#0"},
				"up": {"uv": [15.5, 0, 0, 16], "rotation": 180, "texture": "#0"},
				"down": {"uv": [15.5, 0, 0, 16], "rotation": 180, "texture": "#0"}
			}
		},
		{
			"name": "pata3-6",
			"from": [0.5, 4, 8],
			"to": [1.5, 5, 9],
			"rotation": {"angle": 22.5, "axis": "x", "origin": [8.5, 8, 9.5]},
			"faces": {
				"north": {"uv": [15.5, 0, 0, 16], "texture": "#0"},
				"east": {"uv": [15.5, 0, 0, 16], "texture": "#0"},
				"south": {"uv": [15.5, 0, 0, 16], "texture": "#0"},
				"west": {"uv": [15.5, 0, 0, 16], "texture": "#0"},
				"up": {"uv": [15.5, 0, 0, 16], "rotation": 180, "texture": "#0"},
				"down": {"uv": [15.5, 0, 0, 16], "rotation": 180, "texture": "#0"}
			}
		},
		{
			"name": "pata3-7",
			"from": [14.5, 5, 8.25],
			"to": [15.5, 6.1, 9.25],
			"rotation": {"angle": 22.5, "axis": "x", "origin": [8.5, 8, 9.5]},
			"faces": {
				"north": {"uv": [15.5, 0, 0, 16], "texture": "#0"},
				"east": {"uv": [15.5, 0, 0, 16], "texture": "#0"},
				"south": {"uv": [15.5, 0, 0, 16], "texture": "#0"},
				"west": {"uv": [15.5, 0, 0, 16], "texture": "#0"},
				"up": {"uv": [15.5, 0, 0, 16], "rotation": 180, "texture": "#0"},
				"down": {"uv": [15.5, 0, 0, 16], "rotation": 180, "texture": "#0"}
			}
		},
		{
			"name": "pata3-8",
			"from": [0.5, 5, 8.25],
			"to": [1.5, 6.1, 9.25],
			"rotation": {"angle": 22.5, "axis": "x", "origin": [-5.5, 8, 9.5]},
			"faces": {
				"north": {"uv": [15.5, 0, 0, 16], "texture": "#0"},
				"east": {"uv": [15.5, 0, 0, 16], "texture": "#0"},
				"south": {"uv": [15.5, 0, 0, 16], "texture": "#0"},
				"west": {"uv": [15.5, 0, 0, 16], "texture": "#0"},
				"up": {"uv": [15.5, 0, 0, 16], "rotation": 180, "texture": "#0"},
				"down": {"uv": [15.5, 0, 0, 16], "rotation": 180, "texture": "#0"}
			}
		},
		{
			"name": "pata3-9",
			"from": [1.5, 5.75, 8],
			"to": [14.5, 6.85, 9],
			"rotation": {"angle": 0, "axis": "x", "origin": [-5.5, 8, 9.5]},
			"faces": {
				"north": {"uv": [15.5, 0, 0, 16], "texture": "#0"},
				"east": {"uv": [15.5, 0, 0, 16], "texture": "#0"},
				"south": {"uv": [15.5, 0, 0, 16], "texture": "#0"},
				"west": {"uv": [15.5, 0, 0, 16], "texture": "#0"},
				"up": {"uv": [15.5, 0, 0, 16], "rotation": 180, "texture": "#0"},
				"down": {"uv": [15.5, 0, 0, 16], "rotation": 180, "texture": "#0"}
			}
		},
		{
			"name": "pata3-10",
			"from": [0.5, 6.5, 8],
			"to": [1.5, 6.85, 9],
			"rotation": {"angle": 0, "axis": "x", "origin": [-5.5, 8, 9.5]},
			"faces": {
				"north": {"uv": [15.5, 0, 0, 16], "texture": "#0"},
				"east": {"uv": [15.5, 0, 0, 16], "texture": "#0"},
				"south": {"uv": [15.5, 0, 0, 16], "texture": "#0"},
				"west": {"uv": [15.5, 0, 0, 16], "texture": "#0"},
				"up": {"uv": [15.5, 0, 0, 16], "rotation": 180, "texture": "#0"},
				"down": {"uv": [15.5, 0, 0, 16], "rotation": 180, "texture": "#0"}
			}
		},
		{
			"name": "pata3-11",
			"from": [14.5, 6.5, 8],
			"to": [15.5, 6.85, 9],
			"rotation": {"angle": 0, "axis": "x", "origin": [-5.5, 8, 9.5]},
			"faces": {
				"north": {"uv": [15.5, 0, 0, 16], "texture": "#0"},
				"east": {"uv": [15.5, 0, 0, 16], "texture": "#0"},
				"south": {"uv": [15.5, 0, 0, 16], "texture": "#0"},
				"west": {"uv": [15.5, 0, 0, 16], "texture": "#0"},
				"up": {"uv": [15.5, 0, 0, 16], "rotation": 180, "texture": "#0"},
				"down": {"uv": [15.5, 0, 0, 16], "rotation": 180, "texture": "#0"}
			}
		},
		{
			"name": "pata4-0",
			"from": [0.4, 0, 12],
			"to": [1.6, 1, 13.5],
			"rotation": {"angle": 0, "axis": "x", "origin": [8.5, 8, 7.5]},
			"faces": {
				"north": {"uv": [1.5, 0, 0, 1], "texture": "#2"},
				"east": {"uv": [1.5, 0, 0, 1], "texture": "#2"},
				"south": {"uv": [1.5, 0, 0, 1], "texture": "#2"},
				"west": {"uv": [1.5, 0, 0, 1], "texture": "#2"},
				"up": {"uv": [1.5, 0, 0, 1], "rotation": 180, "texture": "#2"},
				"down": {"uv": [1.5, 0, 0, 1], "rotation": 180, "texture": "#2"}
			}
		},
		{
			"name": "pata4-1",
			"from": [0.5, -1, 9.25],
			"to": [1.5, 0, 10.25],
			"rotation": {"angle": -22.5, "axis": "x", "origin": [8.5, 8, 7.5]},
			"faces": {
				"north": {"uv": [0, 0, 16, 16], "texture": "#0"},
				"east": {"uv": [0, 0, 16, 16], "texture": "#0"},
				"south": {"uv": [0, 0, 16, 16], "texture": "#0"},
				"west": {"uv": [0, 0, 16, 16], "texture": "#0"},
				"up": {"uv": [0, 0, 16, 16], "rotation": 180, "texture": "#0"},
				"down": {"uv": [0, 0, 16, 16], "rotation": 180, "texture": "#0"}
			}
		},
		{
			"name": "pata4-2",
			"from": [0.5, 0, 9],
			"to": [1.5, 1, 10],
			"rotation": {"angle": -22.5, "axis": "x", "origin": [8.5, 8, 7.5]},
			"faces": {
				"north": {"uv": [0, 0, 16, 16], "texture": "#0"},
				"east": {"uv": [0, 0, 16, 16], "texture": "#0"},
				"south": {"uv": [0, 0, 16, 16], "texture": "#0"},
				"west": {"uv": [0, 0, 16, 16], "texture": "#0"},
				"up": {"uv": [0, 0, 16, 16], "rotation": 180, "texture": "#0"},
				"down": {"uv": [0, 0, 16, 16], "rotation": 180, "texture": "#0"}
			}
		},
		{
			"name": "pata4-3",
			"from": [0.5, 1, 8.75],
			"to": [1.5, 2, 9.75],
			"rotation": {"angle": -22.5, "axis": "x", "origin": [8.5, 8, 7.5]},
			"faces": {
				"north": {"uv": [0, 0, 16, 16], "texture": "#0"},
				"east": {"uv": [0, 0, 16, 16], "texture": "#0"},
				"south": {"uv": [0, 0, 16, 16], "texture": "#0"},
				"west": {"uv": [0, 0, 16, 16], "texture": "#0"},
				"up": {"uv": [0, 0, 16, 16], "rotation": 180, "texture": "#0"},
				"down": {"uv": [0, 0, 16, 16], "rotation": 180, "texture": "#0"}
			}
		},
		{
			"name": "pata4-4",
			"from": [0.5, 2, 8.5],
			"to": [1.5, 3, 9.5],
			"rotation": {"angle": -22.5, "axis": "x", "origin": [8.5, 8, 7.5]},
			"faces": {
				"north": {"uv": [0, 0, 16, 16], "texture": "#0"},
				"east": {"uv": [0, 0, 16, 16], "texture": "#0"},
				"south": {"uv": [0, 0, 16, 16], "texture": "#0"},
				"west": {"uv": [0, 0, 16, 16], "texture": "#0"},
				"up": {"uv": [0, 0, 16, 16], "rotation": 180, "texture": "#0"},
				"down": {"uv": [0, 0, 16, 16], "rotation": 180, "texture": "#0"}
			}
		},
		{
			"name": "pata4-5",
			"from": [0.5, 3, 8.25],
			"to": [1.5, 4, 9.25],
			"rotation": {"angle": -22.5, "axis": "x", "origin": [8.5, 8, 7.5]},
			"faces": {
				"north": {"uv": [0, 0, 16, 16], "texture": "#0"},
				"east": {"uv": [0, 0, 16, 16], "texture": "#0"},
				"south": {"uv": [0, 0, 16, 16], "texture": "#0"},
				"west": {"uv": [0, 0, 16, 16], "texture": "#0"},
				"up": {"uv": [0, 0, 16, 16], "rotation": 180, "texture": "#0"},
				"down": {"uv": [0, 0, 16, 16], "rotation": 180, "texture": "#0"}
			}
		},
		{
			"name": "pata4-6",
			"from": [0.5, 4, 8],
			"to": [1.5, 5, 9],
			"rotation": {"angle": -22.5, "axis": "x", "origin": [8.5, 8, 7.5]},
			"faces": {
				"north": {"uv": [0, 0, 16, 16], "texture": "#0"},
				"east": {"uv": [0, 0, 16, 16], "texture": "#0"},
				"south": {"uv": [0, 0, 16, 16], "texture": "#0"},
				"west": {"uv": [0, 0, 16, 16], "texture": "#0"},
				"up": {"uv": [0, 0, 16, 16], "rotation": 180, "texture": "#0"},
				"down": {"uv": [0, 0, 16, 16], "rotation": 180, "texture": "#0"}
			}
		},
		{
			"name": "pata4-7",
			"from": [14.5, 5, 7.75],
			"to": [15.5, 6.1, 8.75],
			"rotation": {"angle": -22.5, "axis": "x", "origin": [8.5, 8, 7.5]},
			"faces": {
				"north": {"uv": [0, 0, 16, 16], "texture": "#0"},
				"east": {"uv": [0, 0, 16, 16], "texture": "#0"},
				"south": {"uv": [0, 0, 16, 16], "texture": "#0"},
				"west": {"uv": [0, 0, 16, 16], "texture": "#0"},
				"up": {"uv": [0, 0, 16, 16], "rotation": 180, "texture": "#0"},
				"down": {"uv": [0, 0, 16, 16], "rotation": 180, "texture": "#0"}
			}
		},
		{
			"name": "pata4-8",
			"from": [0.5, 5, 7.75],
			"to": [1.5, 6.1, 8.75],
			"rotation": {"angle": -22.5, "axis": "x", "origin": [-5.5, 8, 7.5]},
			"faces": {
				"north": {"uv": [0, 0, 16, 16], "texture": "#0"},
				"east": {"uv": [0, 0, 16, 16], "texture": "#0"},
				"south": {"uv": [0, 0, 16, 16], "texture": "#0"},
				"west": {"uv": [0, 0, 16, 16], "texture": "#0"},
				"up": {"uv": [0, 0, 16, 16], "rotation": 180, "texture": "#0"},
				"down": {"uv": [0, 0, 16, 16], "rotation": 180, "texture": "#0"}
			}
		},
		{
			"name": "asiento1",
			"from": [2.5, 6.75, 6],
			"to": [13.5, 7.5, 12],
			"faces": {
				"north": {"uv": [0, 0, 16, 16], "texture": "#1"},
				"east": {"uv": [0, 0, 16, 16], "texture": "#1"},
				"south": {"uv": [0, 0, 16, 16], "texture": "#1"},
				"west": {"uv": [0, 0, 16, 16], "texture": "#1"},
				"up": {"uv": [0, 0, 16, 16], "rotation": 180, "texture": "#1"},
				"down": {"uv": [0, 0, 16, 16], "rotation": 180, "texture": "#1"}
			}
		},
		{
			"name": "asiento2",
			"from": [2.5, 6.5, 2],
			"to": [13.5, 7.25, 6],
			"rotation": {"angle": 0, "axis": "x", "origin": [8, 8, 10]},
			"faces": {
				"north": {"uv": [0, 0, 16, 16], "texture": "#1"},
				"east": {"uv": [0, 0, 16, 16], "texture": "#1"},
				"south": {"uv": [0, 0, 16, 16], "texture": "#1"},
				"west": {"uv": [0, 0, 16, 16], "texture": "#1"},
				"up": {"uv": [0, 0, 16, 16], "rotation": 180, "texture": "#1"},
				"down": {"uv": [0, 0, 16, 16], "rotation": 180, "texture": "#1"}
			}
		},
		{
			"name": "asiento3",
			"from": [1.5, 7, 6],
			"to": [2.5, 7.75, 12],
			"rotation": {"angle": 0, "axis": "y", "origin": [8, 8.25, 8]},
			"faces": {
				"north": {"uv": [0, 0, 16, 16], "texture": "#1"},
				"east": {"uv": [0, 0, 16, 16], "texture": "#1"},
				"south": {"uv": [0, 0, 16, 16], "texture": "#1"},
				"west": {"uv": [0, 0, 16, 16], "texture": "#1"},
				"up": {"uv": [0, 0, 16, 16], "rotation": 180, "texture": "#1"},
				"down": {"uv": [0, 0, 16, 16], "rotation": 180, "texture": "#1"}
			}
		},
		{
			"name": "asiento4",
			"from": [13.5, 6.5, 2],
			"to": [14.5, 7.25, 3],
			"rotation": {"angle": 0, "axis": "x", "origin": [8, 7.75, -1]},
			"faces": {
				"north": {"uv": [0, 0, 16, 16], "texture": "#1"},
				"east": {"uv": [0, 0, 16, 16], "texture": "#1"},
				"south": {"uv": [0, 0, 16, 16], "texture": "#1"},
				"west": {"uv": [0, 0, 16, 16], "texture": "#1"},
				"up": {"uv": [0, 0, 16, 16], "rotation": 180, "texture": "#1"},
				"down": {"uv": [0, 0, 16, 16], "rotation": 180, "texture": "#1"}
			}
		},
		{
			"name": "asiento5",
			"from": [1.5, 6.5, 2],
			"to": [2.5, 7.25, 3],
			"rotation": {"angle": 0, "axis": "x", "origin": [8, 7.75, -1]},
			"faces": {
				"north": {"uv": [0, 0, 16, 16], "texture": "#1"},
				"east": {"uv": [0, 0, 16, 16], "texture": "#1"},
				"south": {"uv": [0, 0, 16, 16], "texture": "#1"},
				"west": {"uv": [0, 0, 16, 16], "texture": "#1"},
				"up": {"uv": [0, 0, 16, 16], "rotation": 180, "texture": "#1"},
				"down": {"uv": [0, 0, 16, 16], "rotation": 180, "texture": "#1"}
			}
		},
		{
			"name": "asiento6",
			"from": [13.5, 7, 6],
			"to": [14.5, 7.75, 12],
			"rotation": {"angle": 0, "axis": "y", "origin": [8, 8.25, 8]},
			"faces": {
				"north": {"uv": [0, 0, 16, 16], "texture": "#1"},
				"east": {"uv": [0, 0, 16, 16], "texture": "#1"},
				"south": {"uv": [0, 0, 16, 16], "texture": "#1"},
				"west": {"uv": [0, 0, 16, 16], "texture": "#1"},
				"up": {"uv": [0, 0, 16, 16], "rotation": 180, "texture": "#1"},
				"down": {"uv": [0, 0, 16, 16], "rotation": 180, "texture": "#1"}
			}
		},
		{
			"name": "asiento7",
			"from": [13.5, 6.75, 3],
			"to": [14.5, 7.5, 6],
			"rotation": {"angle": 0, "axis": "x", "origin": [8, 8, 2]},
			"faces": {
				"north": {"uv": [0, 0, 16, 16], "texture": "#1"},
				"east": {"uv": [0, 0, 16, 16], "texture": "#1"},
				"south": {"uv": [0, 0, 16, 16], "texture": "#1"},
				"west": {"uv": [0, 0, 16, 16], "texture": "#1"},
				"up": {"uv": [0, 0, 16, 16], "rotation": 180, "texture": "#1"},
				"down": {"uv": [0, 0, 16, 16], "rotation": 180, "texture": "#1"}
			}
		},
		{
			"name": "asiento8",
			"from": [1.5, 6.75, 3],
			"to": [2.5, 7.5, 6],
			"rotation": {"angle": 0, "axis": "x", "origin": [8, 8, 2]},
			"faces": {
				"north": {"uv": [0, 0, 16, 16], "texture": "#1"},
				"east": {"uv": [0, 0, 16, 16], "texture": "#1"},
				"south": {"uv": [0, 0, 16, 16], "texture": "#1"},
				"west": {"uv": [0, 0, 16, 16], "texture": "#1"},
				"up": {"uv": [0, 0, 16, 16], "rotation": 180, "texture": "#1"},
				"down": {"uv": [0, 0, 16, 16], "rotation": 180, "texture": "#1"}
			}
		},
		{
			"name": "asiento9",
			"from": [2.5, 5.35, 11.25],
			"to": [6.5, 6, 12.25],
			"rotation": {"angle": -22.5, "axis": "x", "origin": [8, 8, 8]},
			"faces": {
				"north": {"uv": [0, 0, 16, 16], "texture": "#1"},
				"east": {"uv": [0, 0, 16, 16], "texture": "#1"},
				"south": {"uv": [0, 0, 16, 16], "texture": "#1"},
				"west": {"uv": [0, 0, 16, 16], "texture": "#1"},
				"up": {"uv": [0, 0, 16, 16], "rotation": 180, "texture": "#1"},
				"down": {"uv": [0, 0, 16, 16], "rotation": 180, "texture": "#1"}
			}
		},
		{
			"name": "asiento10",
			"from": [9.5, 5.35, 11.25],
			"to": [13.5, 6, 12.25],
			"rotation": {"angle": -22.5, "axis": "x", "origin": [8, 8, 8]},
			"faces": {
				"north": {"uv": [0, 0, 16, 16], "texture": "#1"},
				"east": {"uv": [0, 0, 16, 16], "texture": "#1"},
				"south": {"uv": [0, 0, 16, 16], "texture": "#1"},
				"west": {"uv": [0, 0, 16, 16], "texture": "#1"},
				"up": {"uv": [0, 0, 16, 16], "rotation": 180, "texture": "#1"},
				"down": {"uv": [0, 0, 16, 16], "rotation": 180, "texture": "#1"}
			}
		},
		{
			"name": "asiento10",
			"from": [13.5, 5.6, 11.25],
			"to": [14.5, 6.35, 12.25],
			"rotation": {"angle": -22.5, "axis": "x", "origin": [8, 8, 8]},
			"faces": {
				"north": {"uv": [0, 0, 16, 16], "texture": "#1"},
				"east": {"uv": [0, 0, 16, 16], "texture": "#1"},
				"south": {"uv": [0, 0, 16, 16], "texture": "#1"},
				"west": {"uv": [0, 0, 16, 16], "texture": "#1"},
				"up": {"uv": [0, 0, 16, 16], "rotation": 180, "texture": "#1"},
				"down": {"uv": [0, 0, 16, 16], "rotation": 180, "texture": "#1"}
			}
		},
		{
			"name": "asiento11",
			"from": [1.5, 5.6, 11.25],
			"to": [2.5, 6.35, 12.25],
			"rotation": {"angle": -22.5, "axis": "x", "origin": [8, 8, 8]},
			"faces": {
				"north": {"uv": [0, 0, 16, 16], "texture": "#1"},
				"east": {"uv": [0, 0, 16, 16], "texture": "#1"},
				"south": {"uv": [0, 0, 16, 16], "texture": "#1"},
				"west": {"uv": [0, 0, 16, 16], "texture": "#1"},
				"up": {"uv": [0, 0, 16, 16], "rotation": 180, "texture": "#1"},
				"down": {"uv": [0, 0, 16, 16], "rotation": 180, "texture": "#1"}
			}
		},
		{
			"name": "asiento12",
			"from": [9.5, 3.95, 11],
			"to": [13.5, 4.6, 12],
			"rotation": {"angle": -45, "axis": "x", "origin": [8, 8, 8]},
			"faces": {
				"north": {"uv": [0, 0, 16, 16], "texture": "#1"},
				"east": {"uv": [0, 0, 16, 16], "texture": "#1"},
				"south": {"uv": [0, 0, 16, 16], "texture": "#1"},
				"west": {"uv": [0, 0, 16, 16], "texture": "#1"},
				"up": {"uv": [0, 0, 16, 16], "rotation": 180, "texture": "#1"},
				"down": {"uv": [0, 0, 16, 16], "rotation": 180, "texture": "#1"}
			}
		},
		{
			"name": "asiento13",
			"from": [2.5, 3.95, 11],
			"to": [6.5, 4.6, 12],
			"rotation": {"angle": -45, "axis": "x", "origin": [8, 8, 8]},
			"faces": {
				"north": {"uv": [0, 0, 16, 16], "texture": "#1"},
				"east": {"uv": [0, 0, 16, 16], "texture": "#1"},
				"south": {"uv": [0, 0, 16, 16], "texture": "#1"},
				"west": {"uv": [0, 0, 16, 16], "texture": "#1"},
				"up": {"uv": [0, 0, 16, 16], "rotation": 180, "texture": "#1"},
				"down": {"uv": [0, 0, 16, 16], "rotation": 180, "texture": "#1"}
			}
		},
		{
			"name": "asiento13",
			"from": [1.5, 4.2, 11],
			"to": [2.5, 4.95, 12],
			"rotation": {"angle": -45, "axis": "x", "origin": [8, 8, 8]},
			"faces": {
				"north": {"uv": [0, 0, 16, 16], "texture": "#1"},
				"east": {"uv": [0, 0, 16, 16], "texture": "#1"},
				"south": {"uv": [0, 0, 16, 16], "texture": "#1"},
				"west": {"uv": [0, 0, 16, 16], "texture": "#1"},
				"up": {"uv": [0, 0, 16, 16], "rotation": 180, "texture": "#1"},
				"down": {"uv": [0, 0, 16, 16], "rotation": 180, "texture": "#1"}
			}
		},
		{
			"name": "asiento14",
			"from": [13.5, 4.2, 11],
			"to": [14.5, 4.95, 12],
			"rotation": {"angle": -45, "axis": "x", "origin": [8, 8, 8]},
			"faces": {
				"north": {"uv": [0, 0, 16, 16], "texture": "#1"},
				"east": {"uv": [0, 0, 16, 16], "texture": "#1"},
				"south": {"uv": [0, 0, 16, 16], "texture": "#1"},
				"west": {"uv": [0, 0, 16, 16], "texture": "#1"},
				"up": {"uv": [0, 0, 16, 16], "rotation": 180, "texture": "#1"},
				"down": {"uv": [0, 0, 16, 16], "rotation": 180, "texture": "#1"}
			}
		},
		{
			"name": "asiento15",
			"from": [13.5, 10.25, 12.3],
			"to": [14.5, 11.25, 13.05],
			"rotation": {"angle": 22.5, "axis": "x", "origin": [8, 8, 8]},
			"faces": {
				"north": {"uv": [0, 0, 16, 16], "texture": "#1"},
				"east": {"uv": [0, 0, 16, 16], "rotation": 90, "texture": "#1"},
				"south": {"uv": [0, 0, 16, 16], "rotation": 180, "texture": "#1"},
				"west": {"uv": [0, 0, 16, 16], "rotation": 270, "texture": "#1"},
				"up": {"uv": [0, 0, 16, 16], "texture": "#1"},
				"down": {"uv": [0, 0, 16, 16], "rotation": 180, "texture": "#1"}
			}
		},
		{
			"name": "asiento16",
			"from": [2.5, 10.25, 12.65],
			"to": [13.5, 11.65, 13.3],
			"rotation": {"angle": 22.5, "axis": "x", "origin": [8, 8, 8]},
			"faces": {
				"north": {"uv": [0, 0, 16, 16], "texture": "#1"},
				"east": {"uv": [0, 0, 16, 16], "rotation": 90, "texture": "#1"},
				"south": {"uv": [0, 0, 16, 16], "rotation": 180, "texture": "#1"},
				"west": {"uv": [0, 0, 16, 16], "rotation": 270, "texture": "#1"},
				"up": {"uv": [0, 0, 16, 16], "texture": "#1"},
				"down": {"uv": [0, 0, 16, 16], "rotation": 180, "texture": "#1"}
			}
		},
		{
			"name": "asiento17",
			"from": [2.5, 9.07, 13.5],
			"to": [13.5, 17.57, 14.25],
			"rotation": {"angle": 0, "axis": "x", "origin": [8, 7, 9.25]},
			"faces": {
				"north": {"uv": [0, 0, 16, 16], "texture": "#1"},
				"east": {"uv": [0, 0, 16, 16], "rotation": 90, "texture": "#1"},
				"south": {"uv": [0, 0, 16, 16], "rotation": 180, "texture": "#1"},
				"west": {"uv": [0, 0, 16, 16], "rotation": 270, "texture": "#1"},
				"up": {"uv": [0, 0, 16, 16], "texture": "#1"},
				"down": {"uv": [0, 0, 16, 16], "rotation": 180, "texture": "#1"}
			}
		},
		{
			"name": "asiento18",
			"from": [1.5, 9.07, 13.25],
			"to": [2.5, 17.57, 14],
			"rotation": {"angle": 0, "axis": "x", "origin": [8, 7, 9.25]},
			"faces": {
				"north": {"uv": [0, 0, 16, 16], "texture": "#1"},
				"east": {"uv": [0, 0, 16, 16], "rotation": 90, "texture": "#1"},
				"south": {"uv": [0, 0, 16, 16], "rotation": 180, "texture": "#1"},
				"west": {"uv": [0, 0, 16, 16], "rotation": 270, "texture": "#1"},
				"up": {"uv": [0, 0, 16, 16], "texture": "#1"},
				"down": {"uv": [0, 0, 16, 16], "rotation": 180, "texture": "#1"}
			}
		},
		{
			"name": "asiento19",
			"from": [13.5, 9.07, 13.25],
			"to": [14.5, 17.57, 14],
			"rotation": {"angle": 0, "axis": "x", "origin": [8, 7, 9.25]},
			"faces": {
				"north": {"uv": [0, 0, 16, 16], "texture": "#1"},
				"east": {"uv": [0, 0, 16, 16], "rotation": 90, "texture": "#1"},
				"south": {"uv": [0, 0, 16, 16], "rotation": 180, "texture": "#1"},
				"west": {"uv": [0, 0, 16, 16], "rotation": 270, "texture": "#1"},
				"up": {"uv": [0, 0, 16, 16], "texture": "#1"},
				"down": {"uv": [0, 0, 16, 16], "rotation": 180, "texture": "#1"}
			}
		},
		{
			"name": "asiento20",
			"from": [1.5, 10.25, 12.3],
			"to": [2.5, 11.25, 13.05],
			"rotation": {"angle": 22.5, "axis": "x", "origin": [8, 8, 8]},
			"faces": {
				"north": {"uv": [0, 0, 16, 16], "texture": "#1"},
				"east": {"uv": [0, 0, 16, 16], "rotation": 90, "texture": "#1"},
				"south": {"uv": [0, 0, 16, 16], "rotation": 180, "texture": "#1"},
				"west": {"uv": [0, 0, 16, 16], "rotation": 270, "texture": "#1"},
				"up": {"uv": [0, 0, 16, 16], "texture": "#1"},
				"down": {"uv": [0, 0, 16, 16], "rotation": 180, "texture": "#1"}
			}
		},
		{
			"name": "asiento21",
			"from": [13.5, 9.07, 13.25],
			"to": [14.5, 9.82, 13.75],
			"rotation": {"angle": 0, "axis": "x", "origin": [8, 7, 9.25]},
			"faces": {
				"north": {"uv": [0, 0, 16, 16], "texture": "#1"},
				"east": {"uv": [0, 0, 16, 16], "rotation": 90, "texture": "#1"},
				"south": {"uv": [0, 0, 16, 16], "rotation": 180, "texture": "#1"},
				"west": {"uv": [0, 0, 16, 16], "rotation": 270, "texture": "#1"},
				"up": {"uv": [0, 0, 16, 16], "texture": "#1"},
				"down": {"uv": [0, 0, 16, 16], "rotation": 180, "texture": "#1"}
			}
		},
		{
			"name": "asiento22",
			"from": [1.5, 9.07, 13.25],
			"to": [2.5, 9.82, 13.75],
			"rotation": {"angle": 0, "axis": "x", "origin": [8, 7, 9.25]},
			"faces": {
				"north": {"uv": [0, 0, 16, 16], "texture": "#1"},
				"east": {"uv": [0, 0, 16, 16], "rotation": 90, "texture": "#1"},
				"south": {"uv": [0, 0, 16, 16], "rotation": 180, "texture": "#1"},
				"west": {"uv": [0, 0, 16, 16], "rotation": 270, "texture": "#1"},
				"up": {"uv": [0, 0, 16, 16], "texture": "#1"},
				"down": {"uv": [0, 0, 16, 16], "rotation": 180, "texture": "#1"}
			}
		},
		{
			"name": "asiento23",
			"from": [13.5, 7.25, 11],
			"to": [14.5, 7.75, 12],
			"rotation": {"angle": 0, "axis": "x", "origin": [8, 8.5, 8]},
			"faces": {
				"north": {"uv": [0, 0, 16, 16], "texture": "#1"},
				"east": {"uv": [0, 0, 16, 16], "texture": "#1"},
				"south": {"uv": [0, 0, 16, 16], "texture": "#1"},
				"west": {"uv": [0, 0, 16, 16], "texture": "#1"},
				"up": {"uv": [0, 0, 16, 16], "rotation": 180, "texture": "#1"},
				"down": {"uv": [0, 0, 16, 16], "rotation": 180, "texture": "#1"}
			}
		},
		{
			"name": "asiento24",
			"from": [1.5, 7.25, 11],
			"to": [2.5, 7.75, 12],
			"rotation": {"angle": 0, "axis": "x", "origin": [8, 8.5, 8]},
			"faces": {
				"north": {"uv": [0, 0, 16, 16], "texture": "#1"},
				"east": {"uv": [0, 0, 16, 16], "texture": "#1"},
				"south": {"uv": [0, 0, 16, 16], "texture": "#1"},
				"west": {"uv": [0, 0, 16, 16], "texture": "#1"},
				"up": {"uv": [0, 0, 16, 16], "rotation": 180, "texture": "#1"},
				"down": {"uv": [0, 0, 16, 16], "rotation": 180, "texture": "#1"}
			}
		}
	],
	"display": {
		"thirdperson_righthand": {
			"rotation": [0, -180, 0],
			"translation": [0, 1.75, 0],
			"scale": [0.25, 0.25, 0.25]
		},
		"thirdperson_lefthand": {
			"rotation": [0, -180, 0],
			"translation": [0, 1.75, 0],
			"scale": [0.25, 0.25, 0.25]
		},
		"firstperson_righthand": {
			"rotation": [0, -180, 0],
			"translation": [0, 1.75, 0],
			"scale": [0.25, 0.25, 0.25]
		},
		"firstperson_lefthand": {
			"rotation": [0, -180, 0],
			"translation": [0, 1.75, 0],
			"scale": [0.25, 0.25, 0.25]
		},
		"ground": {
			"rotation": [0, -180, 0],
			"translation": [0, 1.75, 0],
			"scale": [0.25, 0.25, 0.25]
		},
		"gui": {
			"rotation": [23, -149, 0],
			"scale": [0.5, 0.5, 0.5]
		},
		"head": {
			"translation": [0, -29.2, 0],
			"scale": [1.6, 1.75, 1.75]
		},
		"fixed": {
			"translation": [0, 0, -3],
			"scale": [0.5, 0.5, 0.5]
		}
	},
	"groups": [
		{
			"name": "Pata1",
			"origin": [-6.5, 8, 8.5],
			"color": 0,
			"children": [0, 1, 2, 3, 4, 5, 6]
		},
		{
			"name": "Pata2",
			"origin": [-6.5, 8, 8.5],
			"color": 0,
			"children": [7, 8, 9, 10, 11, 12, 13]
		},
		{
			"name": "Pata3",
			"origin": [-6.5, 8, 8.5],
			"color": 0,
			"children": [14, 15, 16, 17, 18, 19, 20, 21, 22, 23, 24, 25]
		},
		{
			"name": "Pata4",
			"origin": [-6.5, 8, 8.5],
			"color": 0,
			"children": [26, 27, 28, 29, 30, 31, 32, 33, 34]
		},
		{
			"name": "Asiento",
			"origin": [8, 8, 8],
			"color": 0,
			"children": [35, 36, 37, 38, 39, 40, 41, 42, 43, 44, 45, 46, 47, 48, 49, 50, 51, 52, 53, 54, 55, 56, 57, 58, 59, 60]
		}
	]
}