{
	"credit": "Made by TeleMinecraft (Storbo)",
	"textures": {
		"0": "block/baldosas/baldosa_gris_i",
		"1": "block/gray_concrete",
		"2": "block/iron_block",
		"particle": "block/baldosas/baldosa_gris_i"
	},
	"elements": [
		{
			"from": [0, 0, 0],
			"to": [16, 8, 16],
			"rotation": {"angle": 0, "axis": "y", "origin": [0, 0, 16]},
			"faces": {
				"north": {"uv": [16, 0, 0, 16], "texture": "#0"},
				"east": {"uv": [16, 0.75556, 0, 16], "texture": "#0"},
				"south": {"uv": [16, 0.71111, 0, 16], "texture": "#0"},
				"west": {"uv": [16, 0.8, 0, 16], "texture": "#0"},
				"up": {"uv": [0, 16, 16, 0], "texture": "#0"},
				"down": {"uv": [0, 16, 16, 0], "texture": "#0"}
			}
		},
		{
			"from": [0, 8, 8],
			"to": [16, 16, 16],
			"rotation": {"angle": 0, "axis": "y", "origin": [0, 0, 16]},
			"faces": {
				"north": {"uv": [16, 0, 0, 16], "texture": "#0"},
				"east": {"uv": [16, 0, 0, 8], "texture": "#0"},
				"south": {"uv": [16, 0, 0, 8], "texture": "#0"},
				"west": {"uv": [16, 0, 0, 8], "texture": "#0"},
				"up": {"uv": [0, 15.42222, 16, 0], "texture": "#0"},
				"down": {"uv": [0, 8, 16, 0], "texture": "#0"}
			}
		},
		{
			"from": [0, 8.2, 1],
			"to": [16, 8.21, 2],
			"rotation": {"angle": 0, "axis": "y", "origin": [0, 0, 16]},
			"faces": {
				"north": {"uv": [16, 0, 0, 1], "texture": "#1"},
				"east": {"uv": [16, 0, 0, 1], "texture": "#1"},
				"south": {"uv": [16, 0, 0, 1], "texture": "#1"},
				"west": {"uv": [16, 0, 0, 1], "texture": "#1"},
				"up": {"uv": [0, 1, 16, 0], "texture": "#1"},
				"down": {"uv": [0, 1, 16, 0], "texture": "#1"}
			}
		},
		{
			"from": [0, 16.2, 9],
			"to": [16, 16.21, 10],
			"rotation": {"angle": 0, "axis": "y", "origin": [0, 0, 16]},
			"faces": {
				"north": {"uv": [16, 0, 0, 1], "texture": "#1"},
				"east": {"uv": [16, 0, 0, 1], "texture": "#1"},
				"south": {"uv": [16, 0, 0, 1], "texture": "#1"},
				"west": {"uv": [16, 0, 0, 1], "texture": "#1"},
				"up": {"uv": [0, 1, 16, 0], "texture": "#1"},
				"down": {"uv": [0, 1, 16, 0], "texture": "#1"}
			}
		},
		{
			"from": [0, 8, 3],
			"to": [16, 8.01, 4],
			"rotation": {"angle": 0, "axis": "y", "origin": [0, 0, 16]},
			"faces": {
				"north": {"uv": [16, 0, 0, 1], "texture": "#1"},
				"east": {"uv": [16, 0, 0, 1], "texture": "#1"},
				"south": {"uv": [16, 0, 0, 1], "texture": "#1"},
				"west": {"uv": [16, 0, 0, 1], "texture": "#1"},
				"up": {"uv": [0, 1, 16, 0], "texture": "#1"},
				"down": {"uv": [0, 1, 16, 0], "texture": "#1"}
			}
		},
		{
			"from": [0, 16, 11],
			"to": [16, 16.01, 12],
			"rotation": {"angle": 0, "axis": "y", "origin": [0, 0, 16]},
			"faces": {
				"north": {"uv": [16, 0, 0, 1], "texture": "#1"},
				"east": {"uv": [16, 0, 0, 1], "texture": "#1"},
				"south": {"uv": [16, 0, 0, 1], "texture": "#1"},
				"west": {"uv": [16, 0, 0, 1], "texture": "#1"},
				"up": {"uv": [0, 1, 16, 0], "texture": "#1"},
				"down": {"uv": [0, 1, 16, 0], "texture": "#1"}
			}
		},
		{
			"from": [0, 16, 13],
			"to": [16, 16.01, 14],
			"rotation": {"angle": 0, "axis": "y", "origin": [0, 0, 16]},
			"faces": {
				"north": {"uv": [16, 0, 0, 1], "texture": "#1"},
				"east": {"uv": [16, 0, 0, 1], "texture": "#1"},
				"south": {"uv": [16, 0, 0, 1], "texture": "#1"},
				"west": {"uv": [16, 0, 0, 1], "texture": "#1"},
				"up": {"uv": [0, 1, 16, 0], "texture": "#1"},
				"down": {"uv": [0, 1, 16, 0], "texture": "#1"}
			}
		},
		{
			"from": [0, 8, 5],
			"to": [16, 8.01, 6],
			"rotation": {"angle": 0, "axis": "y", "origin": [0, 0, 16]},
			"faces": {
				"north": {"uv": [16, 0, 0, 1], "texture": "#1"},
				"east": {"uv": [16, 0, 0, 1], "texture": "#1"},
				"south": {"uv": [16, 0, 0, 1], "texture": "#1"},
				"west": {"uv": [16, 0, 0, 1], "texture": "#1"},
				"up": {"uv": [0, 1, 16, 0], "texture": "#1"},
				"down": {"uv": [0, 1, 16, 0], "texture": "#1"}
			}
		},
		{
			"from": [0, 8, 0.8],
			"to": [16, 8.2, 2.2],
			"faces": {
				"north": {"uv": [1, 1, 15, 3], "texture": "#2"},
				"east": {"uv": [1, 1, 15, 3], "texture": "#2"},
				"south": {"uv": [1, 1, 15, 3], "texture": "#2"},
				"west": {"uv": [1, 1, 15, 3], "texture": "#2"},
				"up": {"uv": [1, 1, 15, 3], "texture": "#2"},
				"down": {"uv": [1, 1, 15, 3], "texture": "#2"}
			}
		},
		{
			"from": [0, 16, 8.8],
			"to": [16, 16.2, 10.2],
			"faces": {
				"north": {"uv": [1, 1, 15, 3], "texture": "#2"},
				"east": {"uv": [1, 1, 15, 3], "texture": "#2"},
				"south": {"uv": [1, 1, 15, 3], "texture": "#2"},
				"west": {"uv": [1, 1, 15, 3], "texture": "#2"},
				"up": {"uv": [1, 1, 15, 3], "texture": "#2"},
				"down": {"uv": [1, 1, 15, 3], "texture": "#2"}
			}
		}
	]
}