{
	"credit": "Made by TeleMinecraft (Storbo)",
	"textures": {
		"0": "block/baldosas/baldosa_piedras",
		"1": "block/light_gray_concrete",
		"particle": "block/baldosas/baldosa_piedras"
	},
	"elements": [
		{
			"from": [0, 0, 0],
			"to": [16, 16, 16],
			"faces": {
				"north": {"uv": [0, 0, 16, 16], "texture": "#1"},
				"east": {"uv": [0, 0, 16, 16], "texture": "#1"},
				"south": {"uv": [0, 0, 16, 16], "texture": "#1"},
				"west": {"uv": [0, 0, 16, 16], "texture": "#1"},
				"up": {"uv": [0, 0, 16, 16], "texture": "#1"},
				"down": {"uv": [0, 0, 16, 16], "texture": "#1"}
			}
		},
		{
			"from": [0.2, 15, 0.2],
			"to": [15.8, 16.2, 15.8],
			"faces": {
				"north": {"uv": [0, 0, 15.6, 1.2], "texture": "#1"},
				"east": {"uv": [0, 0, 15.6, 1.2], "texture": "#1"},
				"south": {"uv": [0, 0, 15.6, 1.2], "texture": "#1"},
				"west": {"uv": [0, 0, 15.6, 1.2], "texture": "#1"},
				"up": {"uv": [0, 0, 16, 16], "texture": "#0"},
				"down": {"uv": [0, 0, 16, 16], "texture": "#1"}
			}
		}
	]
}