{
	"credit": "Made by TeleMinecraft (Storbo)",
	"textures": {
		"0": "block/baldosas/baldosa_negra_i",
		"1": "block/gray_concrete",
		"particle": "block/baldosas/baldosa_negra_i"
	},
	"elements": [
		{
			"from": [0, 0, 0],
			"to": [16, 8, 16],
			"rotation": {"angle": 0, "axis": "y", "origin": [0, 0, 16]},
			"faces": {
				"north": {"uv": [16, 0, 0, 16], "texture": "#0"},
				"east": {"uv": [16, 0.75556, 0, 16], "texture": "#0"},
				"south": {"uv": [16, 0.71111, 0, 16], "texture": "#0"},
				"west": {"uv": [16, 0.8, 0, 16], "texture": "#0"},
				"up": {"uv": [0, 16, 16, 0], "texture": "#0"},
				"down": {"uv": [0, 16, 16, 0], "texture": "#0"}
			}
		},
		{
			"from": [0, 8, 8],
			"to": [16, 16, 16],
			"rotation": {"angle": 0, "axis": "y", "origin": [0, 0, 16]},
			"faces": {
				"north": {"uv": [16, 0, 0, 16], "texture": "#0"},
				"east": {"uv": [16, 0, 0, 8], "texture": "#0"},
				"south": {"uv": [16, 0, 0, 8], "texture": "#0"},
				"west": {"uv": [16, 0, 0, 8], "texture": "#0"},
				"up": {"uv": [0, 15.42222, 16, 0], "texture": "#0"},
				"down": {"uv": [0, 8, 16, 0], "texture": "#0"}
			}
		},
		{
			"from": [0, 8, 1],
			"to": [16, 8.01, 2],
			"rotation": {"angle": 0, "axis": "y", "origin": [0, 0, 16]},
			"faces": {
				"north": {"uv": [16, 0, 0, 1], "texture": "#1"},
				"east": {"uv": [16, 0, 0, 1], "texture": "#1"},
				"south": {"uv": [16, 0, 0, 1], "texture": "#1"},
				"west": {"uv": [16, 0, 0, 1], "texture": "#1"},
				"up": {"uv": [0, 1, 16, 0], "texture": "#1"},
				"down": {"uv": [0, 1, 16, 0], "texture": "#1"}
			}
		},
		{
			"from": [0, 16, 9],
			"to": [16, 16.01, 10],
			"rotation": {"angle": 0, "axis": "y", "origin": [0, 0, 16]},
			"faces": {
				"north": {"uv": [16, 0, 0, 1], "texture": "#1"},
				"east": {"uv": [16, 0, 0, 1], "texture": "#1"},
				"south": {"uv": [16, 0, 0, 1], "texture": "#1"},
				"west": {"uv": [16, 0, 0, 1], "texture": "#1"},
				"up": {"uv": [0, 1, 16, 0], "texture": "#1"},
				"down": {"uv": [0, 1, 16, 0], "texture": "#1"}
			}
		}
	]
}