{
	"credit": "Made by TeleMinecraft (Storbo)",
	"textures": {
		"0": "block/white_concrete",
		"1": "block/gray_concrete",
		"particle": "block/white_concrete"
	},
	"elements": [
		{
			"from": [0, 0, 0.5],
			"to": [16, 15.5, 15.5],
			"rotation": {"angle": 0, "axis": "y", "origin": [0, 16, 0]},
			"faces": {
				"north": {"uv": [0, 1, 1, 0], "texture": "#0"},
				"east": {"uv": [0, 1, 1, 0], "texture": "#0"},
				"south": {"uv": [0, 1, 1, 0], "texture": "#0"},
				"west": {"uv": [0, 1, 1, 0], "texture": "#0"},
				"up": {"uv": [0, 1, 1, 0], "texture": "#0"},
				"down": {"uv": [0, 1, 1, 0], "texture": "#0"}
			}
		},
		{
			"from": [0.5, 0, 0],
			"to": [15.5, 15.5, 16],
			"rotation": {"angle": 0, "axis": "y", "origin": [0, 16, 0]},
			"faces": {
				"north": {"uv": [0, 1, 1, 0], "texture": "#0"},
				"east": {"uv": [0, 1, 1, 0], "texture": "#0"},
				"south": {"uv": [0, 1, 1, 0], "texture": "#0"},
				"west": {"uv": [0, 1, 1, 0], "texture": "#0"},
				"up": {"uv": [0, 1, 1, 0], "texture": "#0"},
				"down": {"uv": [0, 1, 1, 0], "texture": "#0"}
			}
		},
		{
			"from": [15.5, 0, 0],
			"to": [16, 15.5, 0.5],
			"rotation": {"angle": 0, "axis": "y", "origin": [0, 16, 0]},
			"faces": {
				"north": {"uv": [0, 1, 1, 0], "texture": "#0"},
				"east": {"uv": [0, 1, 1, 0], "texture": "#1"},
				"south": {"uv": [0, 1, 1, 0], "texture": "#0"},
				"west": {"uv": [0, 1, 1, 0], "texture": "#0"},
				"up": {"uv": [0, 1, 1, 0], "texture": "#0"},
				"down": {"uv": [0, 1, 1, 0], "texture": "#0"}
			}
		},
		{
			"from": [15.5, 0, 15.5],
			"to": [16, 15.5, 16],
			"rotation": {"angle": 0, "axis": "y", "origin": [0, 16, 0]},
			"faces": {
				"north": {"uv": [0, 1, 1, 0], "texture": "#0"},
				"east": {"uv": [0, 1, 1, 0], "texture": "#1"},
				"south": {"uv": [0, 1, 1, 0], "texture": "#0"},
				"west": {"uv": [0, 1, 1, 0], "texture": "#0"},
				"up": {"uv": [0, 1, 1, 0], "texture": "#0"},
				"down": {"uv": [0, 1, 1, 0], "texture": "#0"}
			}
		},
		{
			"from": [0, 0, 15.5],
			"to": [0.5, 15.5, 16],
			"rotation": {"angle": 0, "axis": "y", "origin": [16, 16, 0]},
			"faces": {
				"north": {"uv": [1, 1, 0, 0], "texture": "#0"},
				"east": {"uv": [1, 1, 0, 0], "texture": "#0"},
				"south": {"uv": [1, 1, 0, 0], "texture": "#0"},
				"west": {"uv": [1, 1, 0, 0], "texture": "#1"},
				"up": {"uv": [1, 1, 0, 0], "texture": "#0"},
				"down": {"uv": [1, 1, 0, 0], "texture": "#0"}
			}
		},
		{
			"from": [0, 0, 0],
			"to": [0.5, 15.5, 0.5],
			"rotation": {"angle": 0, "axis": "y", "origin": [16, 16, 0]},
			"faces": {
				"north": {"uv": [1, 1, 0, 0], "texture": "#0"},
				"east": {"uv": [1, 1, 0, 0], "texture": "#0"},
				"south": {"uv": [1, 1, 0, 0], "texture": "#0"},
				"west": {"uv": [1, 1, 0, 0], "texture": "#1"},
				"up": {"uv": [1, 1, 0, 0], "texture": "#0"},
				"down": {"uv": [1, 1, 0, 0], "texture": "#0"}
			}
		},
		{
			"from": [0, 15.5, 0],
			"to": [16, 16, 16],
			"rotation": {"angle": 0, "axis": "y", "origin": [16, 16, 0]},
			"faces": {
				"north": {"uv": [1, 1, 0, 0], "texture": "#0"},
				"east": {"uv": [1, 1, 0, 0], "texture": "#1"},
				"south": {"uv": [1, 1, 0, 0], "texture": "#0"},
				"west": {"uv": [1, 1, 0, 0], "texture": "#1"},
				"up": {"uv": [1, 1, 0, 0], "texture": "#0"},
				"down": {"uv": [1, 1, 0, 0], "texture": "#1"}
			}
		}
	],
	"groups": [
		{
			"name": "group",
			"origin": [16, 16, 0],
			"color": 0,
			"children": [0, 1, 2, 3, 4, 5, 6]
		}
	]
}