{
	"credit": "Made by TeleMinecraft (Storbo)",
	"textures": {
		"0": "block/random/cemento",
		"particle": "block/random/cemento"
	},
	"elements": [
		{
			"from": [0, -8, 2],
			"to": [16, 16, 14],
			"faces": {
				"north": {"uv": [0, 0, 16, 16], "texture": "#0"},
				"east": {"uv": [0, 0, 12, 16], "texture": "#0"},
				"south": {"uv": [0, 0, 16, 16], "texture": "#0"},
				"west": {"uv": [0, 0, 12, 16], "texture": "#0"},
				"up": {"uv": [0, 0, 12, 16], "rotation": 90, "texture": "#0"},
				"down": {"uv": [0, 0, 12, 16], "rotation": 270, "texture": "#0"}
			}
		}
	]
}