{
	"credit": "Made by TeleMinecraft (Storbo)",
	"textures": {
		"0": "block/light_gray_concrete",
		"1": "block/glass",
		"particle": "block/light_gray_concrete"
	},
	"elements": [
		{
			"from": [20, 1, 15],
			"to": [22, 17, 16],
			"rotation": {"angle": 45, "axis": "z", "origin": [16, 0, 0]},
			"faces": {
				"north": {"uv": [1, 0, 0, 1], "texture": "#0"},
				"east": {"uv": [1, 0, 0, 1], "texture": "#0"},
				"south": {"uv": [1, 0, 0, 1], "texture": "#0"},
				"west": {"uv": [1, 0, 0, 1], "texture": "#0"},
				"up": {"uv": [0, 1, 1, 0], "rotation": 90, "texture": "#0"},
				"down": {"uv": [0, 1, 1, 0], "rotation": 270, "texture": "#0"}
			}
		},
		{
			"from": [20, 1, 0],
			"to": [22, 17, 1],
			"rotation": {"angle": 45, "axis": "z", "origin": [16, 0, 0]},
			"faces": {
				"north": {"uv": [1, 0, 0, 1], "texture": "#0"},
				"east": {"uv": [1, 0, 0, 1], "texture": "#0"},
				"south": {"uv": [1, 0, 0, 1], "texture": "#0"},
				"west": {"uv": [1, 0, 0, 1], "texture": "#0"},
				"up": {"uv": [0, 1, 1, 0], "rotation": 90, "texture": "#0"},
				"down": {"uv": [0, 1, 1, 0], "rotation": 270, "texture": "#0"}
			}
		},
		{
			"from": [20, 16, 1],
			"to": [22, 17, 15],
			"rotation": {"angle": 45, "axis": "z", "origin": [16, 0, 0]},
			"faces": {
				"north": {"uv": [0, 1, 1, 0], "rotation": 90, "texture": "#0"},
				"east": {"uv": [0, 1, 1, 0], "rotation": 90, "texture": "#0"},
				"south": {"uv": [0, 1, 1, 0], "rotation": 90, "texture": "#0"},
				"west": {"uv": [0, 1, 1, 0], "rotation": 270, "texture": "#0"},
				"up": {"uv": [1, 0, 0, 1], "rotation": 180, "texture": "#0"},
				"down": {"uv": [1, 0, 0, 1], "texture": "#0"}
			}
		},
		{
			"from": [20, 1, 1],
			"to": [22, 2, 15],
			"rotation": {"angle": 45, "axis": "z", "origin": [16, 0, 0]},
			"faces": {
				"north": {"uv": [0, 1, 1, 0], "rotation": 90, "texture": "#0"},
				"east": {"uv": [0, 1, 1, 0], "rotation": 90, "texture": "#0"},
				"south": {"uv": [0, 1, 1, 0], "rotation": 90, "texture": "#0"},
				"west": {"uv": [0, 1, 1, 0], "rotation": 270, "texture": "#0"},
				"up": {"uv": [1, 0, 0, 1], "rotation": 180, "texture": "#0"},
				"down": {"uv": [1, 0, 0, 1], "texture": "#0"}
			}
		},
		{
			"from": [21, 2, 1],
			"to": [21, 16, 15],
			"rotation": {"angle": 45, "axis": "z", "origin": [16, 0, 0]},
			"faces": {
				"north": {"uv": [1, 0, 0, 14], "texture": "#0"},
				"east": {"uv": [15, 1, 1, 15], "texture": "#1"},
				"south": {"uv": [1, 0, 0, 14], "texture": "#0"},
				"west": {"uv": [15, 1, 1, 15], "texture": "#1"},
				"up": {"uv": [0, 1, 14, 0], "rotation": 90, "texture": "#0"},
				"down": {"uv": [0, 1, 14, 0], "rotation": 270, "texture": "#0"}
			}
		}
	],
	"groups": [
		{
			"name": "group",
			"origin": [0, 0, 0],
			"color": 0,
			"children": [0, 1, 2, 3, 4]
		}
	]
}