{
	"credit": "Made by TeleMinecraft (Storbo)",
	"textures": {
		"0": "block/white_concrete",
		"particle": "block/white_concrete"
	},
	"elements": [
		{
			"from": [6.89475, 0.02535, 4.978],
			"to": [8.36505, 16.02535, 9.034],
			"rotation": {"angle": 22.5, "axis": "y", "origin": [6.0075, 0, 7.513]},
			"faces": {
				"north": {"uv": [0, 0, 0, 0], "texture": "#0"},
				"east": {"uv": [0, 0, 0, 0], "texture": "#0"},
				"south": {"uv": [0, 0, 0, 0], "texture": "#0"},
				"west": {"uv": [0, 0, 0, 0], "texture": "#0"},
				"up": {"uv": [0, 0, 0, 0], "texture": "#0"},
				"down": {"uv": [0, 0, 0, 0], "texture": "#0"}
			}
		},
		{
			"from": [7.3257, 0.02535, 3.457],
			"to": [8.796, 16.02535, 7.513],
			"rotation": {"angle": -22.5, "axis": "y", "origin": [6.0075, 0, 7.513]},
			"faces": {
				"north": {"uv": [0, 0, 0, 0], "texture": "#0"},
				"east": {"uv": [0, 0, 0, 0], "texture": "#0"},
				"south": {"uv": [0, 0, 0, 0], "texture": "#0"},
				"west": {"uv": [0, 0, 0, 0], "texture": "#0"},
				"up": {"uv": [0, 0, 0, 0], "texture": "#0"},
				"down": {"uv": [0, 0, 0, 0], "texture": "#0"}
			}
		},
		{
			"from": [6.95459, 0.02535, 3.88962],
			"to": [8.47559, 16.02535, 7.69212],
			"rotation": {"angle": 45, "axis": "y", "origin": [8.289, 0, 7.513]},
			"faces": {
				"north": {"uv": [0, 0, 0, 0], "texture": "#0"},
				"east": {"uv": [0, 0, 0, 0], "texture": "#0"},
				"south": {"uv": [0, 0, 0, 0], "texture": "#0"},
				"west": {"uv": [0, 0, 0, 0], "texture": "#0"},
				"up": {"uv": [0, 0, 0, 0], "texture": "#0"},
				"down": {"uv": [0, 0, 0, 0], "texture": "#0"}
			}
		},
		{
			"from": [7.93783, 0.02535, 4.84752],
			"to": [9.45883, 16.02535, 8.39652],
			"rotation": {"angle": -45, "axis": "y", "origin": [9.0495, 0, 7.513]},
			"faces": {
				"north": {"uv": [0, 0, 0, 0], "texture": "#0"},
				"east": {"uv": [0, 0, 0, 0], "texture": "#0"},
				"south": {"uv": [0, 0, 0, 0], "texture": "#0"},
				"west": {"uv": [0, 0, 0, 0], "texture": "#0"},
				"up": {"uv": [0, 0, 0, 0], "texture": "#0"},
				"down": {"uv": [0, 0, 0, 0], "texture": "#0"}
			}
		},
		{
			"from": [4.56255, 0.02535, 8.02],
			"to": [7.60455, 16.02535, 9.541],
			"rotation": {"angle": -22.5, "axis": "y", "origin": [10.0635, 0, 7.513]},
			"faces": {
				"north": {"uv": [0, 1, 0, 0], "rotation": 90, "texture": "#0"},
				"east": {"uv": [0, 1, 0, 0], "rotation": 90, "texture": "#0"},
				"south": {"uv": [0, 1, 0, 0], "rotation": 90, "texture": "#0"},
				"west": {"uv": [0, 1, 0, 0], "rotation": 90, "texture": "#0"},
				"up": {"uv": [0, 1, 0, 0], "rotation": 90, "texture": "#0"},
				"down": {"uv": [0, 1, 0, 0], "rotation": 90, "texture": "#0"}
			}
		},
		{
			"from": [4.20765, 0.02535, 7.28485],
			"to": [8.01015, 16.02535, 8.80585],
			"rotation": {"angle": 0, "axis": "y", "origin": [10.0635, 0, 7.513]},
			"faces": {
				"north": {"uv": [0, 1, 0, 0], "rotation": 90, "texture": "#0"},
				"east": {"uv": [0, 1, 0, 0], "rotation": 90, "texture": "#0"},
				"south": {"uv": [0, 1, 0, 0], "rotation": 90, "texture": "#0"},
				"west": {"uv": [0, 1, 0, 0], "rotation": 90, "texture": "#0"},
				"up": {"uv": [0, 1, 0, 0], "rotation": 90, "texture": "#0"},
				"down": {"uv": [0, 1, 0, 0], "rotation": 90, "texture": "#0"}
			}
		},
		{
			"from": [7.7313, 0.02535, 7.3102],
			"to": [11.7873, 16.02535, 8.8312],
			"rotation": {"angle": 0, "axis": "y", "origin": [6.0075, 0, 7.513]},
			"faces": {
				"north": {"uv": [0, 0, 0, 0], "rotation": 90, "texture": "#0"},
				"east": {"uv": [0, 0, 0, 0], "rotation": 90, "texture": "#0"},
				"south": {"uv": [0, 0, 0, 0], "rotation": 90, "texture": "#0"},
				"west": {"uv": [0, 0, 0, 0], "rotation": 90, "texture": "#0"},
				"up": {"uv": [0, 0, 0, 0], "rotation": 90, "texture": "#0"},
				"down": {"uv": [0, 0, 0, 0], "rotation": 90, "texture": "#0"}
			}
		},
		{
			"from": [9.1509, 0.02535, 8.02],
			"to": [11.4324, 16.02535, 9.541],
			"rotation": {"angle": 22.5, "axis": "y", "origin": [6.0075, 0, 7.513]},
			"faces": {
				"north": {"uv": [0, 0, 0, 0], "rotation": 90, "texture": "#0"},
				"east": {"uv": [0, 0, 0, 0], "rotation": 90, "texture": "#0"},
				"south": {"uv": [0, 0, 0, 0], "rotation": 90, "texture": "#0"},
				"west": {"uv": [0, 0, 0, 0], "rotation": 90, "texture": "#0"},
				"up": {"uv": [0, 0, 0, 0], "rotation": 90, "texture": "#0"},
				"down": {"uv": [0, 0, 0, 0], "rotation": 90, "texture": "#0"}
			}
		},
		{
			"from": [7.2243, 0.02535, 4.2682],
			"to": [8.796, 16.02535, 6.5497],
			"rotation": {"angle": 0, "axis": "y", "origin": [6.0075, 0, 7.513]},
			"faces": {
				"north": {"uv": [0, 0, 0, 0], "texture": "#0"},
				"east": {"uv": [0, 0, 0, 0], "texture": "#0"},
				"south": {"uv": [0, 0, 0, 0], "texture": "#0"},
				"west": {"uv": [0, 0, 0, 0], "texture": "#0"},
				"up": {"uv": [0, 0, 0, 0], "texture": "#0"},
				"down": {"uv": [0, 0, 0, 0], "texture": "#0"}
			}
		},
		{
			"from": [6.89475, 0.02535, 7.79185],
			"to": [8.36505, 16.02535, 11.08735],
			"rotation": {"angle": -22.5, "axis": "y", "origin": [6.0075, 0, 8.55235]},
			"faces": {
				"north": {"uv": [0, 1, 0, 0], "texture": "#0"},
				"east": {"uv": [0, 1, 0, 0], "texture": "#0"},
				"south": {"uv": [0, 1, 0, 0], "texture": "#0"},
				"west": {"uv": [0, 1, 0, 0], "texture": "#0"},
				"up": {"uv": [0, 1, 0, 0], "texture": "#0"},
				"down": {"uv": [0, 1, 0, 0], "texture": "#0"}
			}
		},
		{
			"from": [7.3257, 0.02535, 9.05935],
			"to": [8.796, 16.02535, 12.60835],
			"rotation": {"angle": 22.5, "axis": "y", "origin": [6.0075, 0, 8.55235]},
			"faces": {
				"north": {"uv": [0, 1, 0, 0], "texture": "#0"},
				"east": {"uv": [0, 1, 0, 0], "texture": "#0"},
				"south": {"uv": [0, 1, 0, 0], "texture": "#0"},
				"west": {"uv": [0, 1, 0, 0], "texture": "#0"},
				"up": {"uv": [0, 1, 0, 0], "texture": "#0"},
				"down": {"uv": [0, 1, 0, 0], "texture": "#0"}
			}
		},
		{
			"from": [6.95459, 0.02535, 9.38723],
			"to": [8.47559, 16.02535, 12.17573],
			"rotation": {"angle": -45, "axis": "y", "origin": [8.289, 0, 8.55235]},
			"faces": {
				"north": {"uv": [0, 1, 0, 0], "texture": "#0"},
				"east": {"uv": [0, 1, 0, 0], "texture": "#0"},
				"south": {"uv": [0, 1, 0, 0], "texture": "#0"},
				"west": {"uv": [0, 1, 0, 0], "texture": "#0"},
				"up": {"uv": [0, 1, 0, 0], "texture": "#0"},
				"down": {"uv": [0, 1, 0, 0], "texture": "#0"}
			}
		},
		{
			"from": [7.93783, 0.02535, 7.66883],
			"to": [9.45883, 16.02535, 11.21783],
			"rotation": {"angle": 45, "axis": "y", "origin": [9.0495, 0, 8.55235]},
			"faces": {
				"north": {"uv": [0, 1, 0, 0], "texture": "#0"},
				"east": {"uv": [0, 1, 0, 0], "texture": "#0"},
				"south": {"uv": [0, 1, 0, 0], "texture": "#0"},
				"west": {"uv": [0, 1, 0, 0], "texture": "#0"},
				"up": {"uv": [0, 1, 0, 0], "texture": "#0"},
				"down": {"uv": [0, 1, 0, 0], "texture": "#0"}
			}
		},
		{
			"from": [4.56255, 0.02535, 6.52435],
			"to": [7.09755, 16.02535, 8.04535],
			"rotation": {"angle": 22.5, "axis": "y", "origin": [10.0635, 0, 8.55235]},
			"faces": {
				"north": {"uv": [0, 1, 0, 0], "rotation": 90, "texture": "#0"},
				"east": {"uv": [0, 1, 0, 0], "rotation": 90, "texture": "#0"},
				"south": {"uv": [0, 1, 0, 0], "rotation": 90, "texture": "#0"},
				"west": {"uv": [0, 1, 0, 0], "rotation": 90, "texture": "#0"},
				"up": {"uv": [0, 1, 0, 0], "rotation": 90, "texture": "#0"},
				"down": {"uv": [0, 1, 0, 0], "rotation": 90, "texture": "#0"}
			}
		},
		{
			"from": [9.4044, 0.02535, 6.52435],
			"to": [11.4324, 16.02535, 8.04535],
			"rotation": {"angle": -22.5, "axis": "y", "origin": [6.0075, 0, 8.55235]},
			"faces": {
				"north": {"uv": [0, 0, 0, 0], "rotation": 90, "texture": "#0"},
				"east": {"uv": [0, 0, 0, 0], "rotation": 90, "texture": "#0"},
				"south": {"uv": [0, 0, 0, 0], "rotation": 90, "texture": "#0"},
				"west": {"uv": [0, 0, 0, 0], "rotation": 90, "texture": "#0"},
				"up": {"uv": [0, 0, 0, 0], "rotation": 90, "texture": "#0"},
				"down": {"uv": [0, 0, 0, 0], "rotation": 90, "texture": "#0"}
			}
		},
		{
			"from": [7.2243, 0.02535, 9.00865],
			"to": [8.796, 16.02535, 11.79715],
			"rotation": {"angle": 0, "axis": "y", "origin": [6.0075, 0, 8.55235]},
			"faces": {
				"north": {"uv": [0, 1, 0, 0], "texture": "#0"},
				"east": {"uv": [0, 1, 0, 0], "texture": "#0"},
				"south": {"uv": [0, 1, 0, 0], "texture": "#0"},
				"west": {"uv": [0, 1, 0, 0], "texture": "#0"},
				"up": {"uv": [0, 1, 0, 0], "texture": "#0"},
				"down": {"uv": [0, 1, 0, 0], "texture": "#0"}
			}
		}
	],
	"groups": [
		{
			"name": "group",
			"origin": [0, 0, 0],
			"color": 0,
			"children": [0, 1, 2, 3, 4, 5, 6, 7, 8, 9, 10, 11, 12, 13, 14, 15]
		}
	]
}