{
	"credit": "Made by TeleMinecraft (Storbo)",
	"textures": {
		"1": "block/stone",
		"2": "block/white_concrete",
		"3": "block/random/grass_block_top",
		"particle": "block/stone"
	},
	"elements": [
		{
			"from": [4, 0, 0],
			"to": [12, 8, 16],
			"faces": {
				"north": {"uv": [0, 0, 8, 8], "texture": "#1"},
				"east": {"uv": [0, 0, 16, 8], "texture": "#1"},
				"south": {"uv": [0, 0, 8, 8], "texture": "#1"},
				"west": {"uv": [0, 0, 16, 8], "texture": "#1"},
				"up": {"uv": [0, 0, 16, 8], "rotation": 90, "texture": "#1"},
				"down": {"uv": [0, 0, 16, 8], "rotation": 270, "texture": "#1"}
			}
		},
		{
			"from": [7.45, 0.015, 11.425],
			"to": [9.85, 16.015, 12.295],
			"rotation": {"angle": 22.5, "axis": "y", "origin": [8.35, 0, 10.9]},
			"faces": {
				"north": {"uv": [0, 0, 5.8, 1], "texture": "#2"},
				"east": {"uv": [0, 0, 5.8, 1], "texture": "#2"},
				"south": {"uv": [0, 0, 5.8, 1], "texture": "#2"},
				"west": {"uv": [0, 0, 5.8, 1], "texture": "#2"},
				"up": {"uv": [0, 0, 5.8, 1], "texture": "#2"},
				"down": {"uv": [0, 0, 5.8, 1], "texture": "#2"}
			}
		},
		{
			"from": [8.35, 0.015, 11.68],
			"to": [10.75, 16.015, 12.55],
			"rotation": {"angle": -22.5, "axis": "y", "origin": [8.35, 0, 10.9]},
			"faces": {
				"north": {"uv": [0, 0, 5.8, 1], "texture": "#2"},
				"east": {"uv": [0, 0, 5.8, 1], "texture": "#2"},
				"south": {"uv": [0, 0, 5.8, 1], "texture": "#2"},
				"west": {"uv": [0, 0, 5.8, 1], "texture": "#2"},
				"up": {"uv": [0, 0, 5.8, 1], "texture": "#2"},
				"down": {"uv": [0, 0, 5.8, 1], "texture": "#2"}
			}
		},
		{
			"from": [8.24401, 0.015, 11.4604],
			"to": [10.49401, 16.015, 12.3604],
			"rotation": {"angle": 45, "axis": "y", "origin": [8.35, 0, 12.25]},
			"faces": {
				"north": {"uv": [0, 0, 6, 1], "texture": "#2"},
				"east": {"uv": [0, 0, 6, 1], "texture": "#2"},
				"south": {"uv": [0, 0, 6, 1], "texture": "#2"},
				"west": {"uv": [0, 0, 6, 1], "texture": "#2"},
				"up": {"uv": [0, 0, 6, 1], "texture": "#2"},
				"down": {"uv": [0, 0, 6, 1], "texture": "#2"}
			}
		},
		{
			"from": [7.82721, 0.015, 12.04221],
			"to": [9.92721, 16.015, 12.94221],
			"rotation": {"angle": -45, "axis": "y", "origin": [8.35, 0, 12.7]},
			"faces": {
				"north": {"uv": [0, 0, 6, 1], "texture": "#2"},
				"east": {"uv": [0, 0, 6, 1], "texture": "#2"},
				"south": {"uv": [0, 0, 6, 1], "texture": "#2"},
				"west": {"uv": [0, 0, 6, 1], "texture": "#2"},
				"up": {"uv": [0, 0, 6, 1], "texture": "#2"},
				"down": {"uv": [0, 0, 6, 1], "texture": "#2"}
			}
		},
		{
			"from": [7.15, 0.015, 10.045],
			"to": [8.05, 16.015, 11.845],
			"rotation": {"angle": -22.5, "axis": "y", "origin": [8.35, 0, 13.3]},
			"faces": {
				"north": {"uv": [0, 1, 6, 2], "rotation": 90, "texture": "#2"},
				"east": {"uv": [0, 1, 6, 2], "rotation": 90, "texture": "#2"},
				"south": {"uv": [0, 1, 6, 2], "rotation": 90, "texture": "#2"},
				"west": {"uv": [0, 1, 6, 2], "rotation": 90, "texture": "#2"},
				"up": {"uv": [0, 1, 6, 2], "rotation": 90, "texture": "#2"},
				"down": {"uv": [0, 1, 6, 2], "rotation": 90, "texture": "#2"}
			}
		},
		{
			"from": [7.585, 0.015, 9.835],
			"to": [8.485, 16.015, 12.085],
			"rotation": {"angle": 0, "axis": "y", "origin": [8.35, 0, 13.3]},
			"faces": {
				"north": {"uv": [0, 1, 6, 2], "rotation": 90, "texture": "#2"},
				"east": {"uv": [0, 1, 6, 2], "rotation": 90, "texture": "#2"},
				"south": {"uv": [0, 1, 6, 2], "rotation": 90, "texture": "#2"},
				"west": {"uv": [0, 1, 6, 2], "rotation": 90, "texture": "#2"},
				"up": {"uv": [0, 1, 6, 2], "rotation": 90, "texture": "#2"},
				"down": {"uv": [0, 1, 6, 2], "rotation": 90, "texture": "#2"}
			}
		},
		{
			"from": [7.57, 0.015, 11.92],
			"to": [8.47, 16.015, 14.32],
			"rotation": {"angle": 0, "axis": "y", "origin": [8.35, 0, 10.9]},
			"faces": {
				"north": {"uv": [0, 0, 6, 1], "rotation": 90, "texture": "#2"},
				"east": {"uv": [0, 0, 6, 1], "rotation": 90, "texture": "#2"},
				"south": {"uv": [0, 0, 6, 1], "rotation": 90, "texture": "#2"},
				"west": {"uv": [0, 0, 6, 1], "rotation": 90, "texture": "#2"},
				"up": {"uv": [0, 0, 6, 1], "rotation": 90, "texture": "#2"},
				"down": {"uv": [0, 0, 6, 1], "rotation": 90, "texture": "#2"}
			}
		},
		{
			"from": [7.15, 0.015, 12.76],
			"to": [8.05, 16.015, 14.11],
			"rotation": {"angle": 22.5, "axis": "y", "origin": [8.35, 0, 10.9]},
			"faces": {
				"north": {"uv": [0, 0, 6, 1], "rotation": 90, "texture": "#2"},
				"east": {"uv": [0, 0, 6, 1], "rotation": 90, "texture": "#2"},
				"south": {"uv": [0, 0, 6, 1], "rotation": 90, "texture": "#2"},
				"west": {"uv": [0, 0, 6, 1], "rotation": 90, "texture": "#2"},
				"up": {"uv": [0, 0, 6, 1], "rotation": 90, "texture": "#2"},
				"down": {"uv": [0, 0, 6, 1], "rotation": 90, "texture": "#2"}
			}
		},
		{
			"from": [8.92, 0.015, 11.62],
			"to": [10.27, 16.015, 12.55],
			"rotation": {"angle": 0, "axis": "y", "origin": [8.35, 0, 10.9]},
			"faces": {
				"north": {"uv": [0, 0, 6.2, 1], "texture": "#2"},
				"east": {"uv": [0, 0, 6.2, 1], "texture": "#2"},
				"south": {"uv": [0, 0, 6.2, 1], "texture": "#2"},
				"west": {"uv": [0, 0, 6.2, 1], "texture": "#2"},
				"up": {"uv": [0, 0, 6.2, 1], "texture": "#2"},
				"down": {"uv": [0, 0, 6.2, 1], "texture": "#2"}
			}
		},
		{
			"from": [6.235, 0.015, 11.425],
			"to": [8.185, 16.015, 12.295],
			"rotation": {"angle": -22.5, "axis": "y", "origin": [7.735, 0, 10.9]},
			"faces": {
				"north": {"uv": [0, 1, 5.8, 2], "texture": "#2"},
				"east": {"uv": [0, 1, 5.8, 2], "texture": "#2"},
				"south": {"uv": [0, 1, 5.8, 2], "texture": "#2"},
				"west": {"uv": [0, 1, 5.8, 2], "texture": "#2"},
				"up": {"uv": [0, 1, 5.8, 2], "texture": "#2"},
				"down": {"uv": [0, 1, 5.8, 2], "texture": "#2"}
			}
		},
		{
			"from": [5.335, 0.015, 11.68],
			"to": [7.435, 16.015, 12.55],
			"rotation": {"angle": 22.5, "axis": "y", "origin": [7.735, 0, 10.9]},
			"faces": {
				"north": {"uv": [0, 1, 5.8, 2], "texture": "#2"},
				"east": {"uv": [0, 1, 5.8, 2], "texture": "#2"},
				"south": {"uv": [0, 1, 5.8, 2], "texture": "#2"},
				"west": {"uv": [0, 1, 5.8, 2], "texture": "#2"},
				"up": {"uv": [0, 1, 5.8, 2], "texture": "#2"},
				"down": {"uv": [0, 1, 5.8, 2], "texture": "#2"}
			}
		},
		{
			"from": [5.59099, 0.015, 11.4604],
			"to": [7.24099, 16.015, 12.3604],
			"rotation": {"angle": -45, "axis": "y", "origin": [7.735, 0, 12.25]},
			"faces": {
				"north": {"uv": [0, 1, 6, 2], "texture": "#2"},
				"east": {"uv": [0, 1, 6, 2], "texture": "#2"},
				"south": {"uv": [0, 1, 6, 2], "texture": "#2"},
				"west": {"uv": [0, 1, 6, 2], "texture": "#2"},
				"up": {"uv": [0, 1, 6, 2], "texture": "#2"},
				"down": {"uv": [0, 1, 6, 2], "texture": "#2"}
			}
		},
		{
			"from": [6.15779, 0.015, 12.04221],
			"to": [8.25779, 16.015, 12.94221],
			"rotation": {"angle": 45, "axis": "y", "origin": [7.735, 0, 12.7]},
			"faces": {
				"north": {"uv": [0, 1, 6, 2], "texture": "#2"},
				"east": {"uv": [0, 1, 6, 2], "texture": "#2"},
				"south": {"uv": [0, 1, 6, 2], "texture": "#2"},
				"west": {"uv": [0, 1, 6, 2], "texture": "#2"},
				"up": {"uv": [0, 1, 6, 2], "texture": "#2"},
				"down": {"uv": [0, 1, 6, 2], "texture": "#2"}
			}
		},
		{
			"from": [8.035, 0.015, 10.045],
			"to": [8.935, 16.015, 11.545],
			"rotation": {"angle": 22.5, "axis": "y", "origin": [7.735, 0, 13.3]},
			"faces": {
				"north": {"uv": [6, 1, 12, 2], "rotation": 90, "texture": "#2"},
				"east": {"uv": [6, 1, 12, 2], "rotation": 90, "texture": "#2"},
				"south": {"uv": [6, 1, 12, 2], "rotation": 90, "texture": "#2"},
				"west": {"uv": [6, 1, 12, 2], "rotation": 90, "texture": "#2"},
				"up": {"uv": [6, 1, 12, 2], "rotation": 90, "texture": "#2"},
				"down": {"uv": [6, 1, 12, 2], "rotation": 90, "texture": "#2"}
			}
		},
		{
			"from": [8.035, 0.015, 12.91],
			"to": [8.935, 16.015, 14.11],
			"rotation": {"angle": -22.5, "axis": "y", "origin": [7.735, 0, 10.9]},
			"faces": {
				"north": {"uv": [6, 0, 12, 1], "rotation": 90, "texture": "#2"},
				"east": {"uv": [6, 0, 12, 1], "rotation": 90, "texture": "#2"},
				"south": {"uv": [6, 0, 12, 1], "rotation": 90, "texture": "#2"},
				"west": {"uv": [6, 0, 12, 1], "rotation": 90, "texture": "#2"},
				"up": {"uv": [6, 0, 12, 1], "rotation": 90, "texture": "#2"},
				"down": {"uv": [6, 0, 12, 1], "rotation": 90, "texture": "#2"}
			}
		},
		{
			"from": [5.815, 0.015, 11.62],
			"to": [7.465, 16.015, 12.55],
			"rotation": {"angle": 0, "axis": "y", "origin": [7.735, 0, 10.9]},
			"faces": {
				"north": {"uv": [0, 1, 6.2, 2], "texture": "#2"},
				"east": {"uv": [0, 1, 6.2, 2], "texture": "#2"},
				"south": {"uv": [0, 1, 6.2, 2], "texture": "#2"},
				"west": {"uv": [0, 1, 6.2, 2], "texture": "#2"},
				"up": {"uv": [0, 1, 6.2, 2], "texture": "#2"},
				"down": {"uv": [0, 1, 6.2, 2], "texture": "#2"}
			}
		},
		{
			"from": [7.45, 0.015, 3.325],
			"to": [9.85, 16.015, 4.195],
			"rotation": {"angle": 22.5, "axis": "y", "origin": [8.35, 0, 2.8]},
			"faces": {
				"north": {"uv": [0, 0, 5.8, 1], "texture": "#2"},
				"east": {"uv": [0, 0, 5.8, 1], "texture": "#2"},
				"south": {"uv": [0, 0, 5.8, 1], "texture": "#2"},
				"west": {"uv": [0, 0, 5.8, 1], "texture": "#2"},
				"up": {"uv": [0, 0, 5.8, 1], "texture": "#2"},
				"down": {"uv": [0, 0, 5.8, 1], "texture": "#2"}
			}
		},
		{
			"from": [8.35, 0.015, 3.58],
			"to": [10.75, 16.015, 4.45],
			"rotation": {"angle": -22.5, "axis": "y", "origin": [8.35, 0, 2.8]},
			"faces": {
				"north": {"uv": [0, 0, 5.8, 1], "texture": "#2"},
				"east": {"uv": [0, 0, 5.8, 1], "texture": "#2"},
				"south": {"uv": [0, 0, 5.8, 1], "texture": "#2"},
				"west": {"uv": [0, 0, 5.8, 1], "texture": "#2"},
				"up": {"uv": [0, 0, 5.8, 1], "texture": "#2"},
				"down": {"uv": [0, 0, 5.8, 1], "texture": "#2"}
			}
		},
		{
			"from": [8.24401, 0.015, 3.36041],
			"to": [10.49401, 16.015, 4.26041],
			"rotation": {"angle": 45, "axis": "y", "origin": [8.35, 0, 4.15]},
			"faces": {
				"north": {"uv": [0, 0, 6, 1], "texture": "#2"},
				"east": {"uv": [0, 0, 6, 1], "texture": "#2"},
				"south": {"uv": [0, 0, 6, 1], "texture": "#2"},
				"west": {"uv": [0, 0, 6, 1], "texture": "#2"},
				"up": {"uv": [0, 0, 6, 1], "texture": "#2"},
				"down": {"uv": [0, 0, 6, 1], "texture": "#2"}
			}
		},
		{
			"from": [7.82721, 0.015, 3.94221],
			"to": [9.92721, 16.015, 4.84221],
			"rotation": {"angle": -45, "axis": "y", "origin": [8.35, 0, 4.6]},
			"faces": {
				"north": {"uv": [0, 0, 6, 1], "texture": "#2"},
				"east": {"uv": [0, 0, 6, 1], "texture": "#2"},
				"south": {"uv": [0, 0, 6, 1], "texture": "#2"},
				"west": {"uv": [0, 0, 6, 1], "texture": "#2"},
				"up": {"uv": [0, 0, 6, 1], "texture": "#2"},
				"down": {"uv": [0, 0, 6, 1], "texture": "#2"}
			}
		},
		{
			"from": [7.15, 0.015, 1.945],
			"to": [8.05, 16.015, 3.745],
			"rotation": {"angle": -22.5, "axis": "y", "origin": [8.35, 0, 5.2]},
			"faces": {
				"north": {"uv": [0, 1, 6, 2], "rotation": 90, "texture": "#2"},
				"east": {"uv": [0, 1, 6, 2], "rotation": 90, "texture": "#2"},
				"south": {"uv": [0, 1, 6, 2], "rotation": 90, "texture": "#2"},
				"west": {"uv": [0, 1, 6, 2], "rotation": 90, "texture": "#2"},
				"up": {"uv": [0, 1, 6, 2], "rotation": 90, "texture": "#2"},
				"down": {"uv": [0, 1, 6, 2], "rotation": 90, "texture": "#2"}
			}
		},
		{
			"from": [7.585, 0.015, 1.735],
			"to": [8.485, 16.015, 3.985],
			"rotation": {"angle": 0, "axis": "y", "origin": [8.35, 0, 5.2]},
			"faces": {
				"north": {"uv": [0, 1, 6, 2], "rotation": 90, "texture": "#2"},
				"east": {"uv": [0, 1, 6, 2], "rotation": 90, "texture": "#2"},
				"south": {"uv": [0, 1, 6, 2], "rotation": 90, "texture": "#2"},
				"west": {"uv": [0, 1, 6, 2], "rotation": 90, "texture": "#2"},
				"up": {"uv": [0, 1, 6, 2], "rotation": 90, "texture": "#2"},
				"down": {"uv": [0, 1, 6, 2], "rotation": 90, "texture": "#2"}
			}
		},
		{
			"from": [7.57, 0.015, 3.82],
			"to": [8.47, 16.015, 6.22],
			"rotation": {"angle": 0, "axis": "y", "origin": [8.35, 0, 2.8]},
			"faces": {
				"north": {"uv": [0, 0, 6, 1], "rotation": 90, "texture": "#2"},
				"east": {"uv": [0, 0, 6, 1], "rotation": 90, "texture": "#2"},
				"south": {"uv": [0, 0, 6, 1], "rotation": 90, "texture": "#2"},
				"west": {"uv": [0, 0, 6, 1], "rotation": 90, "texture": "#2"},
				"up": {"uv": [0, 0, 6, 1], "rotation": 90, "texture": "#2"},
				"down": {"uv": [0, 0, 6, 1], "rotation": 90, "texture": "#2"}
			}
		},
		{
			"from": [7.15, 0.015, 4.66],
			"to": [8.05, 16.015, 6.01],
			"rotation": {"angle": 22.5, "axis": "y", "origin": [8.35, 0, 2.8]},
			"faces": {
				"north": {"uv": [0, 0, 6, 1], "rotation": 90, "texture": "#2"},
				"east": {"uv": [0, 0, 6, 1], "rotation": 90, "texture": "#2"},
				"south": {"uv": [0, 0, 6, 1], "rotation": 90, "texture": "#2"},
				"west": {"uv": [0, 0, 6, 1], "rotation": 90, "texture": "#2"},
				"up": {"uv": [0, 0, 6, 1], "rotation": 90, "texture": "#2"},
				"down": {"uv": [0, 0, 6, 1], "rotation": 90, "texture": "#2"}
			}
		},
		{
			"from": [8.92, 0.015, 3.52],
			"to": [10.27, 16.015, 4.45],
			"rotation": {"angle": 0, "axis": "y", "origin": [8.35, 0, 2.8]},
			"faces": {
				"north": {"uv": [0, 0, 6.2, 1], "texture": "#2"},
				"east": {"uv": [0, 0, 6.2, 1], "texture": "#2"},
				"south": {"uv": [0, 0, 6.2, 1], "texture": "#2"},
				"west": {"uv": [0, 0, 6.2, 1], "texture": "#2"},
				"up": {"uv": [0, 0, 6.2, 1], "texture": "#2"},
				"down": {"uv": [0, 0, 6.2, 1], "texture": "#2"}
			}
		},
		{
			"from": [6.235, 0.015, 3.325],
			"to": [8.185, 16.015, 4.195],
			"rotation": {"angle": -22.5, "axis": "y", "origin": [7.735, 0, 2.8]},
			"faces": {
				"north": {"uv": [0, 1, 5.8, 2], "texture": "#2"},
				"east": {"uv": [0, 1, 5.8, 2], "texture": "#2"},
				"south": {"uv": [0, 1, 5.8, 2], "texture": "#2"},
				"west": {"uv": [0, 1, 5.8, 2], "texture": "#2"},
				"up": {"uv": [0, 1, 5.8, 2], "texture": "#2"},
				"down": {"uv": [0, 1, 5.8, 2], "texture": "#2"}
			}
		},
		{
			"from": [5.335, 0.015, 3.58],
			"to": [7.435, 16.015, 4.45],
			"rotation": {"angle": 22.5, "axis": "y", "origin": [7.735, 0, 2.8]},
			"faces": {
				"north": {"uv": [0, 1, 5.8, 2], "texture": "#2"},
				"east": {"uv": [0, 1, 5.8, 2], "texture": "#2"},
				"south": {"uv": [0, 1, 5.8, 2], "texture": "#2"},
				"west": {"uv": [0, 1, 5.8, 2], "texture": "#2"},
				"up": {"uv": [0, 1, 5.8, 2], "texture": "#2"},
				"down": {"uv": [0, 1, 5.8, 2], "texture": "#2"}
			}
		},
		{
			"from": [5.59099, 0.015, 3.36041],
			"to": [7.24099, 16.015, 4.26041],
			"rotation": {"angle": -45, "axis": "y", "origin": [7.735, 0, 4.15]},
			"faces": {
				"north": {"uv": [0, 1, 6, 2], "texture": "#2"},
				"east": {"uv": [0, 1, 6, 2], "texture": "#2"},
				"south": {"uv": [0, 1, 6, 2], "texture": "#2"},
				"west": {"uv": [0, 1, 6, 2], "texture": "#2"},
				"up": {"uv": [0, 1, 6, 2], "texture": "#2"},
				"down": {"uv": [0, 1, 6, 2], "texture": "#2"}
			}
		},
		{
			"from": [6.15779, 0.015, 3.94221],
			"to": [8.25779, 16.015, 4.84221],
			"rotation": {"angle": 45, "axis": "y", "origin": [7.735, 0, 4.6]},
			"faces": {
				"north": {"uv": [0, 1, 6, 2], "texture": "#2"},
				"east": {"uv": [0, 1, 6, 2], "texture": "#2"},
				"south": {"uv": [0, 1, 6, 2], "texture": "#2"},
				"west": {"uv": [0, 1, 6, 2], "texture": "#2"},
				"up": {"uv": [0, 1, 6, 2], "texture": "#2"},
				"down": {"uv": [0, 1, 6, 2], "texture": "#2"}
			}
		},
		{
			"from": [8.035, 0.015, 1.945],
			"to": [8.935, 16.015, 3.445],
			"rotation": {"angle": 22.5, "axis": "y", "origin": [7.735, 0, 5.2]},
			"faces": {
				"north": {"uv": [6, 1, 12, 2], "rotation": 90, "texture": "#2"},
				"east": {"uv": [6, 1, 12, 2], "rotation": 90, "texture": "#2"},
				"south": {"uv": [6, 1, 12, 2], "rotation": 90, "texture": "#2"},
				"west": {"uv": [6, 1, 12, 2], "rotation": 90, "texture": "#2"},
				"up": {"uv": [6, 1, 12, 2], "rotation": 90, "texture": "#2"},
				"down": {"uv": [6, 1, 12, 2], "rotation": 90, "texture": "#2"}
			}
		},
		{
			"from": [8.035, 0.015, 4.81],
			"to": [8.935, 16.015, 6.01],
			"rotation": {"angle": -22.5, "axis": "y", "origin": [7.735, 0, 2.8]},
			"faces": {
				"north": {"uv": [6, 0, 12, 1], "rotation": 90, "texture": "#2"},
				"east": {"uv": [6, 0, 12, 1], "rotation": 90, "texture": "#2"},
				"south": {"uv": [6, 0, 12, 1], "rotation": 90, "texture": "#2"},
				"west": {"uv": [6, 0, 12, 1], "rotation": 90, "texture": "#2"},
				"up": {"uv": [6, 0, 12, 1], "rotation": 90, "texture": "#2"},
				"down": {"uv": [6, 0, 12, 1], "rotation": 90, "texture": "#2"}
			}
		},
		{
			"from": [5.815, 0.015, 3.52],
			"to": [7.465, 16.015, 4.45],
			"rotation": {"angle": 0, "axis": "y", "origin": [7.735, 0, 2.8]},
			"faces": {
				"north": {"uv": [0, 1, 6.2, 2], "texture": "#2"},
				"east": {"uv": [0, 1, 6.2, 2], "texture": "#2"},
				"south": {"uv": [0, 1, 6.2, 2], "texture": "#2"},
				"west": {"uv": [0, 1, 6.2, 2], "texture": "#2"},
				"up": {"uv": [0, 1, 6.2, 2], "texture": "#2"},
				"down": {"uv": [0, 1, 6.2, 2], "texture": "#2"}
			}
		},
		{
			"from": [0, 0, 0],
			"to": [8, 0.11, 16],
			"faces": {
				"north": {"uv": [0, 0, 8, 16], "texture": "#3"},
				"east": {"uv": [0, 0, 8, 16], "texture": "#3"},
				"south": {"uv": [0, 0, 8, 16], "texture": "#3"},
				"west": {"uv": [0, 0, 8, 16], "texture": "#3"},
				"up": {"uv": [0, 0, 8, 16], "texture": "#3"},
				"down": {"uv": [0, 0, 8, 16], "texture": "#3"}
			}
		}
	],
	"display": {
		"thirdperson_righthand": {
			"translation": [0, 2, 0],
			"scale": [0.25, 0.25, 0.25]
		},
		"thirdperson_lefthand": {
			"translation": [0, 2, 0],
			"scale": [0.25, 0.25, 0.25]
		},
		"firstperson_righthand": {
			"translation": [0, 2, 0],
			"scale": [0.25, 0.25, 0.25]
		},
		"firstperson_lefthand": {
			"translation": [0, 2, 0],
			"scale": [0.25, 0.25, 0.25]
		},
		"ground": {
			"translation": [0, 2, 0],
			"scale": [0.5, 0.5, 0.5]
		},
		"gui": {
			"rotation": [45, 22.5, -22.5],
			"scale": [0.6, 0.6, 0.6]
		},
		"head": {
			"rotation": [90, 0, 0],
			"translation": [0, 13, 0],
			"scale": [0.9, 4, 0.9]
		},
		"fixed": {
			"scale": [0.5, 0.5, 0.5]
		}
	},
	"groups": [
		0,
		{
			"name": "group",
			"origin": [8, 8, 8],
			"color": 0,
			"children": [
				{
					"name": "group",
					"origin": [0, 0, 0],
					"color": 0,
					"children": [1, 2, 3, 4, 5, 6, 7, 8, 9, 10, 11, 12, 13, 14, 15, 16]
				},
				{
					"name": "group",
					"origin": [0, 0, 0],
					"color": 0,
					"children": [17, 18, 19, 20, 21, 22, 23, 24, 25, 26, 27, 28, 29, 30, 31, 32]
				}
			]
		},
		33
	]
}