{
	"credit": "Made by TeleMinecraft (Storbo)",
	"textures": {
		"1": "block/stone",
		"2": "block/white_concrete",
		"3": "block/random/grass_block_top",
		"particle": "block/stone"
	},
	"elements": [
		{
			"from": [0, 0, -4],
			"to": [23, 8, 4],
			"rotation": {"angle": -45, "axis": "y", "origin": [0, 0, 0]},
			"faces": {
				"north": {"uv": [0, 0, 16, 8], "texture": "#1"},
				"east": {"uv": [0, 0, 8, 8], "texture": "#1"},
				"south": {"uv": [0, 0, 16, 8], "texture": "#1"},
				"west": {"uv": [0, 0, 8, 8], "texture": "#1"},
				"up": {"uv": [0, 0, 16, 8], "texture": "#1"},
				"down": {"uv": [0, 0, 16, 8], "texture": "#1"}
			}
		},
		{
			"from": [2.175, 0.015, 1],
			"to": [3.045, 16.015, 3.4],
			"rotation": {"angle": 22.5, "axis": "y", "origin": [1.65, 0, 2.5]},
			"faces": {
				"north": {"uv": [0, 0, 0, 0], "texture": "#2"},
				"east": {"uv": [0, 0, 0, 0], "texture": "#2"},
				"south": {"uv": [0, 0, 0, 0], "texture": "#2"},
				"west": {"uv": [0, 0, 0, 0], "texture": "#2"},
				"up": {"uv": [0, 0, 0, 0], "texture": "#2"},
				"down": {"uv": [0, 0, 0, 0], "texture": "#2"}
			}
		},
		{
			"from": [2.43, 0.015, 0.1],
			"to": [3.3, 16.015, 2.5],
			"rotation": {"angle": -22.5, "axis": "y", "origin": [1.65, 0, 2.5]},
			"faces": {
				"north": {"uv": [0, 0, 0, 0], "texture": "#2"},
				"east": {"uv": [0, 0, 0, 0], "texture": "#2"},
				"south": {"uv": [0, 0, 0, 0], "texture": "#2"},
				"west": {"uv": [0, 0, 0, 0], "texture": "#2"},
				"up": {"uv": [0, 0, 0, 0], "texture": "#2"},
				"down": {"uv": [0, 0, 0, 0], "texture": "#2"}
			}
		},
		{
			"from": [2.21041, 0.015, 0.35599],
			"to": [3.11041, 16.015, 2.60599],
			"rotation": {"angle": 45, "axis": "y", "origin": [3, 0, 2.5]},
			"faces": {
				"north": {"uv": [0, 0, 0, 0], "texture": "#2"},
				"east": {"uv": [0, 0, 0, 0], "texture": "#2"},
				"south": {"uv": [0, 0, 0, 0], "texture": "#2"},
				"west": {"uv": [0, 0, 0, 0], "texture": "#2"},
				"up": {"uv": [0, 0, 0, 0], "texture": "#2"},
				"down": {"uv": [0, 0, 0, 0], "texture": "#2"}
			}
		},
		{
			"from": [2.79221, 0.015, 0.92279],
			"to": [3.69221, 16.015, 3.02279],
			"rotation": {"angle": -45, "axis": "y", "origin": [3.45, 0, 2.5]},
			"faces": {
				"north": {"uv": [0, 0, 0, 0], "texture": "#2"},
				"east": {"uv": [0, 0, 0, 0], "texture": "#2"},
				"south": {"uv": [0, 0, 0, 0], "texture": "#2"},
				"west": {"uv": [0, 0, 0, 0], "texture": "#2"},
				"up": {"uv": [0, 0, 0, 0], "texture": "#2"},
				"down": {"uv": [0, 0, 0, 0], "texture": "#2"}
			}
		},
		{
			"from": [0.795, 0.015, 2.8],
			"to": [2.595, 16.015, 3.7],
			"rotation": {"angle": -22.5, "axis": "y", "origin": [4.05, 0, 2.5]},
			"faces": {
				"north": {"uv": [0, 1, 0, 0], "rotation": 90, "texture": "#2"},
				"east": {"uv": [0, 1, 0, 0], "rotation": 90, "texture": "#2"},
				"south": {"uv": [0, 1, 0, 0], "rotation": 90, "texture": "#2"},
				"west": {"uv": [0, 1, 0, 0], "rotation": 90, "texture": "#2"},
				"up": {"uv": [0, 1, 0, 0], "rotation": 90, "texture": "#2"},
				"down": {"uv": [0, 1, 0, 0], "rotation": 90, "texture": "#2"}
			}
		},
		{
			"from": [0.585, 0.015, 2.365],
			"to": [2.835, 16.015, 3.265],
			"rotation": {"angle": 0, "axis": "y", "origin": [4.05, 0, 2.5]},
			"faces": {
				"north": {"uv": [0, 1, 0, 0], "rotation": 90, "texture": "#2"},
				"east": {"uv": [0, 1, 0, 0], "rotation": 90, "texture": "#2"},
				"south": {"uv": [0, 1, 0, 0], "rotation": 90, "texture": "#2"},
				"west": {"uv": [0, 1, 0, 0], "rotation": 90, "texture": "#2"},
				"up": {"uv": [0, 1, 0, 0], "rotation": 90, "texture": "#2"},
				"down": {"uv": [0, 1, 0, 0], "rotation": 90, "texture": "#2"}
			}
		},
		{
			"from": [2.67, 0.015, 2.38],
			"to": [5.07, 16.015, 3.28],
			"rotation": {"angle": 0, "axis": "y", "origin": [1.65, 0, 2.5]},
			"faces": {
				"north": {"uv": [0, 0, 0, 0], "rotation": 90, "texture": "#2"},
				"east": {"uv": [0, 0, 0, 0], "rotation": 90, "texture": "#2"},
				"south": {"uv": [0, 0, 0, 0], "rotation": 90, "texture": "#2"},
				"west": {"uv": [0, 0, 0, 0], "rotation": 90, "texture": "#2"},
				"up": {"uv": [0, 0, 0, 0], "rotation": 90, "texture": "#2"},
				"down": {"uv": [0, 0, 0, 0], "rotation": 90, "texture": "#2"}
			}
		},
		{
			"from": [3.51, 0.015, 2.8],
			"to": [4.86, 16.015, 3.7],
			"rotation": {"angle": 22.5, "axis": "y", "origin": [1.65, 0, 2.5]},
			"faces": {
				"north": {"uv": [0, 0, 0, 0], "rotation": 90, "texture": "#2"},
				"east": {"uv": [0, 0, 0, 0], "rotation": 90, "texture": "#2"},
				"south": {"uv": [0, 0, 0, 0], "rotation": 90, "texture": "#2"},
				"west": {"uv": [0, 0, 0, 0], "rotation": 90, "texture": "#2"},
				"up": {"uv": [0, 0, 0, 0], "rotation": 90, "texture": "#2"},
				"down": {"uv": [0, 0, 0, 0], "rotation": 90, "texture": "#2"}
			}
		},
		{
			"from": [2.37, 0.015, 0.58],
			"to": [3.3, 16.015, 1.93],
			"rotation": {"angle": 0, "axis": "y", "origin": [1.65, 0, 2.5]},
			"faces": {
				"north": {"uv": [0, 0, 0, 0], "texture": "#2"},
				"east": {"uv": [0, 0, 0, 0], "texture": "#2"},
				"south": {"uv": [0, 0, 0, 0], "texture": "#2"},
				"west": {"uv": [0, 0, 0, 0], "texture": "#2"},
				"up": {"uv": [0, 0, 0, 0], "texture": "#2"},
				"down": {"uv": [0, 0, 0, 0], "texture": "#2"}
			}
		},
		{
			"from": [2.175, 0.015, 2.665],
			"to": [3.045, 16.015, 4.615],
			"rotation": {"angle": -22.5, "axis": "y", "origin": [1.65, 0, 3.115]},
			"faces": {
				"north": {"uv": [0, 1, 0, 0], "texture": "#2"},
				"east": {"uv": [0, 1, 0, 0], "texture": "#2"},
				"south": {"uv": [0, 1, 0, 0], "texture": "#2"},
				"west": {"uv": [0, 1, 0, 0], "texture": "#2"},
				"up": {"uv": [0, 1, 0, 0], "texture": "#2"},
				"down": {"uv": [0, 1, 0, 0], "texture": "#2"}
			}
		},
		{
			"from": [2.43, 0.015, 3.415],
			"to": [3.3, 16.015, 5.515],
			"rotation": {"angle": 22.5, "axis": "y", "origin": [1.65, 0, 3.115]},
			"faces": {
				"north": {"uv": [0, 1, 0, 0], "texture": "#2"},
				"east": {"uv": [0, 1, 0, 0], "texture": "#2"},
				"south": {"uv": [0, 1, 0, 0], "texture": "#2"},
				"west": {"uv": [0, 1, 0, 0], "texture": "#2"},
				"up": {"uv": [0, 1, 0, 0], "texture": "#2"},
				"down": {"uv": [0, 1, 0, 0], "texture": "#2"}
			}
		},
		{
			"from": [2.21041, 0.015, 3.60901],
			"to": [3.11041, 16.015, 5.25901],
			"rotation": {"angle": -45, "axis": "y", "origin": [3, 0, 3.115]},
			"faces": {
				"north": {"uv": [0, 1, 0, 0], "texture": "#2"},
				"east": {"uv": [0, 1, 0, 0], "texture": "#2"},
				"south": {"uv": [0, 1, 0, 0], "texture": "#2"},
				"west": {"uv": [0, 1, 0, 0], "texture": "#2"},
				"up": {"uv": [0, 1, 0, 0], "texture": "#2"},
				"down": {"uv": [0, 1, 0, 0], "texture": "#2"}
			}
		},
		{
			"from": [2.79221, 0.015, 2.59221],
			"to": [3.69221, 16.015, 4.69221],
			"rotation": {"angle": 45, "axis": "y", "origin": [3.45, 0, 3.115]},
			"faces": {
				"north": {"uv": [0, 1, 0, 0], "texture": "#2"},
				"east": {"uv": [0, 1, 0, 0], "texture": "#2"},
				"south": {"uv": [0, 1, 0, 0], "texture": "#2"},
				"west": {"uv": [0, 1, 0, 0], "texture": "#2"},
				"up": {"uv": [0, 1, 0, 0], "texture": "#2"},
				"down": {"uv": [0, 1, 0, 0], "texture": "#2"}
			}
		},
		{
			"from": [0.795, 0.015, 1.915],
			"to": [2.295, 16.015, 2.815],
			"rotation": {"angle": 22.5, "axis": "y", "origin": [4.05, 0, 3.115]},
			"faces": {
				"north": {"uv": [0, 1, 0, 0], "rotation": 90, "texture": "#2"},
				"east": {"uv": [0, 1, 0, 0], "rotation": 90, "texture": "#2"},
				"south": {"uv": [0, 1, 0, 0], "rotation": 90, "texture": "#2"},
				"west": {"uv": [0, 1, 0, 0], "rotation": 90, "texture": "#2"},
				"up": {"uv": [0, 1, 0, 0], "rotation": 90, "texture": "#2"},
				"down": {"uv": [0, 1, 0, 0], "rotation": 90, "texture": "#2"}
			}
		},
		{
			"from": [3.66, 0.015, 1.915],
			"to": [4.86, 16.015, 2.815],
			"rotation": {"angle": -22.5, "axis": "y", "origin": [1.65, 0, 3.115]},
			"faces": {
				"north": {"uv": [0, 0, 0, 0], "rotation": 90, "texture": "#2"},
				"east": {"uv": [0, 0, 0, 0], "rotation": 90, "texture": "#2"},
				"south": {"uv": [0, 0, 0, 0], "rotation": 90, "texture": "#2"},
				"west": {"uv": [0, 0, 0, 0], "rotation": 90, "texture": "#2"},
				"up": {"uv": [0, 0, 0, 0], "rotation": 90, "texture": "#2"},
				"down": {"uv": [0, 0, 0, 0], "rotation": 90, "texture": "#2"}
			}
		},
		{
			"from": [2.37, 0.015, 3.385],
			"to": [3.3, 16.015, 5.035],
			"rotation": {"angle": 0, "axis": "y", "origin": [1.65, 0, 3.115]},
			"faces": {
				"north": {"uv": [0, 1, 0, 0], "texture": "#2"},
				"east": {"uv": [0, 1, 0, 0], "texture": "#2"},
				"south": {"uv": [0, 1, 0, 0], "texture": "#2"},
				"west": {"uv": [0, 1, 0, 0], "texture": "#2"},
				"up": {"uv": [0, 1, 0, 0], "texture": "#2"},
				"down": {"uv": [0, 1, 0, 0], "texture": "#2"}
			}
		},
		{
			"from": [7.375, 0.015, 6.2],
			"to": [8.245, 16.015, 8.6],
			"rotation": {"angle": 22.5, "axis": "y", "origin": [6.85, 0, 7.7]},
			"faces": {
				"north": {"uv": [0, 0, 0, 0], "texture": "#2"},
				"east": {"uv": [0, 0, 0, 0], "texture": "#2"},
				"south": {"uv": [0, 0, 0, 0], "texture": "#2"},
				"west": {"uv": [0, 0, 0, 0], "texture": "#2"},
				"up": {"uv": [0, 0, 0, 0], "texture": "#2"},
				"down": {"uv": [0, 0, 0, 0], "texture": "#2"}
			}
		},
		{
			"from": [7.63, 0.015, 5.3],
			"to": [8.5, 16.015, 7.7],
			"rotation": {"angle": -22.5, "axis": "y", "origin": [6.85, 0, 7.7]},
			"faces": {
				"north": {"uv": [0, 0, 0, 0], "texture": "#2"},
				"east": {"uv": [0, 0, 0, 0], "texture": "#2"},
				"south": {"uv": [0, 0, 0, 0], "texture": "#2"},
				"west": {"uv": [0, 0, 0, 0], "texture": "#2"},
				"up": {"uv": [0, 0, 0, 0], "texture": "#2"},
				"down": {"uv": [0, 0, 0, 0], "texture": "#2"}
			}
		},
		{
			"from": [7.4104, 0.015, 5.55599],
			"to": [8.3104, 16.015, 7.80599],
			"rotation": {"angle": 45, "axis": "y", "origin": [8.2, 0, 7.7]},
			"faces": {
				"north": {"uv": [0, 0, 0, 0], "texture": "#2"},
				"east": {"uv": [0, 0, 0, 0], "texture": "#2"},
				"south": {"uv": [0, 0, 0, 0], "texture": "#2"},
				"west": {"uv": [0, 0, 0, 0], "texture": "#2"},
				"up": {"uv": [0, 0, 0, 0], "texture": "#2"},
				"down": {"uv": [0, 0, 0, 0], "texture": "#2"}
			}
		},
		{
			"from": [7.99221, 0.015, 6.12279],
			"to": [8.89221, 16.015, 8.22279],
			"rotation": {"angle": -45, "axis": "y", "origin": [8.65, 0, 7.7]},
			"faces": {
				"north": {"uv": [0, 0, 0, 0], "texture": "#2"},
				"east": {"uv": [0, 0, 0, 0], "texture": "#2"},
				"south": {"uv": [0, 0, 0, 0], "texture": "#2"},
				"west": {"uv": [0, 0, 0, 0], "texture": "#2"},
				"up": {"uv": [0, 0, 0, 0], "texture": "#2"},
				"down": {"uv": [0, 0, 0, 0], "texture": "#2"}
			}
		},
		{
			"from": [5.995, 0.015, 8],
			"to": [7.795, 16.015, 8.9],
			"rotation": {"angle": -22.5, "axis": "y", "origin": [9.25, 0, 7.7]},
			"faces": {
				"north": {"uv": [0, 1, 0, 0], "rotation": 90, "texture": "#2"},
				"east": {"uv": [0, 1, 0, 0], "rotation": 90, "texture": "#2"},
				"south": {"uv": [0, 1, 0, 0], "rotation": 90, "texture": "#2"},
				"west": {"uv": [0, 1, 0, 0], "rotation": 90, "texture": "#2"},
				"up": {"uv": [0, 1, 0, 0], "rotation": 90, "texture": "#2"},
				"down": {"uv": [0, 1, 0, 0], "rotation": 90, "texture": "#2"}
			}
		},
		{
			"from": [5.785, 0.015, 7.565],
			"to": [8.035, 16.015, 8.465],
			"rotation": {"angle": 0, "axis": "y", "origin": [9.25, 0, 7.7]},
			"faces": {
				"north": {"uv": [0, 1, 0, 0], "rotation": 90, "texture": "#2"},
				"east": {"uv": [0, 1, 0, 0], "rotation": 90, "texture": "#2"},
				"south": {"uv": [0, 1, 0, 0], "rotation": 90, "texture": "#2"},
				"west": {"uv": [0, 1, 0, 0], "rotation": 90, "texture": "#2"},
				"up": {"uv": [0, 1, 0, 0], "rotation": 90, "texture": "#2"},
				"down": {"uv": [0, 1, 0, 0], "rotation": 90, "texture": "#2"}
			}
		},
		{
			"from": [7.87, 0.015, 7.58],
			"to": [10.27, 16.015, 8.48],
			"rotation": {"angle": 0, "axis": "y", "origin": [6.85, 0, 7.7]},
			"faces": {
				"north": {"uv": [0, 0, 0, 0], "rotation": 90, "texture": "#2"},
				"east": {"uv": [0, 0, 0, 0], "rotation": 90, "texture": "#2"},
				"south": {"uv": [0, 0, 0, 0], "rotation": 90, "texture": "#2"},
				"west": {"uv": [0, 0, 0, 0], "rotation": 90, "texture": "#2"},
				"up": {"uv": [0, 0, 0, 0], "rotation": 90, "texture": "#2"},
				"down": {"uv": [0, 0, 0, 0], "rotation": 90, "texture": "#2"}
			}
		},
		{
			"from": [8.71, 0.015, 8],
			"to": [10.06, 16.015, 8.9],
			"rotation": {"angle": 22.5, "axis": "y", "origin": [6.85, 0, 7.7]},
			"faces": {
				"north": {"uv": [0, 0, 0, 0], "rotation": 90, "texture": "#2"},
				"east": {"uv": [0, 0, 0, 0], "rotation": 90, "texture": "#2"},
				"south": {"uv": [0, 0, 0, 0], "rotation": 90, "texture": "#2"},
				"west": {"uv": [0, 0, 0, 0], "rotation": 90, "texture": "#2"},
				"up": {"uv": [0, 0, 0, 0], "rotation": 90, "texture": "#2"},
				"down": {"uv": [0, 0, 0, 0], "rotation": 90, "texture": "#2"}
			}
		},
		{
			"from": [7.57, 0.015, 5.78],
			"to": [8.5, 16.015, 7.13],
			"rotation": {"angle": 0, "axis": "y", "origin": [6.85, 0, 7.7]},
			"faces": {
				"north": {"uv": [0, 0, 0, 0], "texture": "#2"},
				"east": {"uv": [0, 0, 0, 0], "texture": "#2"},
				"south": {"uv": [0, 0, 0, 0], "texture": "#2"},
				"west": {"uv": [0, 0, 0, 0], "texture": "#2"},
				"up": {"uv": [0, 0, 0, 0], "texture": "#2"},
				"down": {"uv": [0, 0, 0, 0], "texture": "#2"}
			}
		},
		{
			"from": [7.375, 0.015, 7.865],
			"to": [8.245, 16.015, 9.815],
			"rotation": {"angle": -22.5, "axis": "y", "origin": [6.85, 0, 8.315]},
			"faces": {
				"north": {"uv": [0, 1, 0, 0], "texture": "#2"},
				"east": {"uv": [0, 1, 0, 0], "texture": "#2"},
				"south": {"uv": [0, 1, 0, 0], "texture": "#2"},
				"west": {"uv": [0, 1, 0, 0], "texture": "#2"},
				"up": {"uv": [0, 1, 0, 0], "texture": "#2"},
				"down": {"uv": [0, 1, 0, 0], "texture": "#2"}
			}
		},
		{
			"from": [7.63, 0.015, 8.615],
			"to": [8.5, 16.015, 10.715],
			"rotation": {"angle": 22.5, "axis": "y", "origin": [6.85, 0, 8.315]},
			"faces": {
				"north": {"uv": [0, 1, 0, 0], "texture": "#2"},
				"east": {"uv": [0, 1, 0, 0], "texture": "#2"},
				"south": {"uv": [0, 1, 0, 0], "texture": "#2"},
				"west": {"uv": [0, 1, 0, 0], "texture": "#2"},
				"up": {"uv": [0, 1, 0, 0], "texture": "#2"},
				"down": {"uv": [0, 1, 0, 0], "texture": "#2"}
			}
		},
		{
			"from": [7.4104, 0.015, 8.80901],
			"to": [8.3104, 16.015, 10.45901],
			"rotation": {"angle": -45, "axis": "y", "origin": [8.2, 0, 8.315]},
			"faces": {
				"north": {"uv": [0, 1, 0, 0], "texture": "#2"},
				"east": {"uv": [0, 1, 0, 0], "texture": "#2"},
				"south": {"uv": [0, 1, 0, 0], "texture": "#2"},
				"west": {"uv": [0, 1, 0, 0], "texture": "#2"},
				"up": {"uv": [0, 1, 0, 0], "texture": "#2"},
				"down": {"uv": [0, 1, 0, 0], "texture": "#2"}
			}
		},
		{
			"from": [7.99221, 0.015, 7.79221],
			"to": [8.89221, 16.015, 9.89221],
			"rotation": {"angle": 45, "axis": "y", "origin": [8.65, 0, 8.315]},
			"faces": {
				"north": {"uv": [0, 1, 0, 0], "texture": "#2"},
				"east": {"uv": [0, 1, 0, 0], "texture": "#2"},
				"south": {"uv": [0, 1, 0, 0], "texture": "#2"},
				"west": {"uv": [0, 1, 0, 0], "texture": "#2"},
				"up": {"uv": [0, 1, 0, 0], "texture": "#2"},
				"down": {"uv": [0, 1, 0, 0], "texture": "#2"}
			}
		},
		{
			"from": [5.995, 0.015, 7.115],
			"to": [7.495, 16.015, 8.015],
			"rotation": {"angle": 22.5, "axis": "y", "origin": [9.25, 0, 8.315]},
			"faces": {
				"north": {"uv": [0, 1, 0, 0], "rotation": 90, "texture": "#2"},
				"east": {"uv": [0, 1, 0, 0], "rotation": 90, "texture": "#2"},
				"south": {"uv": [0, 1, 0, 0], "rotation": 90, "texture": "#2"},
				"west": {"uv": [0, 1, 0, 0], "rotation": 90, "texture": "#2"},
				"up": {"uv": [0, 1, 0, 0], "rotation": 90, "texture": "#2"},
				"down": {"uv": [0, 1, 0, 0], "rotation": 90, "texture": "#2"}
			}
		},
		{
			"from": [8.86, 0.015, 7.115],
			"to": [10.06, 16.015, 8.015],
			"rotation": {"angle": -22.5, "axis": "y", "origin": [6.85, 0, 8.315]},
			"faces": {
				"north": {"uv": [0, 0, 0, 0], "rotation": 90, "texture": "#2"},
				"east": {"uv": [0, 0, 0, 0], "rotation": 90, "texture": "#2"},
				"south": {"uv": [0, 0, 0, 0], "rotation": 90, "texture": "#2"},
				"west": {"uv": [0, 0, 0, 0], "rotation": 90, "texture": "#2"},
				"up": {"uv": [0, 0, 0, 0], "rotation": 90, "texture": "#2"},
				"down": {"uv": [0, 0, 0, 0], "rotation": 90, "texture": "#2"}
			}
		},
		{
			"from": [7.57, 0.015, 8.585],
			"to": [8.5, 16.015, 10.235],
			"rotation": {"angle": 0, "axis": "y", "origin": [6.85, 0, 8.315]},
			"faces": {
				"north": {"uv": [0, 1, 0, 0], "texture": "#2"},
				"east": {"uv": [0, 1, 0, 0], "texture": "#2"},
				"south": {"uv": [0, 1, 0, 0], "texture": "#2"},
				"west": {"uv": [0, 1, 0, 0], "texture": "#2"},
				"up": {"uv": [0, 1, 0, 0], "texture": "#2"},
				"down": {"uv": [0, 1, 0, 0], "texture": "#2"}
			}
		},
		{
			"from": [12.675, 0.015, 11.5],
			"to": [13.545, 16.015, 13.9],
			"rotation": {"angle": 22.5, "axis": "y", "origin": [12.15, 0, 13]},
			"faces": {
				"north": {"uv": [0, 0, 0, 0], "texture": "#2"},
				"east": {"uv": [0, 0, 0, 0], "texture": "#2"},
				"south": {"uv": [0, 0, 0, 0], "texture": "#2"},
				"west": {"uv": [0, 0, 0, 0], "texture": "#2"},
				"up": {"uv": [0, 0, 0, 0], "texture": "#2"},
				"down": {"uv": [0, 0, 0, 0], "texture": "#2"}
			}
		},
		{
			"from": [12.93, 0.015, 10.6],
			"to": [13.8, 16.015, 13],
			"rotation": {"angle": -22.5, "axis": "y", "origin": [12.15, 0, 13]},
			"faces": {
				"north": {"uv": [0, 0, 0, 0], "texture": "#2"},
				"east": {"uv": [0, 0, 0, 0], "texture": "#2"},
				"south": {"uv": [0, 0, 0, 0], "texture": "#2"},
				"west": {"uv": [0, 0, 0, 0], "texture": "#2"},
				"up": {"uv": [0, 0, 0, 0], "texture": "#2"},
				"down": {"uv": [0, 0, 0, 0], "texture": "#2"}
			}
		},
		{
			"from": [12.7104, 0.015, 10.85599],
			"to": [13.6104, 16.015, 13.10599],
			"rotation": {"angle": 45, "axis": "y", "origin": [13.5, 0, 13]},
			"faces": {
				"north": {"uv": [0, 0, 0, 0], "texture": "#2"},
				"east": {"uv": [0, 0, 0, 0], "texture": "#2"},
				"south": {"uv": [0, 0, 0, 0], "texture": "#2"},
				"west": {"uv": [0, 0, 0, 0], "texture": "#2"},
				"up": {"uv": [0, 0, 0, 0], "texture": "#2"},
				"down": {"uv": [0, 0, 0, 0], "texture": "#2"}
			}
		},
		{
			"from": [13.29221, 0.015, 11.42279],
			"to": [14.19221, 16.015, 13.52279],
			"rotation": {"angle": -45, "axis": "y", "origin": [13.95, 0, 13]},
			"faces": {
				"north": {"uv": [0, 0, 0, 0], "texture": "#2"},
				"east": {"uv": [0, 0, 0, 0], "texture": "#2"},
				"south": {"uv": [0, 0, 0, 0], "texture": "#2"},
				"west": {"uv": [0, 0, 0, 0], "texture": "#2"},
				"up": {"uv": [0, 0, 0, 0], "texture": "#2"},
				"down": {"uv": [0, 0, 0, 0], "texture": "#2"}
			}
		},
		{
			"from": [11.295, 0.015, 13.3],
			"to": [13.095, 16.015, 14.2],
			"rotation": {"angle": -22.5, "axis": "y", "origin": [14.55, 0, 13]},
			"faces": {
				"north": {"uv": [0, 1, 0, 0], "rotation": 90, "texture": "#2"},
				"east": {"uv": [0, 1, 0, 0], "rotation": 90, "texture": "#2"},
				"south": {"uv": [0, 1, 0, 0], "rotation": 90, "texture": "#2"},
				"west": {"uv": [0, 1, 0, 0], "rotation": 90, "texture": "#2"},
				"up": {"uv": [0, 1, 0, 0], "rotation": 90, "texture": "#2"},
				"down": {"uv": [0, 1, 0, 0], "rotation": 90, "texture": "#2"}
			}
		},
		{
			"from": [11.085, 0.015, 12.865],
			"to": [13.335, 16.015, 13.765],
			"rotation": {"angle": 0, "axis": "y", "origin": [14.55, 0, 13]},
			"faces": {
				"north": {"uv": [0, 1, 0, 0], "rotation": 90, "texture": "#2"},
				"east": {"uv": [0, 1, 0, 0], "rotation": 90, "texture": "#2"},
				"south": {"uv": [0, 1, 0, 0], "rotation": 90, "texture": "#2"},
				"west": {"uv": [0, 1, 0, 0], "rotation": 90, "texture": "#2"},
				"up": {"uv": [0, 1, 0, 0], "rotation": 90, "texture": "#2"},
				"down": {"uv": [0, 1, 0, 0], "rotation": 90, "texture": "#2"}
			}
		},
		{
			"from": [13.17, 0.015, 12.88],
			"to": [15.57, 16.015, 13.78],
			"rotation": {"angle": 0, "axis": "y", "origin": [12.15, 0, 13]},
			"faces": {
				"north": {"uv": [0, 0, 0, 0], "rotation": 90, "texture": "#2"},
				"east": {"uv": [0, 0, 0, 0], "rotation": 90, "texture": "#2"},
				"south": {"uv": [0, 0, 0, 0], "rotation": 90, "texture": "#2"},
				"west": {"uv": [0, 0, 0, 0], "rotation": 90, "texture": "#2"},
				"up": {"uv": [0, 0, 0, 0], "rotation": 90, "texture": "#2"},
				"down": {"uv": [0, 0, 0, 0], "rotation": 90, "texture": "#2"}
			}
		},
		{
			"from": [14.01, 0.015, 13.3],
			"to": [15.36, 16.015, 14.2],
			"rotation": {"angle": 22.5, "axis": "y", "origin": [12.15, 0, 13]},
			"faces": {
				"north": {"uv": [0, 0, 0, 0], "rotation": 90, "texture": "#2"},
				"east": {"uv": [0, 0, 0, 0], "rotation": 90, "texture": "#2"},
				"south": {"uv": [0, 0, 0, 0], "rotation": 90, "texture": "#2"},
				"west": {"uv": [0, 0, 0, 0], "rotation": 90, "texture": "#2"},
				"up": {"uv": [0, 0, 0, 0], "rotation": 90, "texture": "#2"},
				"down": {"uv": [0, 0, 0, 0], "rotation": 90, "texture": "#2"}
			}
		},
		{
			"from": [12.87, 0.015, 11.08],
			"to": [13.8, 16.015, 12.43],
			"rotation": {"angle": 0, "axis": "y", "origin": [12.15, 0, 13]},
			"faces": {
				"north": {"uv": [0, 0, 0, 0], "texture": "#2"},
				"east": {"uv": [0, 0, 0, 0], "texture": "#2"},
				"south": {"uv": [0, 0, 0, 0], "texture": "#2"},
				"west": {"uv": [0, 0, 0, 0], "texture": "#2"},
				"up": {"uv": [0, 0, 0, 0], "texture": "#2"},
				"down": {"uv": [0, 0, 0, 0], "texture": "#2"}
			}
		},
		{
			"from": [12.675, 0.015, 13.165],
			"to": [13.545, 16.015, 15.115],
			"rotation": {"angle": -22.5, "axis": "y", "origin": [12.15, 0, 13.615]},
			"faces": {
				"north": {"uv": [0, 1, 0, 0], "texture": "#2"},
				"east": {"uv": [0, 1, 0, 0], "texture": "#2"},
				"south": {"uv": [0, 1, 0, 0], "texture": "#2"},
				"west": {"uv": [0, 1, 0, 0], "texture": "#2"},
				"up": {"uv": [0, 1, 0, 0], "texture": "#2"},
				"down": {"uv": [0, 1, 0, 0], "texture": "#2"}
			}
		},
		{
			"from": [12.93, 0.015, 13.915],
			"to": [13.8, 16.015, 16.015],
			"rotation": {"angle": 22.5, "axis": "y", "origin": [12.15, 0, 13.615]},
			"faces": {
				"north": {"uv": [0, 1, 0, 0], "texture": "#2"},
				"east": {"uv": [0, 1, 0, 0], "texture": "#2"},
				"south": {"uv": [0, 1, 0, 0], "texture": "#2"},
				"west": {"uv": [0, 1, 0, 0], "texture": "#2"},
				"up": {"uv": [0, 1, 0, 0], "texture": "#2"},
				"down": {"uv": [0, 1, 0, 0], "texture": "#2"}
			}
		},
		{
			"from": [12.7104, 0.015, 14.10901],
			"to": [13.6104, 16.015, 15.75901],
			"rotation": {"angle": -45, "axis": "y", "origin": [13.5, 0, 13.615]},
			"faces": {
				"north": {"uv": [0, 1, 0, 0], "texture": "#2"},
				"east": {"uv": [0, 1, 0, 0], "texture": "#2"},
				"south": {"uv": [0, 1, 0, 0], "texture": "#2"},
				"west": {"uv": [0, 1, 0, 0], "texture": "#2"},
				"up": {"uv": [0, 1, 0, 0], "texture": "#2"},
				"down": {"uv": [0, 1, 0, 0], "texture": "#2"}
			}
		},
		{
			"from": [13.29221, 0.015, 13.09221],
			"to": [14.19221, 16.015, 15.19221],
			"rotation": {"angle": 45, "axis": "y", "origin": [13.95, 0, 13.615]},
			"faces": {
				"north": {"uv": [0, 1, 0, 0], "texture": "#2"},
				"east": {"uv": [0, 1, 0, 0], "texture": "#2"},
				"south": {"uv": [0, 1, 0, 0], "texture": "#2"},
				"west": {"uv": [0, 1, 0, 0], "texture": "#2"},
				"up": {"uv": [0, 1, 0, 0], "texture": "#2"},
				"down": {"uv": [0, 1, 0, 0], "texture": "#2"}
			}
		},
		{
			"from": [11.295, 0.015, 12.415],
			"to": [12.795, 16.015, 13.315],
			"rotation": {"angle": 22.5, "axis": "y", "origin": [14.55, 0, 13.615]},
			"faces": {
				"north": {"uv": [0, 1, 0, 0], "rotation": 90, "texture": "#2"},
				"east": {"uv": [0, 1, 0, 0], "rotation": 90, "texture": "#2"},
				"south": {"uv": [0, 1, 0, 0], "rotation": 90, "texture": "#2"},
				"west": {"uv": [0, 1, 0, 0], "rotation": 90, "texture": "#2"},
				"up": {"uv": [0, 1, 0, 0], "rotation": 90, "texture": "#2"},
				"down": {"uv": [0, 1, 0, 0], "rotation": 90, "texture": "#2"}
			}
		},
		{
			"from": [14.16, 0.015, 12.415],
			"to": [15.36, 16.015, 13.315],
			"rotation": {"angle": -22.5, "axis": "y", "origin": [12.15, 0, 13.615]},
			"faces": {
				"north": {"uv": [0, 0, 0, 0], "rotation": 90, "texture": "#2"},
				"east": {"uv": [0, 0, 0, 0], "rotation": 90, "texture": "#2"},
				"south": {"uv": [0, 0, 0, 0], "rotation": 90, "texture": "#2"},
				"west": {"uv": [0, 0, 0, 0], "rotation": 90, "texture": "#2"},
				"up": {"uv": [0, 0, 0, 0], "rotation": 90, "texture": "#2"},
				"down": {"uv": [0, 0, 0, 0], "rotation": 90, "texture": "#2"}
			}
		},
		{
			"from": [12.87, 0.015, 13.885],
			"to": [13.8, 16.015, 15.535],
			"rotation": {"angle": 0, "axis": "y", "origin": [12.15, 0, 13.615]},
			"faces": {
				"north": {"uv": [0, 1, 0, 0], "texture": "#2"},
				"east": {"uv": [0, 1, 0, 0], "texture": "#2"},
				"south": {"uv": [0, 1, 0, 0], "texture": "#2"},
				"west": {"uv": [0, 1, 0, 0], "texture": "#2"},
				"up": {"uv": [0, 1, 0, 0], "texture": "#2"},
				"down": {"uv": [0, 1, 0, 0], "texture": "#2"}
			}
		},
		{
			"from": [-3, 0.01, 11],
			"to": [14, 0.01, 19],
			"faces": {
				"north": {"uv": [0, 0, 8, 16], "rotation": 270, "texture": "#3"},
				"east": {"uv": [0, 0, 8, 16], "rotation": 270, "texture": "#3"},
				"south": {"uv": [0, 0, 8, 16], "rotation": 270, "texture": "#3"},
				"west": {"uv": [0, 0, 8, 16], "rotation": 270, "texture": "#3"},
				"up": {"uv": [0, 0, 8, 16], "rotation": 270, "texture": "#3"},
				"down": {"uv": [0, 0, 8, 16], "rotation": 270, "texture": "#3"}
			}
		},
		{
			"from": [-3, 0.01, 3],
			"to": [9, 0.01, 11],
			"faces": {
				"north": {"uv": [0, 0, 5, 16], "texture": "#3"},
				"east": {"uv": [0, 0, 5, 16], "texture": "#3"},
				"south": {"uv": [0, 0, 5, 16], "texture": "#3"},
				"west": {"uv": [0, 0, 5, 16], "texture": "#3"},
				"up": {"uv": [0, 4, 8, 15.92308], "rotation": 270, "texture": "#3"},
				"down": {"uv": [0, 0, 5, 16], "rotation": 90, "texture": "#3"}
			}
		}
	],
	"display": {
		"thirdperson_righthand": {
			"translation": [0, 2, 0],
			"scale": [0.25, 0.25, 0.25]
		},
		"thirdperson_lefthand": {
			"translation": [0, 2, 0],
			"scale": [0.25, 0.25, 0.25]
		},
		"firstperson_righthand": {
			"translation": [0, 2, 0],
			"scale": [0.25, 0.25, 0.25]
		},
		"firstperson_lefthand": {
			"translation": [0, 2, 0],
			"scale": [0.25, 0.25, 0.25]
		},
		"ground": {
			"translation": [0, 2, 0],
			"scale": [0.5, 0.5, 0.5]
		},
		"gui": {
			"rotation": [45, 22.5, -22.5],
			"scale": [0.6, 0.6, 0.6]
		},
		"head": {
			"rotation": [90, 0, 0],
			"translation": [0, 13, 0],
			"scale": [0.9, 4, 0.9]
		},
		"fixed": {
			"scale": [0.5, 0.5, 0.5]
		}
	},
	"groups": [
		0,
		{
			"name": "group",
			"origin": [8, 8, 8],
			"color": 0,
			"children": [
				{
					"name": "group",
					"origin": [0, 0, 0],
					"color": 0,
					"children": [1, 2, 3, 4, 5, 6, 7, 8, 9, 10, 11, 12, 13, 14, 15, 16]
				},
				{
					"name": "group",
					"origin": [0, 0, 0],
					"color": 0,
					"children": [17, 18, 19, 20, 21, 22, 23, 24, 25, 26, 27, 28, 29, 30, 31, 32]
				},
				{
					"name": "group",
					"origin": [0, 0, 0],
					"color": 0,
					"children": [33, 34, 35, 36, 37, 38, 39, 40, 41, 42, 43, 44, 45, 46, 47, 48]
				}
			]
		},
		49,
		50
	]
}