{
	"credit": "Made by TeleMinecraft (Storbo)",
	"textures": {
		"2": "block/white_concrete"
	},
	"elements": [
		{
			"from": [3.275, 0.015, 6.2],
			"to": [4.145, 16.015, 8.6],
			"rotation": {"angle": 22.5, "axis": "y", "origin": [2.75, 0, 7.7]},
			"faces": {
				"north": {"uv": [0, 0, 0, 0], "texture": "#2"},
				"east": {"uv": [0, 0, 5.8, 1], "texture": "#2"},
				"south": {"uv": [0, 0, 5.8, 1], "texture": "#2"},
				"west": {"uv": [0, 0, 5.8, 1], "texture": "#2"},
				"up": {"uv": [0, 0, 5.8, 1], "texture": "#2"},
				"down": {"uv": [0, 0, 5.8, 1], "texture": "#2"}
			}
		},
		{
			"from": [3.53, 0.015, 5.3],
			"to": [4.4, 16.015, 7.7],
			"rotation": {"angle": -22.5, "axis": "y", "origin": [2.75, 0, 7.7]},
			"faces": {
				"north": {"uv": [0, 0, 0, 0], "texture": "#2"},
				"east": {"uv": [0, 0, 5.8, 1], "texture": "#2"},
				"south": {"uv": [0, 0, 5.8, 1], "texture": "#2"},
				"west": {"uv": [0, 0, 5.8, 1], "texture": "#2"},
				"up": {"uv": [0, 0, 5.8, 1], "texture": "#2"},
				"down": {"uv": [0, 0, 5.8, 1], "texture": "#2"}
			}
		},
		{
			"from": [3.31041, 0.015, 5.55599],
			"to": [4.21041, 16.015, 7.80599],
			"rotation": {"angle": 45, "axis": "y", "origin": [4.1, 0, 7.7]},
			"faces": {
				"north": {"uv": [0, 0, 0, 0], "texture": "#2"},
				"east": {"uv": [0, 0, 6, 1], "texture": "#2"},
				"south": {"uv": [0, 0, 6, 1], "texture": "#2"},
				"west": {"uv": [0, 0, 6, 1], "texture": "#2"},
				"up": {"uv": [0, 0, 6, 1], "texture": "#2"},
				"down": {"uv": [0, 0, 6, 1], "texture": "#2"}
			}
		},
		{
			"from": [3.89221, 0.015, 6.12279],
			"to": [4.79221, 16.015, 8.22279],
			"rotation": {"angle": -45, "axis": "y", "origin": [4.55, 0, 7.7]},
			"faces": {
				"north": {"uv": [0, 0, 0, 0], "texture": "#2"},
				"east": {"uv": [0, 0, 6, 1], "texture": "#2"},
				"south": {"uv": [0, 0, 6, 1], "texture": "#2"},
				"west": {"uv": [0, 0, 6, 1], "texture": "#2"},
				"up": {"uv": [0, 0, 6, 1], "texture": "#2"},
				"down": {"uv": [0, 0, 6, 1], "texture": "#2"}
			}
		},
		{
			"from": [1.895, 0.015, 8],
			"to": [3.695, 16.015, 8.9],
			"rotation": {"angle": -22.5, "axis": "y", "origin": [5.15, 0, 7.7]},
			"faces": {
				"north": {"uv": [0, 1, 0, 0], "rotation": 90, "texture": "#2"},
				"east": {"uv": [0, 1, 6, 2], "rotation": 90, "texture": "#2"},
				"south": {"uv": [0, 1, 6, 2], "rotation": 90, "texture": "#2"},
				"west": {"uv": [0, 1, 6, 2], "rotation": 90, "texture": "#2"},
				"up": {"uv": [0, 1, 6, 2], "rotation": 90, "texture": "#2"},
				"down": {"uv": [0, 1, 6, 2], "rotation": 90, "texture": "#2"}
			}
		},
		{
			"from": [1.685, 0.015, 7.565],
			"to": [3.935, 16.015, 8.465],
			"rotation": {"angle": 0, "axis": "y", "origin": [5.15, 0, 7.7]},
			"faces": {
				"north": {"uv": [0, 1, 0, 0], "rotation": 90, "texture": "#2"},
				"east": {"uv": [0, 1, 6, 2], "rotation": 90, "texture": "#2"},
				"south": {"uv": [0, 1, 6, 2], "rotation": 90, "texture": "#2"},
				"west": {"uv": [0, 1, 6, 2], "rotation": 90, "texture": "#2"},
				"up": {"uv": [0, 1, 6, 2], "rotation": 90, "texture": "#2"},
				"down": {"uv": [0, 1, 6, 2], "rotation": 90, "texture": "#2"}
			}
		},
		{
			"from": [3.77, 0.015, 7.58],
			"to": [6.17, 16.015, 8.48],
			"rotation": {"angle": 0, "axis": "y", "origin": [2.75, 0, 7.7]},
			"faces": {
				"north": {"uv": [0, 0, 0, 0], "rotation": 90, "texture": "#2"},
				"east": {"uv": [0, 0, 6, 1], "rotation": 90, "texture": "#2"},
				"south": {"uv": [0, 0, 6, 1], "rotation": 90, "texture": "#2"},
				"west": {"uv": [0, 0, 6, 1], "rotation": 90, "texture": "#2"},
				"up": {"uv": [0, 0, 6, 1], "rotation": 90, "texture": "#2"},
				"down": {"uv": [0, 0, 6, 1], "rotation": 90, "texture": "#2"}
			}
		},
		{
			"from": [4.61, 0.015, 8],
			"to": [5.96, 16.015, 8.9],
			"rotation": {"angle": 22.5, "axis": "y", "origin": [2.75, 0, 7.7]},
			"faces": {
				"north": {"uv": [0, 0, 0, 0], "rotation": 90, "texture": "#2"},
				"east": {"uv": [0, 0, 6, 1], "rotation": 90, "texture": "#2"},
				"south": {"uv": [0, 0, 6, 1], "rotation": 90, "texture": "#2"},
				"west": {"uv": [0, 0, 6, 1], "rotation": 90, "texture": "#2"},
				"up": {"uv": [0, 0, 6, 1], "rotation": 90, "texture": "#2"},
				"down": {"uv": [0, 0, 6, 1], "rotation": 90, "texture": "#2"}
			}
		},
		{
			"from": [3.47, 0.015, 5.78],
			"to": [4.4, 16.015, 7.13],
			"rotation": {"angle": 0, "axis": "y", "origin": [2.75, 0, 7.7]},
			"faces": {
				"north": {"uv": [0, 0, 0, 0], "texture": "#2"},
				"east": {"uv": [0, 0, 6.2, 1], "texture": "#2"},
				"south": {"uv": [0, 0, 6.2, 1], "texture": "#2"},
				"west": {"uv": [0, 0, 6.2, 1], "texture": "#2"},
				"up": {"uv": [0, 0, 6.2, 1], "texture": "#2"},
				"down": {"uv": [0, 0, 6.2, 1], "texture": "#2"}
			}
		},
		{
			"from": [3.275, 0.015, 7.865],
			"to": [4.145, 16.015, 9.815],
			"rotation": {"angle": -22.5, "axis": "y", "origin": [2.75, 0, 8.315]},
			"faces": {
				"north": {"uv": [0, 1, 0, 0], "texture": "#2"},
				"east": {"uv": [0, 1, 5.8, 2], "texture": "#2"},
				"south": {"uv": [0, 1, 5.8, 2], "texture": "#2"},
				"west": {"uv": [0, 1, 5.8, 2], "texture": "#2"},
				"up": {"uv": [0, 1, 5.8, 2], "texture": "#2"},
				"down": {"uv": [0, 1, 5.8, 2], "texture": "#2"}
			}
		},
		{
			"from": [3.53, 0.015, 8.615],
			"to": [4.4, 16.015, 10.715],
			"rotation": {"angle": 22.5, "axis": "y", "origin": [2.75, 0, 8.315]},
			"faces": {
				"north": {"uv": [0, 1, 0, 0], "texture": "#2"},
				"east": {"uv": [0, 1, 5.8, 2], "texture": "#2"},
				"south": {"uv": [0, 1, 5.8, 2], "texture": "#2"},
				"west": {"uv": [0, 1, 5.8, 2], "texture": "#2"},
				"up": {"uv": [0, 1, 5.8, 2], "texture": "#2"},
				"down": {"uv": [0, 1, 5.8, 2], "texture": "#2"}
			}
		},
		{
			"from": [3.31041, 0.015, 8.80901],
			"to": [4.21041, 16.015, 10.45901],
			"rotation": {"angle": -45, "axis": "y", "origin": [4.1, 0, 8.315]},
			"faces": {
				"north": {"uv": [0, 1, 0, 0], "texture": "#2"},
				"east": {"uv": [0, 1, 6, 2], "texture": "#2"},
				"south": {"uv": [0, 1, 6, 2], "texture": "#2"},
				"west": {"uv": [0, 1, 6, 2], "texture": "#2"},
				"up": {"uv": [0, 1, 6, 2], "texture": "#2"},
				"down": {"uv": [0, 1, 6, 2], "texture": "#2"}
			}
		},
		{
			"from": [3.89221, 0.015, 7.79221],
			"to": [4.79221, 16.015, 9.89221],
			"rotation": {"angle": 45, "axis": "y", "origin": [4.55, 0, 8.315]},
			"faces": {
				"north": {"uv": [0, 1, 0, 0], "texture": "#2"},
				"east": {"uv": [0, 1, 6, 2], "texture": "#2"},
				"south": {"uv": [0, 1, 6, 2], "texture": "#2"},
				"west": {"uv": [0, 1, 6, 2], "texture": "#2"},
				"up": {"uv": [0, 1, 6, 2], "texture": "#2"},
				"down": {"uv": [0, 1, 6, 2], "texture": "#2"}
			}
		},
		{
			"from": [1.895, 0.015, 7.115],
			"to": [3.395, 16.015, 8.015],
			"rotation": {"angle": 22.5, "axis": "y", "origin": [5.15, 0, 8.315]},
			"faces": {
				"north": {"uv": [0, 1, 0, 0], "rotation": 90, "texture": "#2"},
				"east": {"uv": [6, 1, 12, 2], "rotation": 90, "texture": "#2"},
				"south": {"uv": [6, 1, 12, 2], "rotation": 90, "texture": "#2"},
				"west": {"uv": [6, 1, 12, 2], "rotation": 90, "texture": "#2"},
				"up": {"uv": [6, 1, 12, 2], "rotation": 90, "texture": "#2"},
				"down": {"uv": [6, 1, 12, 2], "rotation": 90, "texture": "#2"}
			}
		},
		{
			"from": [4.76, 0.015, 7.115],
			"to": [5.96, 16.015, 8.015],
			"rotation": {"angle": -22.5, "axis": "y", "origin": [2.75, 0, 8.315]},
			"faces": {
				"north": {"uv": [0, 0, 0, 0], "rotation": 90, "texture": "#2"},
				"east": {"uv": [6, 0, 12, 1], "rotation": 90, "texture": "#2"},
				"south": {"uv": [6, 0, 12, 1], "rotation": 90, "texture": "#2"},
				"west": {"uv": [6, 0, 12, 1], "rotation": 90, "texture": "#2"},
				"up": {"uv": [6, 0, 12, 1], "rotation": 90, "texture": "#2"},
				"down": {"uv": [6, 0, 12, 1], "rotation": 90, "texture": "#2"}
			}
		},
		{
			"from": [3.47, 0.015, 8.585],
			"to": [4.4, 16.015, 10.235],
			"rotation": {"angle": 0, "axis": "y", "origin": [2.75, 0, 8.315]},
			"faces": {
				"north": {"uv": [0, 1, 0, 0], "texture": "#2"},
				"east": {"uv": [0, 1, 6.2, 2], "texture": "#2"},
				"south": {"uv": [0, 1, 6.2, 2], "texture": "#2"},
				"west": {"uv": [0, 1, 6.2, 2], "texture": "#2"},
				"up": {"uv": [0, 1, 6.2, 2], "texture": "#2"},
				"down": {"uv": [0, 1, 6.2, 2], "texture": "#2"}
			}
		},
		{
			"from": [11.375, 0.015, 6.2],
			"to": [12.245, 16.015, 8.6],
			"rotation": {"angle": 22.5, "axis": "y", "origin": [10.85, 0, 7.7]},
			"faces": {
				"north": {"uv": [0, 0, 0, 0], "texture": "#2"},
				"east": {"uv": [0, 0, 5.8, 1], "texture": "#2"},
				"south": {"uv": [0, 0, 5.8, 1], "texture": "#2"},
				"west": {"uv": [0, 0, 5.8, 1], "texture": "#2"},
				"up": {"uv": [0, 0, 5.8, 1], "texture": "#2"},
				"down": {"uv": [0, 0, 5.8, 1], "texture": "#2"}
			}
		},
		{
			"from": [11.63, 0.015, 5.3],
			"to": [12.5, 16.015, 7.7],
			"rotation": {"angle": -22.5, "axis": "y", "origin": [10.85, 0, 7.7]},
			"faces": {
				"north": {"uv": [0, 0, 0, 0], "texture": "#2"},
				"east": {"uv": [0, 0, 5.8, 1], "texture": "#2"},
				"south": {"uv": [0, 0, 5.8, 1], "texture": "#2"},
				"west": {"uv": [0, 0, 5.8, 1], "texture": "#2"},
				"up": {"uv": [0, 0, 5.8, 1], "texture": "#2"},
				"down": {"uv": [0, 0, 5.8, 1], "texture": "#2"}
			}
		},
		{
			"from": [11.4104, 0.015, 5.55599],
			"to": [12.3104, 16.015, 7.80599],
			"rotation": {"angle": 45, "axis": "y", "origin": [12.2, 0, 7.7]},
			"faces": {
				"north": {"uv": [0, 0, 0, 0], "texture": "#2"},
				"east": {"uv": [0, 0, 6, 1], "texture": "#2"},
				"south": {"uv": [0, 0, 6, 1], "texture": "#2"},
				"west": {"uv": [0, 0, 6, 1], "texture": "#2"},
				"up": {"uv": [0, 0, 6, 1], "texture": "#2"},
				"down": {"uv": [0, 0, 6, 1], "texture": "#2"}
			}
		},
		{
			"from": [11.99221, 0.015, 6.12279],
			"to": [12.89221, 16.015, 8.22279],
			"rotation": {"angle": -45, "axis": "y", "origin": [12.65, 0, 7.7]},
			"faces": {
				"north": {"uv": [0, 0, 0, 0], "texture": "#2"},
				"east": {"uv": [0, 0, 6, 1], "texture": "#2"},
				"south": {"uv": [0, 0, 6, 1], "texture": "#2"},
				"west": {"uv": [0, 0, 6, 1], "texture": "#2"},
				"up": {"uv": [0, 0, 6, 1], "texture": "#2"},
				"down": {"uv": [0, 0, 6, 1], "texture": "#2"}
			}
		},
		{
			"from": [9.995, 0.015, 8],
			"to": [11.795, 16.015, 8.9],
			"rotation": {"angle": -22.5, "axis": "y", "origin": [13.25, 0, 7.7]},
			"faces": {
				"north": {"uv": [0, 1, 0, 0], "rotation": 90, "texture": "#2"},
				"east": {"uv": [0, 1, 6, 2], "rotation": 90, "texture": "#2"},
				"south": {"uv": [0, 1, 6, 2], "rotation": 90, "texture": "#2"},
				"west": {"uv": [0, 1, 6, 2], "rotation": 90, "texture": "#2"},
				"up": {"uv": [0, 1, 6, 2], "rotation": 90, "texture": "#2"},
				"down": {"uv": [0, 1, 6, 2], "rotation": 90, "texture": "#2"}
			}
		},
		{
			"from": [9.785, 0.015, 7.565],
			"to": [12.035, 16.015, 8.465],
			"rotation": {"angle": 0, "axis": "y", "origin": [13.25, 0, 7.7]},
			"faces": {
				"north": {"uv": [0, 1, 0, 0], "rotation": 90, "texture": "#2"},
				"east": {"uv": [0, 1, 6, 2], "rotation": 90, "texture": "#2"},
				"south": {"uv": [0, 1, 6, 2], "rotation": 90, "texture": "#2"},
				"west": {"uv": [0, 1, 6, 2], "rotation": 90, "texture": "#2"},
				"up": {"uv": [0, 1, 6, 2], "rotation": 90, "texture": "#2"},
				"down": {"uv": [0, 1, 6, 2], "rotation": 90, "texture": "#2"}
			}
		},
		{
			"from": [11.87, 0.015, 7.58],
			"to": [14.27, 16.015, 8.48],
			"rotation": {"angle": 0, "axis": "y", "origin": [10.85, 0, 7.7]},
			"faces": {
				"north": {"uv": [0, 0, 0, 0], "rotation": 90, "texture": "#2"},
				"east": {"uv": [0, 0, 6, 1], "rotation": 90, "texture": "#2"},
				"south": {"uv": [0, 0, 6, 1], "rotation": 90, "texture": "#2"},
				"west": {"uv": [0, 0, 6, 1], "rotation": 90, "texture": "#2"},
				"up": {"uv": [0, 0, 6, 1], "rotation": 90, "texture": "#2"},
				"down": {"uv": [0, 0, 6, 1], "rotation": 90, "texture": "#2"}
			}
		},
		{
			"from": [12.71, 0.015, 8],
			"to": [14.06, 16.015, 8.9],
			"rotation": {"angle": 22.5, "axis": "y", "origin": [10.85, 0, 7.7]},
			"faces": {
				"north": {"uv": [0, 0, 0, 0], "rotation": 90, "texture": "#2"},
				"east": {"uv": [0, 0, 6, 1], "rotation": 90, "texture": "#2"},
				"south": {"uv": [0, 0, 6, 1], "rotation": 90, "texture": "#2"},
				"west": {"uv": [0, 0, 6, 1], "rotation": 90, "texture": "#2"},
				"up": {"uv": [0, 0, 6, 1], "rotation": 90, "texture": "#2"},
				"down": {"uv": [0, 0, 6, 1], "rotation": 90, "texture": "#2"}
			}
		},
		{
			"from": [11.57, 0.015, 5.78],
			"to": [12.5, 16.015, 7.13],
			"rotation": {"angle": 0, "axis": "y", "origin": [10.85, 0, 7.7]},
			"faces": {
				"north": {"uv": [0, 0, 0, 0], "texture": "#2"},
				"east": {"uv": [0, 0, 6.2, 1], "texture": "#2"},
				"south": {"uv": [0, 0, 6.2, 1], "texture": "#2"},
				"west": {"uv": [0, 0, 6.2, 1], "texture": "#2"},
				"up": {"uv": [0, 0, 6.2, 1], "texture": "#2"},
				"down": {"uv": [0, 0, 6.2, 1], "texture": "#2"}
			}
		},
		{
			"from": [11.375, 0.015, 7.865],
			"to": [12.245, 16.015, 9.815],
			"rotation": {"angle": -22.5, "axis": "y", "origin": [10.85, 0, 8.315]},
			"faces": {
				"north": {"uv": [0, 1, 0, 0], "texture": "#2"},
				"east": {"uv": [0, 1, 5.8, 2], "texture": "#2"},
				"south": {"uv": [0, 1, 5.8, 2], "texture": "#2"},
				"west": {"uv": [0, 1, 5.8, 2], "texture": "#2"},
				"up": {"uv": [0, 1, 5.8, 2], "texture": "#2"},
				"down": {"uv": [0, 1, 5.8, 2], "texture": "#2"}
			}
		},
		{
			"from": [11.63, 0.015, 8.615],
			"to": [12.5, 16.015, 10.715],
			"rotation": {"angle": 22.5, "axis": "y", "origin": [10.85, 0, 8.315]},
			"faces": {
				"north": {"uv": [0, 1, 0, 0], "texture": "#2"},
				"east": {"uv": [0, 1, 5.8, 2], "texture": "#2"},
				"south": {"uv": [0, 1, 5.8, 2], "texture": "#2"},
				"west": {"uv": [0, 1, 5.8, 2], "texture": "#2"},
				"up": {"uv": [0, 1, 5.8, 2], "texture": "#2"},
				"down": {"uv": [0, 1, 5.8, 2], "texture": "#2"}
			}
		},
		{
			"from": [11.4104, 0.015, 8.80901],
			"to": [12.3104, 16.015, 10.45901],
			"rotation": {"angle": -45, "axis": "y", "origin": [12.2, 0, 8.315]},
			"faces": {
				"north": {"uv": [0, 1, 0, 0], "texture": "#2"},
				"east": {"uv": [0, 1, 6, 2], "texture": "#2"},
				"south": {"uv": [0, 1, 6, 2], "texture": "#2"},
				"west": {"uv": [0, 1, 6, 2], "texture": "#2"},
				"up": {"uv": [0, 1, 6, 2], "texture": "#2"},
				"down": {"uv": [0, 1, 6, 2], "texture": "#2"}
			}
		},
		{
			"from": [11.99221, 0.015, 7.79221],
			"to": [12.89221, 16.015, 9.89221],
			"rotation": {"angle": 45, "axis": "y", "origin": [12.65, 0, 8.315]},
			"faces": {
				"north": {"uv": [0, 1, 0, 0], "texture": "#2"},
				"east": {"uv": [0, 1, 6, 2], "texture": "#2"},
				"south": {"uv": [0, 1, 6, 2], "texture": "#2"},
				"west": {"uv": [0, 1, 6, 2], "texture": "#2"},
				"up": {"uv": [0, 1, 6, 2], "texture": "#2"},
				"down": {"uv": [0, 1, 6, 2], "texture": "#2"}
			}
		},
		{
			"from": [9.995, 0.015, 7.115],
			"to": [11.495, 16.015, 8.015],
			"rotation": {"angle": 22.5, "axis": "y", "origin": [13.25, 0, 8.315]},
			"faces": {
				"north": {"uv": [0, 1, 0, 0], "rotation": 90, "texture": "#2"},
				"east": {"uv": [6, 1, 12, 2], "rotation": 90, "texture": "#2"},
				"south": {"uv": [6, 1, 12, 2], "rotation": 90, "texture": "#2"},
				"west": {"uv": [6, 1, 12, 2], "rotation": 90, "texture": "#2"},
				"up": {"uv": [6, 1, 12, 2], "rotation": 90, "texture": "#2"},
				"down": {"uv": [6, 1, 12, 2], "rotation": 90, "texture": "#2"}
			}
		},
		{
			"from": [12.86, 0.015, 7.115],
			"to": [14.06, 16.015, 8.015],
			"rotation": {"angle": -22.5, "axis": "y", "origin": [10.85, 0, 8.315]},
			"faces": {
				"north": {"uv": [0, 0, 0, 0], "rotation": 90, "texture": "#2"},
				"east": {"uv": [6, 0, 12, 1], "rotation": 90, "texture": "#2"},
				"south": {"uv": [6, 0, 12, 1], "rotation": 90, "texture": "#2"},
				"west": {"uv": [6, 0, 12, 1], "rotation": 90, "texture": "#2"},
				"up": {"uv": [6, 0, 12, 1], "rotation": 90, "texture": "#2"},
				"down": {"uv": [6, 0, 12, 1], "rotation": 90, "texture": "#2"}
			}
		},
		{
			"from": [11.57, 0.015, 8.585],
			"to": [12.5, 16.015, 10.235],
			"rotation": {"angle": 0, "axis": "y", "origin": [10.85, 0, 8.315]},
			"faces": {
				"north": {"uv": [0, 1, 0, 0], "texture": "#2"},
				"east": {"uv": [0, 1, 6.2, 2], "texture": "#2"},
				"south": {"uv": [0, 1, 6.2, 2], "texture": "#2"},
				"west": {"uv": [0, 1, 6.2, 2], "texture": "#2"},
				"up": {"uv": [0, 1, 6.2, 2], "texture": "#2"},
				"down": {"uv": [0, 1, 6.2, 2], "texture": "#2"}
			}
		}
	],
	"display": {
		"thirdperson_righthand": {
			"translation": [0, 2, 0],
			"scale": [0.25, 0.25, 0.25]
		},
		"thirdperson_lefthand": {
			"translation": [0, 2, 0],
			"scale": [0.25, 0.25, 0.25]
		},
		"firstperson_righthand": {
			"translation": [0, 2, 0],
			"scale": [0.25, 0.25, 0.25]
		},
		"firstperson_lefthand": {
			"translation": [0, 2, 0],
			"scale": [0.25, 0.25, 0.25]
		},
		"ground": {
			"translation": [0, 2, 0],
			"scale": [0.5, 0.5, 0.5]
		},
		"gui": {
			"rotation": [45, 22.5, -22.5],
			"scale": [0.6, 0.6, 0.6]
		},
		"head": {
			"rotation": [90, 0, 0],
			"translation": [0, 13, 0],
			"scale": [0.9, 4, 0.9]
		},
		"fixed": {
			"scale": [0.5, 0.5, 0.5]
		}
	},
	"groups": [
		{
			"name": "group",
			"origin": [0, 0, 0],
			"color": 0,
			"children": [0, 1, 2, 3, 4, 5, 6, 7, 8, 9, 10, 11, 12, 13, 14, 15]
		},
		{
			"name": "group",
			"origin": [0, 0, 0],
			"color": 0,
			"children": [16, 17, 18, 19, 20, 21, 22, 23, 24, 25, 26, 27, 28, 29, 30, 31]
		}
	]
}