lejudio,31626709-aef5-3455-b5cd-b45476c601e7
thorlegend108,b1ed978e-25cd-3749-9ca8-e416401e8994
dreamxist,fa472dd5-dc4d-35a6-bcaa-3a06383f3565
el_sandia,472423bf-306b-3529-900d-14a741dbe3eb
xsearf,39e04631-f383-3f8a-915c-375100607505
notmrzp,257630f3-e2f7-3938-a4de-9f2b7b85ab00
efmerxksks,a4137e08-1f56-323a-80ac-9d03a1b83512
orozc048,00f20f4d-bbd0-3aff-8994-ca9f757f72ff
taztico,eba705f0-932f-30af-ae42-6a21b9587e33
themsky,60e08ace-43f5-3703-a150-ef24e43c1c65
cnilog,5745f23f-0747-3e5e-9309-458a9a96825b
deroy,1d6710b1-5b4d-3325-8515-24183d034ef6
diegoks,c45510a5-a1f8-37ab-8dfe-8f372a4bde61
s4l1er1,e2aafaea-ed4a-3364-be02-86737a6124cf
michinoyaa,03fedb30-4d76-3b2c-9cdd-325cc873329e
uwu,038a7e51-7631-38ad-97c3-6e954eadb3cd
elmotolancha,227dd4f5-f5ff-3bc4-aec9-ba6670f5eabf
somohprusianoh,e88507e7-2cc2-321f-a071-f96a1da6e544
itspalomino,c15aa1f7-45f8-3535-9d18-b982b15a74f2
dex,cc788a02-9fb5-30cd-8ee3-8f74c597ea8d
black_cat_45,bee2c7a5-3c15-3eaf-a83c-ce9dedc91ab1
marrakettta,280a101e-9449-3bb9-8027-4ed658446a86
danny332,e906daa4-da77-3c77-9170-b23cb873d303
haxor1337,da0a9738-a162-35b1-8513-8b1857420d95
sebamonjechupalo,e0c13288-5a7d-3a6d-8be5-13cd05233454
tomas2220,536f8948-91b4-333c-93a9-a72cc65ab394
xziiches,e04ad00e-ef03-3fa5-b30f-490cc6a75f2d
rockbaider,9a1ecee3-e693-3b45-9cb8-e7f3569e3590
hisokka1312,3ae5d231-9a46-3dbd-bc16-81daa2f9a7a0
seba,8359dc5a-4b7d-33ce-b0dc-2971ab6a94b7
nashe,8723cc83-75d4-3a42-90ef-f8963c39f904
kone,fcc1090c-06b4-3685-a0d5-0ffef9ce9a4e
gravitycube,93361319-c2fa-352e-9ffc-b04b77682465
kath070,37861ee8-9860-3593-9dac-9c0e75936348
robertxdess,b42b8738-2ea3-3783-afe8-8d86f0e2e422
brownie,03e6852c-6d28-3115-a7e4-7d106e3d826c
solsita,c2748b5a-db9b-3e56-9649-5849f6b73486
jared05,eefbc6e5-4196-3a70-ab8c-98e229d61807
firula,b6e52eb0-876c-3e5f-8f98-14fce5c4fdc8
lordk,aab412af-398d-36d4-98b4-9eaf8d8e62a0
chelaias,cbbc9ece-1b75-3860-a064-c96597e1ef60
bastiramelo,973bf706-5129-3ce6-ac18-23f3259a2965
shaguitov,b7a3ba8c-0888-3cc0-b21f-80038a26f819
matias20064,ee0c9e9d-516c-39cb-83de-e21d5c05f288
sonic_black,e648137c-43da-3e52-8a4a-6d0e4f48495f
zhulu,9b007cad-9b50-3c10-95e3-c96799ea7db4
alex77450,f8f4b091-2d45-3e0d-b4de-baf1d9b0c1bd
cornerpin,23945b37-6622-33ef-908a-ed24d766eda1
kroder,e1d941b8-8243-39f9-973f-9e4e268eae5a
wuatonaql,889a0047-cf0d-3891-849d-68d5b622516c
pereztroika,840ecc66-186a-318d-a4c2-7a7040064765
rimurst,ae088c6a-5208-3d0e-8538-ed86693c5ee8
miloca8,a8a96f77-af8c-3c88-80aa-33dbcc2ccc41
dilaonx,4943b9b5-26ed-301b-a44b-a08282b5310d
elekisdee,4915c1d5-ca67-3523-bd85-7eb5b1d56597
larrygamerxxx,ac472430-2f5d-3c5c-b317-43e98669e75a
ignafigurita,fa81266b-dcd9-37fa-80f2-f0b511c4d200
awadeuwusito,b2f1980d-1b95-3c8c-8856-03a7e1517540
nachops,fcced687-2285-3aaa-877d-ea38d0938a89
choro_carloncho,fb15ae86-525f-3454-8c1d-ebae2bd032bb
killcrafthd37,0fd6a007-b71c-33b3-8448-12b253c2b6cf
cenitz,b1fe6322-29db-3a73-aa6c-3d0534d97dca
fito,e86126f0-a5a9-3987-bccc-219d1ccc778c
kikyo123,128f7029-ad95-3d16-a9bc-f7b1c2eae3aa
jeremy1196,7a5e0c14-d898-3b69-ac46-33a25f1681aa
panx0o,99582e11-8f39-3e39-b650-2ec48d7a81cc
n4st,cae3697e-11b4-3099-b3d6-46adcd6797ff
inti_sunny,6e3ed0a2-fc77-3567-a334-eb728c260bec
vish0,a217dc68-36d2-3674-a629-cb577d893823
yisusislife,86aa674d-4d28-31ed-8b12-4caf3421fca0
zappash1,1bda2813-ccbc-3b1c-8771-36174c28050f
rodo_my,db3db8fe-6690-3dbd-a3f5-a76120e48da3
eldesgraciao,eddcac38-b934-3369-8eed-a8bb6cbd738f
alejandro,4b496c8e-0130-3010-ad0c-6f317ccfdd07
zazon222,3350521c-05c0-31c3-a316-17f5ea5a08f6
heipau28689lp,22e224c6-74ad-3328-b018-3c0eb2403a54
zpalo_cmlol,bff5661d-db14-3998-84f6-c2eda5b07555
nashos,58c06bd9-4c4f-3932-8e3a-df45cbc38f2f
ppl,9a68697f-7a89-310c-913d-3213b8ec7a12
bongus,faa86d52-6a94-3185-bd25-fa2d95a247b8
chamullo,9e4a47fc-f1e8-3388-97c5-019d6d1a275d
martiniiix,a3dd4ad9-46d6-3e7c-873e-03b980bea375
blackiller0401,d78f8fc5-e588-3c5f-a7a4-ef89a3ac8b58
fernanda,10fdf3f2-ce9b-3bff-becf-b6c93c83eb83
drigo,c06bd1f2-7432-32ac-9d65-5b28f12be105
hanzolezozo,3a34d882-789b-3ffc-933a-79f18efcf9f2
lpial,993f0017-262e-320f-8a08-535fbf2a5301
estenoesstorbo,97a49df4-c957-3e20-8c88-4fb90aac2c3a
aikosuzuki,6f1568b1-137c-3d89-a02f-297ab9849828
josefavds,d6a715eb-da14-38c6-bfa3-c87458dd1569
mangoplayer459,2d205723-f72d-3112-9e1a-0a717124fcc3
andres__urt,fdc0717a-3735-3338-b763-dc58380cd70f
benjax2211,798f1de6-6616-3b6c-82b1-8a029cf27124
benja2010xd,89ea53e0-1863-3008-8568-f1d820917d78
mabroso,ef2343c4-b00e-3f43-83c2-b32affd84d94
chimi_8,ec3f46a7-abdd-3ed7-98ea-e6deedef6675
645362,6e0aa90c-166f-3f35-9404-c74008102c4e
maguinium,93e7c064-1276-34cc-911f-3633093b9e16
richard363,d08177c0-2cf4-31d4-bdf9-716890033081
zsirdarkkuro_,407fa2cf-e8c6-36b3-b7de-682ecab4276d
dilaon,5137dcaa-d3b8-397c-bfc9-4c1b96013846
jeroker,f613e9fc-1584-3602-ae7f-9a0b8668bc2b
aleeeunu,f6841237-5568-3426-a39c-c13739c1a998
pacmanzito,01c0ba8d-6b38-4dd8-bebe-66c61f9be994
matiaas,d39174f3-8e86-3059-9750-f950e092f0ae
cedella,fba996c5-e0c2-3dfe-aeba-59434f43fc8a
nunitox,5250b5db-0f25-3151-b698-c12c71cde712
acab_mata_paco,b8dc9802-f609-314c-b1f8-ac7f07440331
gusdrog45,96e89cde-6d89-3571-a4c1-fb8f0011c834
ramyeonyon,287a75e5-cc91-317c-8a46-c4e501dd1c07
01trick,0966a57a-78b0-3a9b-be35-0dfface7e1d5
centniqqa,75323d57-ff7e-4b6c-96e2-7a25b0ba5c34
joacojajaxd2011,4e86e09d-01b3-3275-8b59-f5cf4f89cf4d
nxt4lia,b1da075b-1a53-3a67-bfe8-1219cba90c21
maarielaguayo,761d3e5d-310f-3802-bc2d-357c528beb0f
alejogamer700,59486ddb-372a-319c-af80-3cbc39a6d909
jdma2000,9fbb810d-e357-3546-972f-cccf4f9534e1
sth3fan0,d1c4f539-fe68-318f-986c-a8847167e0f3
cosperino,66bff70a-095e-3fdf-8ba1-98d0a63fc836
pepe,7a067f19-b48d-3c6e-9039-8f37f64def1f
lukvvs,56395f8c-1363-379a-b56f-92429d4528bb
fatmagul,1f3598af-f738-351f-bffc-b8678d0d1000
leche,a9db5dfd-600d-343d-a119-6cc8528c8409
thebasnex,02ea5f9b-de4d-35c8-857e-b24bb7a31bc2
wildchart073070,89299d25-8ca3-386d-ae13-938ab0aa8daf
amaro_rv,34674de9-1233-3729-985d-c6d297c03309
eric,6de78518-e853-3c3e-8894-f492c4f89f28
6oyiihbqtmtabrp5,6920bcec-6d2f-3409-528e-71e5909e1bec
nariz,e01afe73-c063-344d-9b97-f0627fb33985
aronpiper,79766439-ff85-399e-870c-cf8dddb7958a
hna999,6430893c-f1b0-38e0-a2b0-01492a04209c
daniel3431,6d70faa2-55c3-3de8-8cfe-0fc875976ebe
salotron,3f71aa4a-5dcd-3bd2-b9d1-94b0c8c97137
gatoh50,de56e41c-977e-32d7-9a60-f4b82b4340cb
ruxur_jfc,ae857be2-dee8-3ab1-aaff-857a308445d0
m3mei,3239945b-3ec5-3a97-945f-9fbb2243b539
danidurazno,38560a2d-0346-3d64-b9f8-486787126a6f
franciscobn32,d054ceef-e197-3f6d-ac2c-be00311af68f
ramsama1,d142962c-d93b-3408-af54-353b951d6866
rrrr,79a03dc6-0b6f-39f4-86d6-0b18766081ee
chrollo,9011cbc2-9118-328b-8f56-a8c08ab76ed7
visho00,ea87c055-7dd9-36d0-92bb-4fa78a8d214b
frenton,41bc1d84-f2cf-3e65-b873-167f00487610
panacota2133,acb3b221-041f-3ffd-9b87-c931e6c5b46c
emilio,d5013a36-3139-3840-bb19-be6b9a7b6d19
sofoko,873e2cb7-cf0c-3c74-82b4-9dedcd13aa2f
antolueno,5fcbb88b-4703-3633-a691-4397c4fb0bc6
j4ck,53db21ad-5810-3c8b-ad05-ea02cfed2c25
sup3rplay,422db5e9-e39d-322d-a8dd-1cfd6d8301b9
fruyele,0236c227-2b0e-3b2f-8846-398e19ea2516
cartawe,f53fe543-c1e0-37a3-93af-51a27c7ea7d4
fatkat60312,71b22ba1-15ce-3c8e-8121-5c7ff4b92c94
dezowtf,e56f0963-3be0-3a5b-9ec0-b564c38eb3ee
astrowell,8c977a06-7fa6-3979-ab3d-98aecabec745
charliegamer2020,e1bfda5e-29dc-3263-8159-f30fda4f43d8
motta,1c51f4cc-4781-3102-aea8-49df634ad78a
azgo,08e25c74-a86f-32a2-b52c-e91096662f07
kaitanabe00,9063e6ef-28a9-386f-8240-4ff34cc4488e
im_xel0,70bc6543-dda3-38c7-af58-18472b22d6ae
dilan01,d15d4f13-184d-34da-a82f-6ca56ebfcf9e
layan,3a8b2bde-aa1b-34c7-b408-6e34ca664358
nachico01,6282646e-3217-31e0-932a-81ab38986eab
mativice,6d788288-b747-31a8-8580-d669b58240f6
shiro45,9ddc340c-a53b-3014-a10e-05d78d1f7041
edwardxd01,12451863-e96e-3763-9d67-e221ce84cdc7
justlele,2d54465d-6c6b-3d78-bcae-7c116e56f72e
mrred404owo,21ef206a-f666-3d7f-8a7b-c47543a10961
joaquinecs,d498e812-f18f-3827-b4aa-50a3b7e62b42
tocho,4671e758-c9f2-3043-8d1f-cc00cd2c2e5b
ecrose1,6bf02030-ef59-30b9-89a7-ba8195ffac8a
matroxmatrix,0528c715-29cd-37e9-af8e-f887667bf663
daniiiii6,9504288a-75c8-36d7-ac11-63749ab2c6df
leyrrah,a31ce8fe-c2d7-3521-bc1d-2f6e64f5c886
srtabo,99dee500-88b7-3c7b-b7e0-b20a26de0aee
arepafrancesa,b69a970d-34c0-36d5-929a-6d0517e30428
hashiramma,33e8488b-36f7-3174-bcc9-fa21739934a5
musstapia321,6fb0f9c1-90b1-39f0-a766-5ff229e415a9
darkmil15,44491b3d-1814-36cd-abd8-b3e026323143
aetherringo,ec2910a2-fcf3-3ba6-8c22-996bb512e205
rata,a2871022-e25c-39af-9261-eba8ef02fc3b
tomaten21,2a076d88-7cd5-3726-8740-ee1b02ce34e3
med_reythedog,067e9774-c53b-3b8e-9701-5cfd6db61da8
potitotkm,14aa77c0-7d7c-3233-a753-4a8a10cfb7a0
alvarx7,5e1495c0-0b18-37d8-8ed3-59b884f0ebce
srnico,02b72e97-0ded-3b08-8ad7-724fba551b2a
killminekuro,3ee51148-c9a2-3acc-bcc2-5ef45e336a5c
vish00o,bd4487a5-fbf8-3cb0-b344-985766a7b203
themamberroi,49d238a0-55be-37ee-87c0-fd02a66e0cb0
milaansk_,e13ce46a-8913-3ca8-8d08-3ed656c9dba1
zpeedyy,c379f3ec-6d08-3299-8cc7-8205fc0640c1
leftz99,68eaea26-695e-32f0-afb4-1780e8037c6d
anjelshit,05932d91-c02c-3e9b-9be6-489372fd0045
kai00,52d8521d-37e7-3b69-b68b-eedaf5293150
daimisa,5caee2e2-1ac4-3e59-90ea-9c1d6692ff93
storbo22,01962f24-65d2-3cf0-bc30-f563630c3a47
sragalletitac1o,bf54a847-0a02-3a07-a009-c90febb8afda
xatoh,9629b9a4-e732-376d-b7e7-032e3e1520a5
xxeloscuroxx,0a91eb94-997c-3f28-893d-506dae501a4b
elweon665,68d83f7e-49f6-36f5-8820-6e0d340acce5
kokempv,d3e75d06-b55d-3862-8f1b-112f7c91a7f9
brunouwu,f5912b60-46f6-3b82-9be4-9d33324ca057
bocchicomunista,872b7493-b96b-3f15-8b60-33c60b555aad
victoriaafop,141a402b-4225-374f-a280-a17366159dc3
crix12,0fe98b7f-cc6a-3cd1-b8ca-19f8e09e2cea
cony,b5933661-8fd9-348d-b9cb-42b0047adc69
naflen,55e72d12-bf06-30b2-87d9-2fb6218354e0
pankowsito,11525eb5-8bb5-3db8-b273-97aed8c1ac24
kritiko_,6521f4bd-90ea-3bb5-9afb-191d589f1d8d
dlt_darkgod,bc1019fe-38a4-378c-b6b4-1cd860d0222c
svleming,72642d68-86c0-3eff-a144-c41cf3954152
binskyspecial,aac73bd0-4a8b-312c-a208-42ce841e2768
melexor,1a4d3ed2-db05-30ca-999b-d59992b603e1
ecrose_,f5fd8e7b-43fa-3bbc-8753-90b9d51903ed
capitanpio,75ac2a5d-bf68-3dea-b525-a506671c2dd2
eseck1,03cd74ab-49c2-3e9f-96db-c0d34e15665e
joundrix,0d75aac7-b543-34e2-9f43-a4b30d462c1c
sonicblack,b4b589db-9611-3f3a-9152-53de823ddbf0
genmashiranui,ba726d72-1e94-3659-b9a9-0f85fd939602
juako_tortuga_xd,3aa990b9-0569-3b46-8fde-037d9417cb0a
k3zh_,62ab4050-6320-39db-8752-3d5ca35a950e
chech0o3,557e3a81-4358-323b-bf55-ba442a1d46af
abarzua,e389d2db-f285-38a7-9bf6-7c3cb13a54e6
dockercompose,157b924a-c303-371d-a29d-fa63c3df0398
hector_dlc,aa01a15b-7077-343a-b826-bb1f8c5ec879
roxas,b61ebd03-8702-3126-a267-7cf6bfa12e63
bellchelocranell,00b509ff-419c-3ce1-9d37-0975ef81d8ed
olivier6673,0f5b4832-3bc5-3681-b8ea-90d54f9d6814
cookiemacree,bfa8ae37-23ba-3745-889e-f8e5b5b647d1
amaliaboassa,3f0b509e-d15a-3377-ba18-b8b05f4fa47a
ghost_legends_3,4adade1f-52eb-3226-a318-22a021abbb67
gusdrog45_yt,fd4d9d6a-6234-3b87-9c35-08cead26e0b4
im_bnj4,25d666bc-9fa6-3eda-a1ac-b56b4028b5ef
tarafagat,34b76a71-fe02-3279-ad41-2a4d359cf7d5
yoongiiimiau,93a796e0-2c3f-3d31-8964-93d1b7841780
_traba_,1a30f46d-ee43-393a-ae32-0a8ddcc1c950
lhoumas,264a1cc8-a153-34df-8576-d8dc93a75507
idongatol,81fa1a1b-3c1f-3047-8e4f-859bd14e1157
lemmygummy,23db84e3-1a0e-361c-9292-64e566b6a421
pyrotechnics1990,7fa059c3-1f5b-3eb6-871e-1504ea9aae19
_fabry_mc,f7896661-3051-3c63-beae-2e1d7cc6b1ce
charlyxdd,c70b73ac-ec7f-3d66-8014-0045404d9a9f
astrovio,5eb2918d-710b-33b1-a136-f9858c94d9e7
bubba1312,047f73cb-d1d7-3daf-826b-ddfa47ddec97
chedugamer,0f38f4e6-f232-347f-84ed-b58563eef142
joelopomelo,a3b3128f-bc9d-3cb5-8341-55b999b5d598
diar,999067d0-220d-3d3e-be27-f3e404695711
steve,53909932-f794-33c0-9329-948045a4c1ce
motakuv1,b86dea93-ec6a-309a-a7e2-862b99024d43
motorberzerk18,6e359f48-76e3-3067-af9e-a095331c5856
flofloo,eea9cee3-8a11-3f46-bd46-fe2952bf4fbb
elguruguru,4e6f8d55-ded1-3655-98ca-704ddd3bd46f
ali_b747,6aafcf04-3138-3dcc-a4ea-3085e54d906c
elekisde,d2d134db-eab3-3549-8ac5-fdbbcbd69f5f
antonio20056,e2be9419-0d53-34f1-a686-1102ea866e22
thyftn,ec8ded22-6127-309f-8789-c67f9c681aa5
mr_zarex,d2400ac6-2d24-368b-bc9a-deb66e0fbab8
h4t3_y0u,294f2d71-5395-320f-bb1c-4c55a63c1e77
soffigh_,3d1d21a0-0a7a-3e6e-acb8-d00c96365562
takimotohifumin,3c82894f-5def-388d-a723-5c8a5269edeb
chiappeql,9da56bc3-1cfd-394c-abef-2adbf4f68f5b
guarip,9559dee2-6634-37ea-9f44-c07f6da4d9c0
ichi6o05,5a9eddf5-d6a9-37bf-8083-3efb0e1714b0
andrewytelpro,f27a4ad6-d05a-31e1-8196-80de8d3de499
tio_pikachu,495a7d12-4366-3e4b-a070-8e651606f233
nobaittap,e6135186-0e07-3376-9bcb-65ea7bce89aa
caballeroxd,afb27999-c708-32f7-96ca-e0c86488ccab
dybepvp,22f0f510-f8ea-3dc4-84af-cded54fa97ab
egely,719f54b3-09ae-3f4a-91a4-db06cfba6f60
elbeca,a91df703-b885-368b-8868-0ce3e85a3995
mrtocomple,c452c103-613c-346f-9268-6618960181d0
jaleai,942583c9-edd2-33c3-af92-7a3440d3aab7
la_moras,d35c99f8-7470-3745-b4fb-ee5ae1ab8c1b
elpixulaloka,8f350f70-48b3-36b2-8a19-9d0e74331d6f
erulus,1ffca542-4ec7-3098-8a36-559ac28c1535
canio27,f79fcece-1aa6-35d7-8e35-8bb33539ddd1
d1l4n1x,80fd98b8-7249-3778-b8dc-7af1d8ae5a8c
_pricedown,8f1f1fcf-f01b-3604-b2d7-63612db43aca
pipe2311,47024d27-4ae6-3a5c-9c34-ea8942a986f6
rionio,7896059c-b3c9-30af-90d5-72b9224cb001
mataviejas12,97bef752-6ef2-3189-b336-4b569ec3a155
jojo,551e7026-56d0-3e3e-8ae5-ea02fbc4d1ed
catita,da8f3a38-74b0-350b-8c01-75c119d9f489
megune,dc33c56c-876a-32d2-80a3-5aba8ea5cad6
phokz,42580df8-d6d6-3e6b-b567-ef999570d943
thefinalstexts,66e9fae5-15f4-3f59-8f9a-2dadde980af1
pablo,46e2f2fd-0fc6-3a76-aa42-3d7b640d954a
storbo,b319b04c-ede3-36b1-ac74-131f573b07a9
zadberz,d6b44b45-6b40-3c63-9754-0af908ffaae5
camaroxd,077c4da7-5230-3b6f-ac96-e43dd5adfdae
guillermop34,3689c31a-2426-387a-bc4c-b9c34255ca5f
austrel,78f2a027-a472-3f5f-abbb-ec442b5ec5c7
benja2805,5e6b797f-10a1-3ac4-928b-9ddfc2cf0fbf
mr_wiz86,5b868616-0c20-36d9-939e-479a763e1c12
the_ricahrd,99125b13-dd62-3a68-8798-b0843ad13e46
jucleoport,4aaad090-2868-3930-8c7b-8b03d7cd9fb9
gand10245,8f6d96ad-c749-344f-b40e-92492cfccad4
tucaxpro,36d906da-5c42-3024-a83f-56c1290be7cf
zzking_,c6b68785-9c29-3634-9525-1fb7aaeee97d
bastiansito,a91e19f8-73fe-3bfa-88e6-e85a287fb27c
benjidiho,2c49f0a3-4fb4-35d6-b952-6163f21b9b32
27kdilan_xd,0d576a5a-dbd5-3432-8a8d-0573d4423733
youngvack,2aa7aeba-3c80-33a7-887a-3e6c48759a7a
sander_xo,4e269c3f-3754-3ece-b006-fccbcfe324eb
crisis,bd170bf7-6943-383c-99fc-c9d82ea4f7b0
xx_elucidator_xx,0a43f368-1547-3dde-b2dc-2e170add3cfa
checho131,69f79679-d411-3ae8-bc68-3317124908a4
camiix_x,e4464c37-4581-3f74-8d33-e48b4f86775f
gorge373,f4117d53-68bd-311e-94e0-b9519fb88d07
moac_,d9c5b847-6b89-3dd5-b3bd-3f29baf7cc10
vichido,d1ac0f31-a225-30c6-bb85-a7c398895a86
icatateamo,1e251a63-bd57-3588-8cad-72b477652808
snakecell,3b334c69-c727-3daf-a92c-41c5178326e0
juxnpxhouston,96da49b9-29a6-3c55-ba47-92f6e36ad116
alvaman,90ba7701-4fee-39dc-93ef-27d5631ab483
edux3r,612767db-6131-339f-bb9c-c0c0a0aa08f7
brunthz,15cca2c5-e083-3f14-aab1-4a8686c2464e
francisca,8f34620a-bb77-3e88-8ab0-81560e0a3c6f
lominimo,787c320a-fd61-3cad-8e98-a16e3076c079
edu,6b8e051e-b71e-34fa-bf61-8eea69fe238c
valkyraeee,d8568da6-8fed-355a-ba35-b55cdc272369
manumanitoo,5a261fb5-06ad-3f16-985a-205e22172c19
kritiko,88e6613d-31b8-3b9c-99b3-07d4a7ccbe76
__xbox,54c7c6d6-5985-32bc-9805-cb173e43b9d5
one_maverick,677474a5-e981-389c-bf12-62ed94326630
taylorseries,34ddaed7-8093-3fd7-906e-9c7a0d94c4af
frenton_,ccb70823-fb50-3cfc-b78b-13197eb4b551
cristopsx,02240c94-c47f-3092-bd64-3fd02df93c27
hombrehonesto,e30b3b3d-10cf-3897-9003-b22d01f1b20b
slowflow,22c1203f-b30e-3f70-891d-f79134f3d1bd
ytsharpbelt636,28c6ee1b-2c1b-3e5c-b304-550c98aaf097
sparkythepup,6ddd2eee-63e8-3153-92ff-25d9a954a368
reinosobr,a72b4ee8-173d-3a3d-99d1-21a09d65d0d6
sipo_apruebo,38a49d29-06b7-3f89-9587-1d852099dcb6
noname,68d644fc-0f0b-3352-8d68-6516e6aea845
bigchain,8688f5b3-2756-367f-9b98-2746690bb90f
cacot,9c394fa5-e090-3458-b13f-99797189ccc7
panchulo08,cd0dd34e-4c7a-3782-87f6-0d7ac138e9f7
xxuabaev256xx,168ce784-5138-300c-a40c-bdc7f1b639c3
pialol,08627acf-d9ee-3eff-96ef-269c83da0c11
keillesvirus32,bfa3527b-2698-339b-b450-723d3953380e
slowfloww,2cb686e9-953b-3229-998c-0b9b58cfc2e5
dtk,356405da-7e65-3bcc-8b65-7876d67db129
goddiee,15efeb06-bc5c-3554-aeef-ffebbe03375f
cebrp,619b8704-1356-3aa2-8df6-17420fd2d434
chipydayy,a585b405-7c96-3603-b8b2-a113493be741
yoongi,50c8e52b-fb2c-3fe7-8011-6e8b7527601b
onny,e724b07b-ff25-3c80-ad4a-1ba7f923e3ff
darkwzzard19,71fc2b53-22d9-312d-8649-83001a4d0548
_yuuichi_,3e454aa4-d2ca-3ea5-8fd9-ac5c57042c4c
masaki23,efa26f22-acc2-3c08-a341-5ed689587ac6
wizleooo,5c2984f1-1ee4-308d-b4c4-3b912510c3b7
atsel_,bcb2aed9-5ce4-3753-81d7-2aee43a25773
donlinito,b2ed86b4-99ad-3118-88aa-3d1780dbb658
ericksen_11,e1913816-cf86-3b03-a8e9-bcc22a9f79aa
whxnil,f90c62f3-69ed-3a23-99aa-dd7f9a4284bd
blacktechnologic,33fd301c-1202-36e7-9292-fe54a9b23534
masterrin,e90be972-1342-3ce5-b422-4ebb86cddb64
piskyy,c54bdd35-d0a2-3274-86fe-161f58f7d909
smokyshark1,801db0c2-8b48-3113-b283-638f13fb0c66
crix,27e37b97-56e8-3803-a36b-c2e5b6717239
wila,00ada6d6-dc6e-3e13-acb9-827043eb38ae
sotochikito,16e93481-3676-3334-a069-8a98518a552e
lolfirstlove,2d6f9eaf-b722-3fd6-8ff2-82490b986864
phito,f5ed1d47-9fb4-32c9-acad-8ea351d5d60c
alphanext,ba4b2129-15eb-3502-8c1c-7e5b30685746
chelo_perez,e871ddab-ba9d-354c-91fc-ac1edaedc4c3
vania_py,ebeefcb7-aadc-3243-8675-1be617e08d1c
bynaycoo,7b1ffb71-4a81-357e-be1d-93869831b070
hokage,6ec177a5-b211-3977-9e43-11f6ab28f084
jucle,7c28301b-7d13-31c2-bb2e-5415890ec208
nachopan,d93ca319-b347-32e7-abbf-aee879038d9e
cristian367,c50edbb9-3bb3-32f4-9d3e-c9abd3364496
matithecreator,8e4e4b37-f728-3112-b98a-7954091473a8
