{
	"credit": "Made by TeleMinecraft (Storbo)",
	"textures": {
		"0": "block/white_concrete",
		"particle": "block/white_concrete"
	},
	"elements": [
		{
			"from": [7, 0, 7],
			"to": [9, 32, 9],
			"faces": {
				"north": {"uv": [0, 0, 2, 16], "texture": "#0"},
				"east": {"uv": [0, 0, 2, 16], "texture": "#0"},
				"south": {"uv": [0, 0, 2, 16], "texture": "#0"},
				"west": {"uv": [0, 0, 2, 16], "texture": "#0"},
				"up": {"uv": [0, 0, 2, 16], "texture": "#0"},
				"down": {"uv": [0, 0, 2, 16], "texture": "#0"}
			}
		},
		{
			"from": [7, 16, 6],
			"to": [9, 17, 7],
			"faces": {
				"north": {"uv": [0, 0, 2, 1], "texture": "#0"},
				"east": {"uv": [0, 0, 2, 1], "texture": "#0"},
				"south": {"uv": [0, 0, 2, 1], "texture": "#0"},
				"west": {"uv": [0, 0, 2, 1], "texture": "#0"},
				"up": {"uv": [0, 0, 2, 1], "texture": "#0"},
				"down": {"uv": [0, 0, 2, 1], "texture": "#0"}
			}
		},
		{
			"from": [8, 17, 6],
			"to": [9, 18, 7],
			"faces": {
				"north": {"uv": [0, 0, 1, 1], "texture": "#0"},
				"east": {"uv": [0, 0, 1, 1], "texture": "#0"},
				"south": {"uv": [0, 0, 1, 1], "texture": "#0"},
				"west": {"uv": [0, 0, 1, 1], "texture": "#0"},
				"up": {"uv": [0, 0, 1, 1], "texture": "#0"},
				"down": {"uv": [0, 0, 1, 1], "texture": "#0"}
			}
		}
	],
	"display": {
		"thirdperson_righthand": {
			"translation": [0, 1, 0],
			"scale": [0.1, 0.1, 0.1]
		},
		"thirdperson_lefthand": {
			"translation": [0, 1, 0],
			"scale": [0.1, 0.1, 0.1]
		},
		"firstperson_righthand": {
			"translation": [0, 1, 0],
			"scale": [0.1, 0.1, 0.1]
		},
		"firstperson_lefthand": {
			"translation": [0, 1, 0],
			"scale": [0.1, 0.1, 0.1]
		},
		"ground": {
			"translation": [0, 1, 0],
			"scale": [0.1, 0.1, 0.1]
		},
		"gui": {
			"rotation": [90, 0, -90],
			"translation": [0, 0.5, 0],
			"scale": [0.25, 0.25, 0.25]
		},
		"head": {
			"rotation": [0, -90, 0],
			"translation": [0, -17.5, 0],
			"scale": [3.2, 3.2, 3.2]
		},
		"fixed": {
			"rotation": [0, 90, 0],
			"translation": [0, 1, 0],
			"scale": [0.1, 0.1, 0.1]
		}
	},
	"groups": [
		{
			"name": "group",
			"origin": [0, 0, 0],
			"color": 0,
			"children": [0, 1, 2]
		}
	]
}