{
	"credit": "Made by TeleMinecraft (Storbo)",
	"textures": {
		"0": "block/gray_concrete",
		"particle": "block/gray_concrete"
	},
	"elements": [
		{
			"from": [5, -6.3, -16],
			"to": [6, -5.3, 32],
			"rotation": {"angle": 45, "axis": "z", "origin": [0, 0, 0]},
			"faces": {
				"north": {"uv": [0, 0, 16, 1], "texture": "#0"},
				"east": {"uv": [0, 0, 16, 1], "texture": "#0"},
				"south": {"uv": [0, 0, 16, 1], "texture": "#0"},
				"west": {"uv": [0, 0, 16, 1], "texture": "#0"},
				"up": {"uv": [0, 0, 16, 1], "texture": "#0"},
				"down": {"uv": [0, 0, 16, 1], "texture": "#0"}
			}
		}
	],
	"display": {
		"thirdperson_righthand": {
			"translation": [0, 1, 0],
			"scale": [0.1, 0.1, 0.1]
		},
		"thirdperson_lefthand": {
			"translation": [0, 1, 0],
			"scale": [0.1, 0.1, 0.1]
		},
		"firstperson_righthand": {
			"translation": [0, 1, 0],
			"scale": [0.1, 0.1, 0.1]
		},
		"firstperson_lefthand": {
			"translation": [0, 1, 0],
			"scale": [0.1, 0.1, 0.1]
		},
		"ground": {
			"translation": [0, 1, 0],
			"scale": [0.1, 0.1, 0.1]
		},
		"gui": {
			"translation": [0, 1, 0],
			"scale": [0.1, 0.1, 0.1]
		},
		"head": {
			"rotation": [0, -90, 0],
			"translation": [0, -10.5, 0],
			"scale": [4, 4, 4]
		},
		"fixed": {
			"translation": [0, 1, 0],
			"scale": [0.1, 0.1, 0.1]
		}
	}
}