{
	"credit": "Made by TeleMinecraft (Storbo)",
	"textures": {
		"1": "block/stone",
		"2": "block/white_concrete",
		"particle": "block/stone"
	},
	"elements": [
		{
			"from": [0.5, -15.5, 7],
			"to": [5.5, -9.6, 16],
			"rotation": {"angle": 22.5, "axis": "y", "origin": [0, 0, 0]},
			"faces": {
				"north": {"uv": [0, 0, 8, 8], "texture": "#1"},
				"east": {"uv": [0, 0, 16, 8], "texture": "#1"},
				"south": {"uv": [0, 0, 8, 8], "texture": "#1"},
				"west": {"uv": [0, 0, 16, 8], "texture": "#1"},
				"up": {"uv": [0, 0, 16, 8], "rotation": 90, "texture": "#1"},
				"down": {"uv": [0, 0, 16, 8], "rotation": 270, "texture": "#1"}
			}
		},
		{
			"from": [6.96, -13, 8.66],
			"to": [8.88, 32, 9.356],
			"rotation": {"angle": 22.5, "axis": "y", "origin": [7.68, 0, 8.24]},
			"faces": {
				"north": {"uv": [0, 0, 5.8, 1], "texture": "#2"},
				"east": {"uv": [0, 0, 5.8, 1], "texture": "#2"},
				"south": {"uv": [0, 0, 5.8, 1], "texture": "#2"},
				"west": {"uv": [0, 0, 5.8, 1], "texture": "#2"},
				"up": {"uv": [0, 0, 5.8, 1], "texture": "#2"},
				"down": {"uv": [0, 0, 5.8, 1], "texture": "#2"}
			}
		},
		{
			"from": [7.68, -13, 8.864],
			"to": [9.6, 32, 9.56],
			"rotation": {"angle": -22.5, "axis": "y", "origin": [7.68, 0, 8.24]},
			"faces": {
				"north": {"uv": [0, 0, 5.8, 1], "texture": "#2"},
				"east": {"uv": [0, 0, 5.8, 1], "texture": "#2"},
				"south": {"uv": [0, 0, 5.8, 1], "texture": "#2"},
				"west": {"uv": [0, 0, 5.8, 1], "texture": "#2"},
				"up": {"uv": [0, 0, 5.8, 1], "texture": "#2"},
				"down": {"uv": [0, 0, 5.8, 1], "texture": "#2"}
			}
		},
		{
			"from": [7.59521, -13, 8.68833],
			"to": [9.39521, 32, 9.40833],
			"rotation": {"angle": 45, "axis": "y", "origin": [7.68, 0, 9.32]},
			"faces": {
				"north": {"uv": [0, 0, 6, 1], "texture": "#2"},
				"east": {"uv": [0, 0, 6, 1], "texture": "#2"},
				"south": {"uv": [0, 0, 6, 1], "texture": "#2"},
				"west": {"uv": [0, 0, 6, 1], "texture": "#2"},
				"up": {"uv": [0, 0, 6, 1], "texture": "#2"},
				"down": {"uv": [0, 0, 6, 1], "texture": "#2"}
			}
		},
		{
			"from": [7.26177, -13, 9.15377],
			"to": [8.94177, 32, 9.87377],
			"rotation": {"angle": -45, "axis": "y", "origin": [7.68, 0, 9.68]},
			"faces": {
				"north": {"uv": [0, 0, 6, 1], "texture": "#2"},
				"east": {"uv": [0, 0, 6, 1], "texture": "#2"},
				"south": {"uv": [0, 0, 6, 1], "texture": "#2"},
				"west": {"uv": [0, 0, 6, 1], "texture": "#2"},
				"up": {"uv": [0, 0, 6, 1], "texture": "#2"},
				"down": {"uv": [0, 0, 6, 1], "texture": "#2"}
			}
		},
		{
			"from": [6.72, -13, 7.556],
			"to": [7.44, 32, 8.996],
			"rotation": {"angle": -22.5, "axis": "y", "origin": [7.68, 0, 10.16]},
			"faces": {
				"north": {"uv": [0, 1, 6, 2], "rotation": 90, "texture": "#2"},
				"east": {"uv": [0, 1, 6, 2], "rotation": 90, "texture": "#2"},
				"south": {"uv": [0, 1, 6, 2], "rotation": 90, "texture": "#2"},
				"west": {"uv": [0, 1, 6, 2], "rotation": 90, "texture": "#2"},
				"up": {"uv": [0, 1, 6, 2], "rotation": 90, "texture": "#2"},
				"down": {"uv": [0, 1, 6, 2], "rotation": 90, "texture": "#2"}
			}
		},
		{
			"from": [7.068, -13, 7.388],
			"to": [7.788, 32, 9.188],
			"rotation": {"angle": 0, "axis": "y", "origin": [7.68, 0, 10.16]},
			"faces": {
				"north": {"uv": [0, 1, 6, 2], "rotation": 90, "texture": "#2"},
				"east": {"uv": [0, 1, 6, 2], "rotation": 90, "texture": "#2"},
				"south": {"uv": [0, 1, 6, 2], "rotation": 90, "texture": "#2"},
				"west": {"uv": [0, 1, 6, 2], "rotation": 90, "texture": "#2"},
				"up": {"uv": [0, 1, 6, 2], "rotation": 90, "texture": "#2"},
				"down": {"uv": [0, 1, 6, 2], "rotation": 90, "texture": "#2"}
			}
		},
		{
			"from": [7.056, -13, 9.056],
			"to": [7.776, 32, 10.976],
			"rotation": {"angle": 0, "axis": "y", "origin": [7.68, 0, 8.24]},
			"faces": {
				"north": {"uv": [0, 0, 6, 1], "rotation": 90, "texture": "#2"},
				"east": {"uv": [0, 0, 6, 1], "rotation": 90, "texture": "#2"},
				"south": {"uv": [0, 0, 6, 1], "rotation": 90, "texture": "#2"},
				"west": {"uv": [0, 0, 6, 1], "rotation": 90, "texture": "#2"},
				"up": {"uv": [0, 0, 6, 1], "rotation": 90, "texture": "#2"},
				"down": {"uv": [0, 0, 6, 1], "rotation": 90, "texture": "#2"}
			}
		},
		{
			"from": [6.72, -13, 9.728],
			"to": [7.44, 32, 10.808],
			"rotation": {"angle": 22.5, "axis": "y", "origin": [7.68, 0, 8.24]},
			"faces": {
				"north": {"uv": [0, 0, 6, 1], "rotation": 90, "texture": "#2"},
				"east": {"uv": [0, 0, 6, 1], "rotation": 90, "texture": "#2"},
				"south": {"uv": [0, 0, 6, 1], "rotation": 90, "texture": "#2"},
				"west": {"uv": [0, 0, 6, 1], "rotation": 90, "texture": "#2"},
				"up": {"uv": [0, 0, 6, 1], "rotation": 90, "texture": "#2"},
				"down": {"uv": [0, 0, 6, 1], "rotation": 90, "texture": "#2"}
			}
		},
		{
			"from": [8.136, -13, 8.816],
			"to": [9.216, 32, 9.56],
			"rotation": {"angle": 0, "axis": "y", "origin": [7.68, 0, 8.24]},
			"faces": {
				"north": {"uv": [0, 0, 6.2, 1], "texture": "#2"},
				"east": {"uv": [0, 0, 6.2, 1], "texture": "#2"},
				"south": {"uv": [0, 0, 6.2, 1], "texture": "#2"},
				"west": {"uv": [0, 0, 6.2, 1], "texture": "#2"},
				"up": {"uv": [0, 0, 6.2, 1], "texture": "#2"},
				"down": {"uv": [0, 0, 6.2, 1], "texture": "#2"}
			}
		},
		{
			"from": [5.988, -13, 8.66],
			"to": [7.548, 32, 9.356],
			"rotation": {"angle": -22.5, "axis": "y", "origin": [7.188, 0, 8.24]},
			"faces": {
				"north": {"uv": [0, 1, 5.8, 2], "texture": "#2"},
				"east": {"uv": [0, 1, 5.8, 2], "texture": "#2"},
				"south": {"uv": [0, 1, 5.8, 2], "texture": "#2"},
				"west": {"uv": [0, 1, 5.8, 2], "texture": "#2"},
				"up": {"uv": [0, 1, 5.8, 2], "texture": "#2"},
				"down": {"uv": [0, 1, 5.8, 2], "texture": "#2"}
			}
		},
		{
			"from": [5.268, -13, 8.864],
			"to": [6.948, 32, 9.56],
			"rotation": {"angle": 22.5, "axis": "y", "origin": [7.188, 0, 8.24]},
			"faces": {
				"north": {"uv": [0, 1, 5.8, 2], "texture": "#2"},
				"east": {"uv": [0, 1, 5.8, 2], "texture": "#2"},
				"south": {"uv": [0, 1, 5.8, 2], "texture": "#2"},
				"west": {"uv": [0, 1, 5.8, 2], "texture": "#2"},
				"up": {"uv": [0, 1, 5.8, 2], "texture": "#2"},
				"down": {"uv": [0, 1, 5.8, 2], "texture": "#2"}
			}
		},
		{
			"from": [5.47279, -13, 8.68833],
			"to": [6.79279, 32, 9.40833],
			"rotation": {"angle": -45, "axis": "y", "origin": [7.188, 0, 9.32]},
			"faces": {
				"north": {"uv": [0, 1, 6, 2], "texture": "#2"},
				"east": {"uv": [0, 1, 6, 2], "texture": "#2"},
				"south": {"uv": [0, 1, 6, 2], "texture": "#2"},
				"west": {"uv": [0, 1, 6, 2], "texture": "#2"},
				"up": {"uv": [0, 1, 6, 2], "texture": "#2"},
				"down": {"uv": [0, 1, 6, 2], "texture": "#2"}
			}
		},
		{
			"from": [5.92623, -13, 9.15377],
			"to": [7.60623, 32, 9.87377],
			"rotation": {"angle": 45, "axis": "y", "origin": [7.188, 0, 9.68]},
			"faces": {
				"north": {"uv": [0, 1, 6, 2], "texture": "#2"},
				"east": {"uv": [0, 1, 6, 2], "texture": "#2"},
				"south": {"uv": [0, 1, 6, 2], "texture": "#2"},
				"west": {"uv": [0, 1, 6, 2], "texture": "#2"},
				"up": {"uv": [0, 1, 6, 2], "texture": "#2"},
				"down": {"uv": [0, 1, 6, 2], "texture": "#2"}
			}
		},
		{
			"from": [7.428, -13, 7.556],
			"to": [8.148, 32, 8.756],
			"rotation": {"angle": 22.5, "axis": "y", "origin": [7.188, 0, 10.16]},
			"faces": {
				"north": {"uv": [6, 1, 12, 2], "rotation": 90, "texture": "#2"},
				"east": {"uv": [6, 1, 12, 2], "rotation": 90, "texture": "#2"},
				"south": {"uv": [6, 1, 12, 2], "rotation": 90, "texture": "#2"},
				"west": {"uv": [6, 1, 12, 2], "rotation": 90, "texture": "#2"},
				"up": {"uv": [6, 1, 12, 2], "rotation": 90, "texture": "#2"},
				"down": {"uv": [6, 1, 12, 2], "rotation": 90, "texture": "#2"}
			}
		},
		{
			"from": [7.428, -13, 9.848],
			"to": [8.148, 32, 10.808],
			"rotation": {"angle": -22.5, "axis": "y", "origin": [7.188, 0, 8.24]},
			"faces": {
				"north": {"uv": [6, 0, 12, 1], "rotation": 90, "texture": "#2"},
				"east": {"uv": [6, 0, 12, 1], "rotation": 90, "texture": "#2"},
				"south": {"uv": [6, 0, 12, 1], "rotation": 90, "texture": "#2"},
				"west": {"uv": [6, 0, 12, 1], "rotation": 90, "texture": "#2"},
				"up": {"uv": [6, 0, 12, 1], "rotation": 90, "texture": "#2"},
				"down": {"uv": [6, 0, 12, 1], "rotation": 90, "texture": "#2"}
			}
		},
		{
			"from": [5.652, -13, 8.816],
			"to": [6.972, 32, 9.56],
			"rotation": {"angle": 0, "axis": "y", "origin": [7.188, 0, 8.24]},
			"faces": {
				"north": {"uv": [0, 1, 6.2, 2], "texture": "#2"},
				"east": {"uv": [0, 1, 6.2, 2], "texture": "#2"},
				"south": {"uv": [0, 1, 6.2, 2], "texture": "#2"},
				"west": {"uv": [0, 1, 6.2, 2], "texture": "#2"},
				"up": {"uv": [0, 1, 6.2, 2], "texture": "#2"},
				"down": {"uv": [0, 1, 6.2, 2], "texture": "#2"}
			}
		}
	],
	"display": {
		"thirdperson_righthand": {
			"translation": [0, 2, 0],
			"scale": [0.25, 0.25, 0.25]
		},
		"thirdperson_lefthand": {
			"translation": [0, 2, 0],
			"scale": [0.25, 0.25, 0.25]
		},
		"firstperson_righthand": {
			"translation": [0, 2, 0],
			"scale": [0.25, 0.25, 0.25]
		},
		"firstperson_lefthand": {
			"translation": [0, 2, 0],
			"scale": [0.25, 0.25, 0.25]
		},
		"ground": {
			"translation": [0, 2, 0],
			"scale": [0.5, 0.5, 0.5]
		},
		"gui": {
			"rotation": [45, 22.5, -22.5],
			"scale": [0.6, 0.6, 0.6]
		},
		"head": {
			"translation": [0, 7.5, 0],
			"scale": [2, 2.15, 2]
		},
		"fixed": {
			"scale": [0.5, 0.5, 0.5]
		}
	},
	"groups": [
		0,
		{
			"name": "group",
			"origin": [0, 0, 0],
			"color": 0,
			"children": [1, 2, 3, 4, 5, 6, 7, 8, 9, 10, 11, 12, 13, 14, 15, 16]
		}
	]
}