{
	"credit": "Made by TeleMinecraft (Storbo)",
	"textures": {
		"0": "block/white_concrete",
		"1": "block/glass",
		"2": "block/yellow_concrete",
		"3": "block/black_concrete",
		"4": "item/ergon/paneles",
		"5": "item/ergon/logos",
		"6": "item/banderas/chile",
		"particle": "block/white_concrete"
	},
	"elements": [
		{
			"from": [-7, 5, 15],
			"to": [6, 8, 17.1],
			"rotation": {"angle": 0, "axis": "y", "origin": [0, -1, 0]},
			"faces": {
				"north": {"uv": [0, 0, 16, 4], "texture": "#0"},
				"east": {"uv": [0, 0, 16, 4], "texture": "#missing"},
				"south": {"uv": [0, 0, 16, 4], "texture": "#2"},
				"west": {"uv": [0, 0, 16, 4], "texture": "#2"},
				"up": {"uv": [0, 0, 1, 1], "texture": "#0"},
				"down": {"uv": [0, 0, 16, 16], "texture": "#2"}
			}
		},
		{
			"from": [13, 5, 1],
			"to": [15.5, 9, 15],
			"rotation": {"angle": 0, "axis": "y", "origin": [0, -1, 0]},
			"faces": {
				"north": {"uv": [0, 0, 16, 4], "texture": "#missing"},
				"east": {"uv": [0, 0, 16, 4], "texture": "#3"},
				"south": {"uv": [0, 0, 16, 4], "texture": "#missing"},
				"west": {"uv": [0, 0, 16, 4], "texture": "#0"},
				"up": {"uv": [0, 0, 1, 1], "texture": "#0"},
				"down": {"uv": [0, 0, 16, 16], "texture": "#3"}
			}
		},
		{
			"from": [-7, 6, 1],
			"to": [-5, 9, 15],
			"rotation": {"angle": 0, "axis": "y", "origin": [0, -1, 0]},
			"faces": {
				"north": {"uv": [0, 0, 16, 4], "texture": "#missing"},
				"east": {"uv": [0, 0, 16, 4], "texture": "#missing"},
				"south": {"uv": [0, 0, 16, 4], "texture": "#missing"},
				"west": {"uv": [0, 0, 16, 4], "texture": "#0"},
				"up": {"uv": [0, 0, 1, 1], "texture": "#0"},
				"down": {"uv": [0, 0, 16, 16], "texture": "#2"}
			}
		},
		{
			"from": [-7, 5, 1],
			"to": [-5, 8, 15],
			"rotation": {"angle": 0, "axis": "y", "origin": [0, -1, 0]},
			"faces": {
				"north": {"uv": [0, 0, 16, 4], "texture": "#missing"},
				"east": {"uv": [0, 0, 16, 4], "texture": "#missing"},
				"south": {"uv": [0, 0, 16, 4], "texture": "#missing"},
				"west": {"uv": [0, 0, 16, 4], "texture": "#2"},
				"up": {"uv": [0, 0, 1, 1], "texture": "#0"},
				"down": {"uv": [0, 0, 16, 16], "texture": "#2"}
			}
		},
		{
			"from": [4, 5, 1],
			"to": [15, 6, 15],
			"rotation": {"angle": 0, "axis": "y", "origin": [0, -1, 0]},
			"faces": {
				"north": {"uv": [0, 0, 16, 4], "texture": "#missing"},
				"east": {"uv": [0, 0, 16, 4], "texture": "#3"},
				"south": {"uv": [0, 0, 16, 4], "texture": "#missing"},
				"west": {"uv": [0, 0, 16, 4], "texture": "#3"},
				"up": {"uv": [0, 0, 16, 16], "texture": "#3"},
				"down": {"uv": [0, 0, 16, 16], "texture": "#3"}
			}
		},
		{
			"from": [-5, 5, 1],
			"to": [4, 6, 15],
			"rotation": {"angle": 0, "axis": "y", "origin": [0, -1, 0]},
			"faces": {
				"north": {"uv": [0, 0, 16, 4], "texture": "#missing"},
				"east": {"uv": [0, 0, 16, 4], "texture": "#3"},
				"south": {"uv": [0, 0, 16, 4], "texture": "#missing"},
				"west": {"uv": [0, 0, 16, 4], "texture": "#3"},
				"up": {"uv": [0, 0, 16, 16], "texture": "#missing"},
				"down": {"uv": [0, 0, 16, 16], "texture": "#2"}
			}
		},
		{
			"from": [-5, 8, 1],
			"to": [13, 9, 6],
			"rotation": {"angle": 0, "axis": "y", "origin": [0, -1, 0]},
			"faces": {
				"north": {"uv": [0, 0, 16, 4], "texture": "#missing"},
				"east": {"uv": [0, 0, 16, 4], "texture": "#missing"},
				"south": {"uv": [0, 0, 16, 4], "texture": "#missing"},
				"west": {"uv": [0, 0, 16, 4], "texture": "#missing"},
				"up": {"uv": [0, 0, 1, 1], "texture": "#0"},
				"down": {"uv": [0, 0, 16, 16], "texture": "#missing"}
			}
		},
		{
			"from": [-5, 8, 6],
			"to": [4, 9, 15],
			"rotation": {"angle": 0, "axis": "y", "origin": [0, -1, 0]},
			"faces": {
				"north": {"uv": [0, 0, 16, 4], "texture": "#missing"},
				"east": {"uv": [0, 0, 16, 4], "texture": "#missing"},
				"south": {"uv": [0, 0, 16, 4], "texture": "#missing"},
				"west": {"uv": [0, 0, 16, 4], "texture": "#missing"},
				"up": {"uv": [0, 0, 1, 1], "texture": "#0"},
				"down": {"uv": [0, 0, 16, 16], "texture": "#missing"}
			}
		},
		{
			"from": [4, 6, 6],
			"to": [15.5, 9.1, 7],
			"rotation": {"angle": 0, "axis": "y", "origin": [0, -1, 0]},
			"faces": {
				"north": {"uv": [0, 0, 1, 1], "texture": "#0"},
				"east": {"uv": [0, 0, 1, 1], "texture": "#0"},
				"south": {"uv": [0, 0, 1, 1], "texture": "#0"},
				"west": {"uv": [0, 0, 1, 1], "texture": "#0"},
				"up": {"uv": [0, 0, 1, 1], "texture": "#0"},
				"down": {"uv": [0, 0, 1, 1], "texture": "#0"}
			}
		},
		{
			"from": [4, 6, 15],
			"to": [15.5, 9.1, 16],
			"rotation": {"angle": 0, "axis": "y", "origin": [0, -1, 0]},
			"faces": {
				"north": {"uv": [0, 0, 1, 1], "texture": "#0"},
				"east": {"uv": [0, 0, 1, 1], "texture": "#0"},
				"south": {"uv": [0, 0, 1, 1], "texture": "#0"},
				"west": {"uv": [0, 0, 1, 1], "texture": "#0"},
				"up": {"uv": [0, 0, 1, 1], "texture": "#0"},
				"down": {"uv": [0, 0, 1, 1], "texture": "#0"}
			}
		},
		{
			"from": [4, 6, 7],
			"to": [5, 9.1, 15],
			"rotation": {"angle": 0, "axis": "y", "origin": [0, -1, 0]},
			"faces": {
				"north": {"uv": [0, 0, 1, 1], "texture": "#0"},
				"east": {"uv": [0, 0, 1, 1], "texture": "#0"},
				"south": {"uv": [0, 0, 1, 1], "texture": "#0"},
				"west": {"uv": [0, 0, 1, 1], "texture": "#0"},
				"up": {"uv": [0, 0, 1, 1], "texture": "#0"},
				"down": {"uv": [0, 0, 1, 1], "texture": "#0"}
			}
		},
		{
			"from": [-7, 5, -1.1],
			"to": [6, 8, 1],
			"rotation": {"angle": 0, "axis": "y", "origin": [0, -1, 0]},
			"faces": {
				"north": {"uv": [0, 0, 16, 4], "texture": "#2"},
				"east": {"uv": [0, 0, 16, 4], "texture": "#missing"},
				"south": {"uv": [0, 0, 16, 4], "texture": "#2"},
				"west": {"uv": [0, 0, 16, 4], "texture": "#2"},
				"up": {"uv": [0, 0, 1, 1], "texture": "#0"},
				"down": {"uv": [0, 0, 16, 16], "texture": "#2"}
			}
		},
		{
			"from": [-7, 8, -1.1],
			"to": [6, 9, 1],
			"rotation": {"angle": 0, "axis": "y", "origin": [0, -1, 0]},
			"faces": {
				"north": {"uv": [0, 0, 16, 4], "texture": "#2"},
				"east": {"uv": [0, 0, 16, 4], "texture": "#missing"},
				"south": {"uv": [0, 0, 16, 4], "texture": "#2"},
				"west": {"uv": [0, 0, 16, 4], "texture": "#0"},
				"up": {"uv": [0, 0, 1, 1], "texture": "#0"},
				"down": {"uv": [0, 0, 16, 16], "texture": "#2"}
			}
		},
		{
			"from": [-7, 8, 15],
			"to": [6, 9, 17.1],
			"rotation": {"angle": 0, "axis": "y", "origin": [0, -1, 0]},
			"faces": {
				"north": {"uv": [0, 0, 16, 4], "texture": "#0"},
				"east": {"uv": [0, 0, 16, 4], "texture": "#missing"},
				"south": {"uv": [0, 0, 16, 4], "texture": "#2"},
				"west": {"uv": [0, 0, 16, 4], "texture": "#0"},
				"up": {"uv": [0, 0, 1, 1], "texture": "#0"},
				"down": {"uv": [0, 0, 16, 16], "texture": "#2"}
			}
		},
		{
			"from": [6, 5, 15],
			"to": [15.6, 9, 17.1],
			"rotation": {"angle": 0, "axis": "y", "origin": [0, -1, 0]},
			"faces": {
				"north": {"uv": [0, 0, 1, 1], "texture": "#0"},
				"east": {"uv": [0, 0, 16, 4], "texture": "#3"},
				"south": {"uv": [0, 0, 1, 1], "texture": "#0"},
				"west": {"uv": [0, 0, 16, 4], "texture": "#missing"},
				"up": {"uv": [0, 0, 1, 1], "texture": "#0"},
				"down": {"uv": [0, 0, 16, 16], "texture": "#3"}
			}
		},
		{
			"from": [6, 5, -1.1],
			"to": [15.5, 9, 1],
			"rotation": {"angle": 0, "axis": "y", "origin": [0, -1, 0]},
			"faces": {
				"north": {"uv": [0, 0, 1, 1], "texture": "#0"},
				"east": {"uv": [0, 0, 16, 4], "texture": "#3"},
				"south": {"uv": [0, 0, 1, 1], "texture": "#0"},
				"west": {"uv": [0, 0, 16, 4], "texture": "#missing"},
				"up": {"uv": [0, 0, 1, 1], "texture": "#0"},
				"down": {"uv": [0, 0, 16, 16], "texture": "#3"}
			}
		},
		{
			"from": [0, 0, 0],
			"to": [4, 5, 1],
			"faces": {
				"north": {"uv": [0, 0, 1, 1], "texture": "#2"},
				"east": {"uv": [0, 0, 1, 1], "texture": "#2"},
				"south": {"uv": [0, 0, 1, 1], "texture": "#2"},
				"west": {"uv": [0, 0, 1, 1], "texture": "#2"},
				"up": {"uv": [0, 0, 1, 1], "texture": "#2"},
				"down": {"uv": [0, 0, 1, 1], "texture": "#2"}
			}
		},
		{
			"from": [0, 0, 15],
			"to": [4, 5, 16],
			"faces": {
				"north": {"uv": [0, 0, 1, 1], "texture": "#2"},
				"east": {"uv": [0, 0, 1, 1], "texture": "#2"},
				"south": {"uv": [0, 0, 1, 1], "texture": "#2"},
				"west": {"uv": [0, 0, 1, 1], "texture": "#2"},
				"up": {"uv": [0, 0, 1, 1], "texture": "#2"},
				"down": {"uv": [0, 0, 1, 1], "texture": "#2"}
			}
		},
		{
			"from": [4, 0, 15],
			"to": [16, 5, 16],
			"faces": {
				"north": {"uv": [0, 0, 1, 1], "texture": "#3"},
				"east": {"uv": [0, 0, 1, 1], "texture": "#3"},
				"south": {"uv": [0, 0, 1, 1], "texture": "#3"},
				"west": {"uv": [0, 0, 1, 1], "texture": "#3"},
				"up": {"uv": [0, 0, 1, 1], "texture": "#3"},
				"down": {"uv": [0, 0, 1, 1], "texture": "#3"}
			}
		},
		{
			"from": [4, 0, 0],
			"to": [16, 5, 1],
			"faces": {
				"north": {"uv": [0, 0, 1, 1], "texture": "#3"},
				"east": {"uv": [0, 0, 1, 1], "texture": "#3"},
				"south": {"uv": [0, 0, 1, 1], "texture": "#3"},
				"west": {"uv": [0, 0, 1, 1], "texture": "#3"},
				"up": {"uv": [0, 0, 1, 1], "texture": "#3"},
				"down": {"uv": [0, 0, 1, 1], "texture": "#3"}
			}
		},
		{
			"from": [0, 0, 0],
			"to": [3, 6, 1],
			"rotation": {"angle": 22.5, "axis": "z", "origin": [0, 0, 0]},
			"faces": {
				"north": {"uv": [0, 0, 1, 1], "texture": "#2"},
				"east": {"uv": [0, 0, 1, 1], "texture": "#2"},
				"south": {"uv": [0, 0, 1, 1], "texture": "#2"},
				"west": {"uv": [0, 0, 1, 1], "texture": "#2"},
				"up": {"uv": [0, 0, 1, 1], "texture": "#2"},
				"down": {"uv": [0, 0, 1, 1], "texture": "#2"}
			}
		},
		{
			"from": [13, 0, 0],
			"to": [16, 6, 1],
			"rotation": {"angle": -22.5, "axis": "z", "origin": [16, 0, 0]},
			"faces": {
				"north": {"uv": [0, 0, 1, 1], "texture": "#3"},
				"east": {"uv": [0, 0, 1, 1], "texture": "#3"},
				"south": {"uv": [0, 0, 1, 1], "texture": "#3"},
				"west": {"uv": [0, 0, 1, 1], "texture": "#3"},
				"up": {"uv": [0, 0, 1, 1], "texture": "#3"},
				"down": {"uv": [0, 0, 1, 1], "texture": "#3"}
			}
		},
		{
			"from": [0, 0, 15],
			"to": [3, 6, 16],
			"rotation": {"angle": 22.5, "axis": "z", "origin": [0, 0, 0]},
			"faces": {
				"north": {"uv": [0, 0, 1, 1], "texture": "#2"},
				"east": {"uv": [0, 0, 1, 1], "texture": "#2"},
				"south": {"uv": [0, 0, 1, 1], "texture": "#2"},
				"west": {"uv": [0, 0, 1, 1], "texture": "#2"},
				"up": {"uv": [0, 0, 1, 1], "texture": "#2"},
				"down": {"uv": [0, 0, 1, 1], "texture": "#2"}
			}
		},
		{
			"from": [13, 0, 15],
			"to": [16, 6, 16],
			"rotation": {"angle": -22.5, "axis": "z", "origin": [16, 0, 0]},
			"faces": {
				"north": {"uv": [0, 0, 1, 1], "texture": "#3"},
				"east": {"uv": [0, 0, 1, 1], "texture": "#3"},
				"south": {"uv": [0, 0, 1, 1], "texture": "#3"},
				"west": {"uv": [0, 0, 1, 1], "texture": "#3"},
				"up": {"uv": [0, 0, 1, 1], "texture": "#3"},
				"down": {"uv": [0, 0, 1, 1], "texture": "#3"}
			}
		},
		{
			"from": [29.5, 6.5, -1.1],
			"to": [30.5, 7.5, 17.1],
			"rotation": {"angle": 0, "axis": "y", "origin": [0, -1, 0]},
			"faces": {
				"north": {"uv": [0, 0, 16, 4], "texture": "#0"},
				"east": {"uv": [0, 0, 16, 4], "texture": "#3"},
				"south": {"uv": [0, 0, 16, 4], "texture": "#0"},
				"west": {"uv": [0, 0, 16, 4], "texture": "#3"},
				"up": {"uv": [0, 0, 16, 16], "texture": "#0"},
				"down": {"uv": [0, 0, 16, 16], "texture": "#3"}
			}
		},
		{
			"from": [30.5, 6.6, -1.1],
			"to": [31.5, 7.4, 17.1],
			"rotation": {"angle": 0, "axis": "y", "origin": [0, -1, 0]},
			"faces": {
				"north": {"uv": [0, 0, 16, 4], "texture": "#0"},
				"east": {"uv": [0, 0, 16, 4], "texture": "#3"},
				"south": {"uv": [0, 0, 16, 4], "texture": "#0"},
				"west": {"uv": [0, 0, 16, 4], "texture": "#3"},
				"up": {"uv": [0, 0, 16, 16], "texture": "#0"},
				"down": {"uv": [0, 0, 16, 16], "texture": "#3"}
			}
		},
		{
			"from": [28.5, 6.4, -1.1],
			"to": [29.5, 7.6, 17.1],
			"rotation": {"angle": 0, "axis": "y", "origin": [0, -1, 0]},
			"faces": {
				"north": {"uv": [0, 0, 16, 4], "texture": "#0"},
				"east": {"uv": [0, 0, 16, 4], "texture": "#3"},
				"south": {"uv": [0, 0, 16, 4], "texture": "#0"},
				"west": {"uv": [0, 0, 16, 4], "texture": "#3"},
				"up": {"uv": [0, 0, 16, 16], "texture": "#0"},
				"down": {"uv": [0, 0, 16, 16], "texture": "#3"}
			}
		},
		{
			"from": [27.5, 6.3, -1.1],
			"to": [28.5, 7.7, 17.1],
			"rotation": {"angle": 0, "axis": "y", "origin": [0, -1, 0]},
			"faces": {
				"north": {"uv": [0, 0, 16, 4], "texture": "#0"},
				"east": {"uv": [0, 0, 16, 4], "texture": "#3"},
				"south": {"uv": [0, 0, 16, 4], "texture": "#0"},
				"west": {"uv": [0, 0, 16, 4], "texture": "#3"},
				"up": {"uv": [0, 0, 16, 16], "texture": "#0"},
				"down": {"uv": [0, 0, 16, 16], "texture": "#3"}
			}
		},
		{
			"from": [26.5, 6.2, -1.1],
			"to": [27.5, 7.8, 17.1],
			"rotation": {"angle": 0, "axis": "y", "origin": [0, -1, 0]},
			"faces": {
				"north": {"uv": [0, 0, 16, 4], "texture": "#0"},
				"east": {"uv": [0, 0, 16, 4], "texture": "#3"},
				"south": {"uv": [0, 0, 16, 4], "texture": "#0"},
				"west": {"uv": [0, 0, 16, 4], "texture": "#3"},
				"up": {"uv": [0, 0, 16, 16], "texture": "#0"},
				"down": {"uv": [0, 0, 16, 16], "texture": "#3"}
			}
		},
		{
			"from": [25.5, 6.1, -1.1],
			"to": [26.5, 7.9, 17.1],
			"rotation": {"angle": 0, "axis": "y", "origin": [0, -1, 0]},
			"faces": {
				"north": {"uv": [0, 0, 16, 4], "texture": "#0"},
				"east": {"uv": [0, 0, 16, 4], "texture": "#3"},
				"south": {"uv": [0, 0, 16, 4], "texture": "#0"},
				"west": {"uv": [0, 0, 16, 4], "texture": "#3"},
				"up": {"uv": [0, 0, 16, 16], "texture": "#0"},
				"down": {"uv": [0, 0, 16, 16], "texture": "#3"}
			}
		},
		{
			"from": [24.5, 6, -1.1],
			"to": [25.5, 8, 17.1],
			"rotation": {"angle": 0, "axis": "y", "origin": [0, -1, 0]},
			"faces": {
				"north": {"uv": [0, 0, 16, 4], "texture": "#0"},
				"east": {"uv": [0, 0, 16, 4], "texture": "#3"},
				"south": {"uv": [0, 0, 16, 4], "texture": "#0"},
				"west": {"uv": [0, 0, 16, 4], "texture": "#3"},
				"up": {"uv": [0, 0, 16, 16], "texture": "#0"},
				"down": {"uv": [0, 0, 16, 16], "texture": "#3"}
			}
		},
		{
			"from": [23.5, 5.9, -1.1],
			"to": [24.5, 8.1, 17.1],
			"rotation": {"angle": 0, "axis": "y", "origin": [0, -1, 0]},
			"faces": {
				"north": {"uv": [0, 0, 16, 4], "texture": "#0"},
				"east": {"uv": [0, 0, 16, 4], "texture": "#3"},
				"south": {"uv": [0, 0, 16, 4], "texture": "#0"},
				"west": {"uv": [0, 0, 16, 4], "texture": "#3"},
				"up": {"uv": [0, 0, 16, 16], "texture": "#0"},
				"down": {"uv": [0, 0, 16, 16], "texture": "#3"}
			}
		},
		{
			"from": [22.5, 5.8, -1.1],
			"to": [23.5, 8.2, 17.1],
			"rotation": {"angle": 0, "axis": "y", "origin": [0, -1, 0]},
			"faces": {
				"north": {"uv": [0, 0, 16, 4], "texture": "#0"},
				"east": {"uv": [0, 0, 16, 4], "texture": "#3"},
				"south": {"uv": [0, 0, 16, 4], "texture": "#0"},
				"west": {"uv": [0, 0, 16, 4], "texture": "#3"},
				"up": {"uv": [0, 0, 16, 16], "texture": "#0"},
				"down": {"uv": [0, 0, 16, 16], "texture": "#3"}
			}
		},
		{
			"from": [21.5, 5.7, -1.1],
			"to": [22.5, 8.3, 17.1],
			"rotation": {"angle": 0, "axis": "y", "origin": [0, -1, 0]},
			"faces": {
				"north": {"uv": [0, 0, 16, 4], "texture": "#0"},
				"east": {"uv": [0, 0, 16, 4], "texture": "#3"},
				"south": {"uv": [0, 0, 16, 4], "texture": "#0"},
				"west": {"uv": [0, 0, 16, 4], "texture": "#3"},
				"up": {"uv": [0, 0, 16, 16], "texture": "#0"},
				"down": {"uv": [0, 0, 16, 16], "texture": "#3"}
			}
		},
		{
			"from": [20.5, 5.6, -1.1],
			"to": [21.5, 8.4, 17.1],
			"rotation": {"angle": 0, "axis": "y", "origin": [0, -1, 0]},
			"faces": {
				"north": {"uv": [0, 0, 16, 4], "texture": "#0"},
				"east": {"uv": [0, 0, 16, 4], "texture": "#3"},
				"south": {"uv": [0, 0, 16, 4], "texture": "#0"},
				"west": {"uv": [0, 0, 16, 4], "texture": "#3"},
				"up": {"uv": [0, 0, 16, 16], "texture": "#0"},
				"down": {"uv": [0, 0, 16, 16], "texture": "#3"}
			}
		},
		{
			"from": [19.5, 5.5, -1.1],
			"to": [20.5, 8.5, 17.1],
			"rotation": {"angle": 0, "axis": "y", "origin": [0, -1, 0]},
			"faces": {
				"north": {"uv": [0, 0, 16, 4], "texture": "#0"},
				"east": {"uv": [0, 0, 16, 4], "texture": "#3"},
				"south": {"uv": [0, 0, 16, 4], "texture": "#0"},
				"west": {"uv": [0, 0, 16, 4], "texture": "#3"},
				"up": {"uv": [0, 0, 16, 16], "texture": "#0"},
				"down": {"uv": [0, 0, 16, 16], "texture": "#3"}
			}
		},
		{
			"from": [18.5, 5.4, -1.1],
			"to": [19.5, 8.6, 17.1],
			"rotation": {"angle": 0, "axis": "y", "origin": [0, -1, 0]},
			"faces": {
				"north": {"uv": [0, 0, 16, 4], "texture": "#0"},
				"east": {"uv": [0, 0, 16, 4], "texture": "#3"},
				"south": {"uv": [0, 0, 16, 4], "texture": "#0"},
				"west": {"uv": [0, 0, 16, 4], "texture": "#3"},
				"up": {"uv": [0, 0, 16, 16], "texture": "#0"},
				"down": {"uv": [0, 0, 16, 16], "texture": "#3"}
			}
		},
		{
			"from": [17.5, 5.3, -1.1],
			"to": [18.5, 8.7, 17.1],
			"rotation": {"angle": 0, "axis": "y", "origin": [0, -1, 0]},
			"faces": {
				"north": {"uv": [0, 0, 16, 4], "texture": "#0"},
				"east": {"uv": [0, 0, 16, 4], "texture": "#3"},
				"south": {"uv": [0, 0, 16, 4], "texture": "#0"},
				"west": {"uv": [0, 0, 16, 4], "texture": "#3"},
				"up": {"uv": [0, 0, 16, 16], "texture": "#0"},
				"down": {"uv": [0, 0, 16, 16], "texture": "#3"}
			}
		},
		{
			"from": [16.5, 5.2, -1.1],
			"to": [17.5, 8.8, 17.1],
			"rotation": {"angle": 0, "axis": "y", "origin": [0, -1, 0]},
			"faces": {
				"north": {"uv": [0, 0, 16, 4], "texture": "#0"},
				"east": {"uv": [0, 0, 16, 4], "texture": "#3"},
				"south": {"uv": [0, 0, 16, 4], "texture": "#0"},
				"west": {"uv": [0, 0, 16, 4], "texture": "#3"},
				"up": {"uv": [0, 0, 16, 16], "texture": "#0"},
				"down": {"uv": [0, 0, 16, 16], "texture": "#3"}
			}
		},
		{
			"from": [15.5, 5.1, -1.1],
			"to": [16.5, 8.9, 17.1],
			"rotation": {"angle": 0, "axis": "y", "origin": [0, -1, 0]},
			"faces": {
				"north": {"uv": [0, 0, 16, 4], "texture": "#0"},
				"east": {"uv": [0, 0, 16, 4], "texture": "#3"},
				"south": {"uv": [0, 0, 16, 4], "texture": "#0"},
				"west": {"uv": [0, 0, 16, 4], "texture": "#3"},
				"up": {"uv": [0, 0, 16, 16], "texture": "#0"},
				"down": {"uv": [0, 0, 16, 16], "texture": "#3"}
			}
		},
		{
			"from": [-8, 6, -1.1],
			"to": [-7, 8, 17.1],
			"rotation": {"angle": 0, "axis": "y", "origin": [0, -1, 0]},
			"faces": {
				"north": {"uv": [0, 0, 16, 4], "texture": "#2"},
				"east": {"uv": [0, 0, 16, 4], "texture": "#missing"},
				"south": {"uv": [0, 0, 16, 4], "texture": "#2"},
				"west": {"uv": [0, 0, 16, 4], "texture": "#missing"},
				"up": {"uv": [0, 0, 16, 16], "texture": "#missing"},
				"down": {"uv": [0, 0, 16, 16], "texture": "#missing"}
			}
		},
		{
			"from": [-10.1, 6.3, -1.1],
			"to": [-9.2, 7.7, 17.1],
			"rotation": {"angle": 0, "axis": "y", "origin": [0, -1, 0]},
			"faces": {
				"north": {"uv": [0, 0, 16, 16], "texture": "#2"},
				"east": {"uv": [0, 0, 16, 16], "texture": "#0"},
				"south": {"uv": [0, 0, 16, 16], "texture": "#2"},
				"west": {"uv": [0, 0, 16, 16], "texture": "#0"},
				"up": {"uv": [0, 0, 16, 16], "texture": "#0"},
				"down": {"uv": [0, 0, 16, 16], "texture": "#0"}
			}
		},
		{
			"from": [-6, 9.3, -1.1],
			"to": [-2.5, 10.85, 17.1],
			"rotation": {"angle": 22.5, "axis": "z", "origin": [0, -1, 0]},
			"faces": {
				"north": {"uv": [0, 0, 16, 4], "texture": "#2"},
				"east": {"uv": [0, 0, 16, 4], "texture": "#missing"},
				"south": {"uv": [0, 0, 16, 4], "texture": "#2"},
				"west": {"uv": [0, 0, 16, 4], "texture": "#missing"},
				"up": {"uv": [0, 0, 1, 1], "texture": "#0"},
				"down": {"uv": [0, 0, 16, 16], "texture": "#missing"}
			}
		},
		{
			"from": [-6, 3.15, -1.1],
			"to": [-2.5, 4.8, 17.1],
			"rotation": {"angle": -22.5, "axis": "z", "origin": [0, 15, 0]},
			"faces": {
				"north": {"uv": [0, 4, 16, 0], "texture": "#2"},
				"east": {"uv": [0, 4, 16, 0], "texture": "#missing"},
				"south": {"uv": [0, 4, 16, 0], "texture": "#2"},
				"west": {"uv": [0, 4, 16, 0], "texture": "#missing"},
				"up": {"uv": [0, 16, 16, 0], "texture": "#missing"},
				"down": {"uv": [0, 16, 16, 0], "texture": "#2"}
			}
		},
		{
			"from": [5.8, 17, 7],
			"to": [8.9, 18, 15],
			"rotation": {"angle": -22.5, "axis": "z", "origin": [-0.5, -1, 0]},
			"faces": {
				"north": {"uv": [0, 0, 1, 1], "rotation": 90, "texture": "#0"},
				"east": {"uv": [0, 0, 1, 1], "rotation": 270, "texture": "#0"},
				"south": {"uv": [0, 0, 1, 1], "rotation": 270, "texture": "#0"},
				"west": {"uv": [0, 0, 1, 1], "rotation": 270, "texture": "#0"},
				"up": {"uv": [0, 0, 1, 1], "rotation": 270, "texture": "#0"},
				"down": {"uv": [0, 0, 1, 1], "rotation": 270, "texture": "#0"}
			}
		},
		{
			"from": [14.5, 6, 7],
			"to": [15.5, 13, 15],
			"rotation": {"angle": 0, "axis": "y", "origin": [-0.5, -1, 0]},
			"faces": {
				"north": {"uv": [0, 0, 1, 1], "texture": "#0"},
				"east": {"uv": [0, 0, 1, 1], "texture": "#0"},
				"south": {"uv": [0, 0, 1, 1], "texture": "#0"},
				"west": {"uv": [0, 0, 1, 1], "texture": "#0"},
				"up": {"uv": [0, 0, 1, 1], "texture": "#0"},
				"down": {"uv": [0, 0, 1, 1], "texture": "#0"}
			}
		},
		{
			"from": [5, 6.1, 7],
			"to": [6, 13.1, 15],
			"rotation": {"angle": 0, "axis": "y", "origin": [0, -1, 0]},
			"faces": {
				"north": {"uv": [14, 1, 16, 16], "texture": "#1"},
				"south": {"uv": [0, 1, 2, 16], "texture": "#1"},
				"west": {"uv": [0, 1, 16, 16], "texture": "#1"},
				"up": {"uv": [0, 0, 1, 16], "texture": "#1"},
				"down": {"uv": [0, 0, 1, 16], "texture": "#1"}
			}
		},
		{
			"from": [11, 6.1, 7],
			"to": [12, 13.1, 15],
			"rotation": {"angle": 0, "axis": "y", "origin": [0, -1, 0]},
			"faces": {
				"north": {"uv": [0, 0, 1, 1], "texture": "#0"},
				"east": {"uv": [0, 0, 1, 1], "texture": "#0"},
				"south": {"uv": [0, 0, 1, 1], "texture": "#0"},
				"west": {"uv": [0, 0, 1, 1], "texture": "#0"},
				"up": {"uv": [0, 0, 1, 1], "texture": "#0"},
				"down": {"uv": [0, 0, 1, 1], "texture": "#0"}
			}
		},
		{
			"from": [6, 6.1, 14],
			"to": [11, 7.1, 15],
			"rotation": {"angle": 0, "axis": "y", "origin": [0, -1, 0]},
			"faces": {
				"north": {"uv": [0, 0, 1, 1], "texture": "#0"},
				"east": {"uv": [0, 0, 1, 1], "texture": "#0"},
				"south": {"uv": [0, 0, 1, 1], "texture": "#0"},
				"west": {"uv": [0, 0, 1, 1], "texture": "#0"},
				"up": {"uv": [0, 0, 1, 1], "texture": "#0"},
				"down": {"uv": [0, 0, 1, 1], "texture": "#0"}
			}
		},
		{
			"from": [6, 6.1, 7],
			"to": [11, 7.1, 8],
			"rotation": {"angle": 0, "axis": "y", "origin": [0, -1, 0]},
			"faces": {
				"north": {"uv": [0, 0, 1, 1], "texture": "#0"},
				"east": {"uv": [0, 0, 1, 1], "texture": "#0"},
				"south": {"uv": [0, 0, 1, 1], "texture": "#0"},
				"west": {"uv": [0, 0, 1, 1], "texture": "#0"},
				"up": {"uv": [0, 0, 1, 1], "texture": "#0"},
				"down": {"uv": [0, 0, 1, 1], "texture": "#0"}
			}
		},
		{
			"from": [5, 6.1, 7],
			"to": [7, 7.2, 15],
			"rotation": {"angle": 0, "axis": "y", "origin": [0, -1, 0]},
			"faces": {
				"north": {"uv": [0, 0, 1, 1], "texture": "#0"},
				"east": {"uv": [0, 0, 1, 1], "texture": "#0"},
				"south": {"uv": [0, 0, 1, 1], "texture": "#0"},
				"west": {"uv": [0, 0, 1, 1], "texture": "#0"},
				"up": {"uv": [0, 0, 1, 1], "texture": "#0"},
				"down": {"uv": [0, 0, 1, 1], "texture": "#0"}
			}
		},
		{
			"from": [10, 6.1, 8],
			"to": [11, 11.1, 14],
			"rotation": {"angle": 0, "axis": "y", "origin": [0, -1, 0]},
			"faces": {
				"north": {"uv": [0, 0, 1, 1], "texture": "#3"},
				"east": {"uv": [0, 0, 1, 1], "texture": "#3"},
				"south": {"uv": [0, 0, 1, 1], "texture": "#3"},
				"west": {"uv": [0, 0, 1, 1], "texture": "#3"},
				"up": {"uv": [0, 0, 1, 1], "texture": "#3"},
				"down": {"uv": [0, 0, 1, 1], "texture": "#3"}
			}
		},
		{
			"from": [10, 11.1, 9],
			"to": [11, 12.1, 13],
			"rotation": {"angle": 0, "axis": "y", "origin": [0, -1, 0]},
			"faces": {
				"north": {"uv": [0, 0, 1, 1], "texture": "#3"},
				"east": {"uv": [0, 0, 1, 1], "texture": "#3"},
				"south": {"uv": [0, 0, 1, 1], "texture": "#3"},
				"west": {"uv": [0, 0, 1, 1], "texture": "#3"},
				"up": {"uv": [0, 0, 1, 1], "texture": "#3"},
				"down": {"uv": [0, 0, 1, 1], "texture": "#3"}
			}
		},
		{
			"from": [6, 6.1, 8],
			"to": [10, 7.1, 14],
			"rotation": {"angle": 0, "axis": "y", "origin": [0, -1, 0]},
			"faces": {
				"north": {"uv": [0, 0, 1, 1], "texture": "#3"},
				"east": {"uv": [0, 0, 1, 1], "texture": "#3"},
				"south": {"uv": [0, 0, 1, 1], "texture": "#3"},
				"west": {"uv": [0, 0, 1, 1], "texture": "#3"},
				"up": {"uv": [0, 0, 1, 1], "texture": "#3"},
				"down": {"uv": [0, 0, 1, 1], "texture": "#3"}
			}
		},
		{
			"from": [11.5, 6.1, 7],
			"to": [14.6, 13.1, 15],
			"rotation": {"angle": 0, "axis": "x", "origin": [0, -1, 0]},
			"faces": {
				"north": {"uv": [7, 6, 15, 15], "rotation": 180, "texture": "#1"},
				"south": {"uv": [1, 1, 13, 6], "rotation": 90, "texture": "#1"}
			}
		},
		{
			"from": [6, 6.1, 7],
			"to": [11.1, 13.1, 15],
			"rotation": {"angle": 0, "axis": "y", "origin": [0, -1, 0]},
			"faces": {
				"north": {"uv": [1, 2, 14, 14], "rotation": 90, "texture": "#1"},
				"south": {"uv": [2, 1, 15, 15], "rotation": 180, "texture": "#1"}
			}
		},
		{
			"from": [5, 13.1, 7],
			"to": [12.5, 14.1, 15],
			"rotation": {"angle": 0, "axis": "y", "origin": [0, -1, 0]},
			"faces": {
				"north": {"uv": [0, 0, 1, 1], "texture": "#0"},
				"east": {"uv": [0, 0, 1, 1], "texture": "#0"},
				"south": {"uv": [0, 0, 1, 1], "texture": "#0"},
				"west": {"uv": [0, 0, 1, 1], "texture": "#0"},
				"up": {"uv": [0, 0, 1, 1], "texture": "#0"},
				"down": {"uv": [0, 0, 1, 1], "texture": "#0"}
			}
		},
		{
			"from": [-6.5, 8.9, -1],
			"to": [-2.5, 9.01, 3],
			"rotation": {"angle": 0, "axis": "y", "origin": [0, -1, 0]},
			"faces": {
				"north": {"uv": [0, 0, 16, 16], "texture": "#0"},
				"east": {"uv": [0, 0, 4, 1.1], "texture": "#0"},
				"south": {"uv": [0, 0, 4, 1.1], "texture": "#0"},
				"west": {"uv": [0, 0, 4, 1.1], "texture": "#0"},
				"up": {"uv": [0, 0, 16, 16], "texture": "#4"},
				"down": {"uv": [0, 0, 4, 4], "texture": "#0"}
			}
		},
		{
			"from": [-6.5, 8.9, 3],
			"to": [-2.5, 9.01, 7],
			"rotation": {"angle": 0, "axis": "y", "origin": [0, -1, 0]},
			"faces": {
				"north": {"uv": [0, 0, 16, 16], "texture": "#0"},
				"east": {"uv": [0, 0, 4, 1.1], "texture": "#0"},
				"south": {"uv": [0, 0, 4, 1.1], "texture": "#0"},
				"west": {"uv": [0, 0, 4, 1.1], "texture": "#0"},
				"up": {"uv": [0, 0, 16, 16], "texture": "#4"},
				"down": {"uv": [0, 0, 4, 4], "texture": "#0"}
			}
		},
		{
			"from": [-6.5, 8.9, 7],
			"to": [-2.5, 9.01, 11],
			"rotation": {"angle": 0, "axis": "y", "origin": [0, -1, 0]},
			"faces": {
				"north": {"uv": [0, 0, 16, 16], "texture": "#0"},
				"east": {"uv": [0, 0, 4, 1.1], "texture": "#0"},
				"south": {"uv": [0, 0, 4, 1.1], "texture": "#0"},
				"west": {"uv": [0, 0, 4, 1.1], "texture": "#0"},
				"up": {"uv": [0, 0, 16, 16], "texture": "#4"},
				"down": {"uv": [0, 0, 4, 4], "texture": "#0"}
			}
		},
		{
			"from": [-6.5, 8.9, 11],
			"to": [-2.5, 9.01, 15],
			"rotation": {"angle": 0, "axis": "y", "origin": [0, -1, 0]},
			"faces": {
				"north": {"uv": [0, 0, 16, 16], "texture": "#0"},
				"east": {"uv": [0, 0, 4, 1.1], "texture": "#0"},
				"south": {"uv": [0, 0, 4, 1.1], "texture": "#0"},
				"west": {"uv": [0, 0, 4, 1.1], "texture": "#0"},
				"up": {"uv": [0, 0, 16, 16], "texture": "#4"},
				"down": {"uv": [0, 0, 4, 4], "texture": "#0"}
			}
		},
		{
			"from": [-6.5, 8.9, 15],
			"to": [-2.5, 9.01, 17],
			"rotation": {"angle": 0, "axis": "y", "origin": [0, -1, 0]},
			"faces": {
				"north": {"uv": [0, 0, 16, 16], "texture": "#0"},
				"east": {"uv": [0, 0, 4, 1.1], "texture": "#0"},
				"south": {"uv": [0, 0, 4, 1.1], "texture": "#0"},
				"west": {"uv": [0, 0, 4, 1.1], "texture": "#0"},
				"up": {"uv": [0, 0, 16, 8], "texture": "#4"},
				"down": {"uv": [0, 0, 4, 4], "texture": "#0"}
			}
		},
		{
			"from": [-2.5, 8.9, -1],
			"to": [1.5, 9.01, 3],
			"rotation": {"angle": 0, "axis": "y", "origin": [0, -1, 0]},
			"faces": {
				"north": {"uv": [0, 0, 16, 16], "texture": "#0"},
				"east": {"uv": [0, 0, 4, 1.1], "texture": "#0"},
				"south": {"uv": [0, 0, 4, 1.1], "texture": "#0"},
				"west": {"uv": [0, 0, 4, 1.1], "texture": "#0"},
				"up": {"uv": [0, 0, 16, 16], "texture": "#4"},
				"down": {"uv": [0, 0, 4, 4], "texture": "#0"}
			}
		},
		{
			"from": [-2.5, 8.9, 3],
			"to": [1.5, 9.01, 7],
			"rotation": {"angle": 0, "axis": "y", "origin": [0, -1, 0]},
			"faces": {
				"north": {"uv": [0, 0, 16, 16], "texture": "#0"},
				"east": {"uv": [0, 0, 4, 1.1], "texture": "#0"},
				"south": {"uv": [0, 0, 4, 1.1], "texture": "#0"},
				"west": {"uv": [0, 0, 4, 1.1], "texture": "#0"},
				"up": {"uv": [0, 0, 16, 16], "texture": "#4"},
				"down": {"uv": [0, 0, 4, 4], "texture": "#0"}
			}
		},
		{
			"from": [1.5, 8.9, -1],
			"to": [5.5, 9.01, 3],
			"rotation": {"angle": 0, "axis": "y", "origin": [0, -1, 0]},
			"faces": {
				"north": {"uv": [0, 0, 16, 16], "texture": "#0"},
				"east": {"uv": [0, 0, 4, 1.1], "texture": "#0"},
				"south": {"uv": [0, 0, 4, 1.1], "texture": "#0"},
				"west": {"uv": [0, 0, 4, 1.1], "texture": "#0"},
				"up": {"uv": [0, 0, 16, 16], "texture": "#4"},
				"down": {"uv": [0, 0, 4, 4], "texture": "#0"}
			}
		},
		{
			"from": [5.5, 8.9, -1],
			"to": [9.5, 9.01, 3],
			"rotation": {"angle": 0, "axis": "y", "origin": [0, -1, 0]},
			"faces": {
				"north": {"uv": [0, 0, 16, 16], "texture": "#0"},
				"east": {"uv": [0, 0, 4, 1.1], "texture": "#0"},
				"south": {"uv": [0, 0, 4, 1.1], "texture": "#0"},
				"west": {"uv": [0, 0, 4, 1.1], "texture": "#0"},
				"up": {"uv": [0, 0, 16, 16], "texture": "#4"},
				"down": {"uv": [0, 0, 4, 4], "texture": "#0"}
			}
		},
		{
			"from": [9.5, 8.9, -1],
			"to": [13.5, 9.01, 3],
			"rotation": {"angle": 0, "axis": "y", "origin": [0, -1, 0]},
			"faces": {
				"north": {"uv": [0, 0, 16, 16], "texture": "#0"},
				"east": {"uv": [0, 0, 4, 1.1], "texture": "#0"},
				"south": {"uv": [0, 0, 4, 1.1], "texture": "#0"},
				"west": {"uv": [0, 0, 4, 1.1], "texture": "#0"},
				"up": {"uv": [0, 0, 16, 16], "texture": "#4"},
				"down": {"uv": [0, 0, 4, 4], "texture": "#0"}
			}
		},
		{
			"from": [-2.5, 8.9, 7],
			"to": [1.5, 9.01, 11],
			"rotation": {"angle": 0, "axis": "y", "origin": [0, -1, 0]},
			"faces": {
				"north": {"uv": [0, 0, 16, 16], "texture": "#0"},
				"east": {"uv": [0, 0, 4, 1.1], "texture": "#0"},
				"south": {"uv": [0, 0, 4, 1.1], "texture": "#0"},
				"west": {"uv": [0, 0, 4, 1.1], "texture": "#0"},
				"up": {"uv": [0, 0, 16, 16], "texture": "#4"},
				"down": {"uv": [0, 0, 4, 4], "texture": "#0"}
			}
		},
		{
			"from": [-2.5, 8.9, 11],
			"to": [1.5, 9.01, 15],
			"rotation": {"angle": 0, "axis": "y", "origin": [0, -1, 0]},
			"faces": {
				"north": {"uv": [0, 0, 16, 16], "texture": "#0"},
				"east": {"uv": [0, 0, 4, 1.1], "texture": "#0"},
				"south": {"uv": [0, 0, 4, 1.1], "texture": "#0"},
				"west": {"uv": [0, 0, 4, 1.1], "texture": "#0"},
				"up": {"uv": [0, 0, 16, 16], "texture": "#4"},
				"down": {"uv": [0, 0, 4, 4], "texture": "#0"}
			}
		},
		{
			"from": [-2.5, 8.9, 15],
			"to": [1.5, 9.01, 17],
			"rotation": {"angle": 0, "axis": "y", "origin": [0, -1, 0]},
			"faces": {
				"north": {"uv": [0, 0, 16, 16], "texture": "#0"},
				"east": {"uv": [0, 0, 4, 1.1], "texture": "#0"},
				"south": {"uv": [0, 0, 4, 1.1], "texture": "#0"},
				"west": {"uv": [0, 0, 4, 1.1], "texture": "#0"},
				"up": {"uv": [0, 0, 16, 8], "texture": "#4"},
				"down": {"uv": [0, 0, 4, 4], "texture": "#0"}
			}
		},
		{
			"from": [1.5, 8.9, 13],
			"to": [3.5, 9.01, 17],
			"rotation": {"angle": 0, "axis": "y", "origin": [0, -1, 0]},
			"faces": {
				"north": {"uv": [0, 0, 4, 1.1], "texture": "#0"},
				"east": {"uv": [0, 0, 4, 1.1], "texture": "#0"},
				"south": {"uv": [0, 0, 4, 1.1], "texture": "#0"},
				"west": {"uv": [0, 0, 16, 16], "texture": "#0"},
				"up": {"uv": [0, 0, 16, 8], "rotation": 270, "texture": "#4"},
				"down": {"uv": [0, 0, 4, 4], "rotation": 90, "texture": "#0"}
			}
		},
		{
			"from": [1.5, 8.9, 5],
			"to": [3.5, 9.01, 9],
			"rotation": {"angle": 0, "axis": "y", "origin": [0, -1, 0]},
			"faces": {
				"north": {"uv": [0, 0, 4, 1.1], "texture": "#0"},
				"east": {"uv": [0, 0, 4, 1.1], "texture": "#0"},
				"south": {"uv": [0, 0, 4, 1.1], "texture": "#0"},
				"west": {"uv": [0, 0, 16, 16], "texture": "#0"},
				"up": {"uv": [0, 0, 16, 8], "rotation": 270, "texture": "#4"},
				"down": {"uv": [0, 0, 4, 4], "rotation": 90, "texture": "#0"}
			}
		},
		{
			"from": [1.5, 8.9, 9],
			"to": [3.5, 9.01, 13],
			"rotation": {"angle": 0, "axis": "y", "origin": [0, -1, 0]},
			"faces": {
				"north": {"uv": [0, 0, 4, 1.1], "texture": "#0"},
				"east": {"uv": [0, 0, 4, 1.1], "texture": "#0"},
				"south": {"uv": [0, 0, 4, 1.1], "texture": "#0"},
				"west": {"uv": [0, 0, 16, 16], "texture": "#0"},
				"up": {"uv": [0, 0, 16, 8], "rotation": 270, "texture": "#4"},
				"down": {"uv": [0, 0, 4, 4], "rotation": 90, "texture": "#0"}
			}
		},
		{
			"from": [13.5, 8.9, -1],
			"to": [15.5, 9.01, 3],
			"rotation": {"angle": 0, "axis": "y", "origin": [0, -1, 0]},
			"faces": {
				"north": {"uv": [0, 0, 4, 1.1], "texture": "#0"},
				"east": {"uv": [0, 0, 4, 1.1], "texture": "#0"},
				"south": {"uv": [0, 0, 4, 1.1], "texture": "#0"},
				"west": {"uv": [0, 0, 16, 16], "texture": "#0"},
				"up": {"uv": [0, 0, 16, 8], "rotation": 270, "texture": "#4"},
				"down": {"uv": [0, 0, 4, 4], "rotation": 90, "texture": "#0"}
			}
		},
		{
			"from": [1.5, 8.9, 3],
			"to": [5.5, 9.01, 5],
			"rotation": {"angle": 0, "axis": "y", "origin": [0, -1, 0]},
			"faces": {
				"north": {"uv": [0, 0, 16, 16], "texture": "#0"},
				"east": {"uv": [0, 0, 4, 1.1], "texture": "#0"},
				"south": {"uv": [0, 0, 4, 1.1], "texture": "#0"},
				"west": {"uv": [0, 0, 4, 1.1], "texture": "#0"},
				"up": {"uv": [0, 0, 16, 8], "texture": "#4"},
				"down": {"uv": [0, 0, 4, 4], "texture": "#0"}
			}
		},
		{
			"from": [5.5, 8.9, 3],
			"to": [9.5, 9.01, 5],
			"rotation": {"angle": 0, "axis": "y", "origin": [0, -1, 0]},
			"faces": {
				"north": {"uv": [0, 0, 16, 16], "texture": "#0"},
				"east": {"uv": [0, 0, 4, 1.1], "texture": "#0"},
				"south": {"uv": [0, 0, 4, 1.1], "texture": "#0"},
				"west": {"uv": [0, 0, 4, 1.1], "texture": "#0"},
				"up": {"uv": [0, 0, 16, 8], "texture": "#4"},
				"down": {"uv": [0, 0, 4, 4], "texture": "#0"}
			}
		},
		{
			"from": [9.5, 8.9, 3],
			"to": [13.5, 9.01, 5],
			"rotation": {"angle": 0, "axis": "y", "origin": [0, -1, 0]},
			"faces": {
				"north": {"uv": [0, 0, 16, 16], "texture": "#0"},
				"east": {"uv": [0, 0, 4, 1.1], "texture": "#0"},
				"south": {"uv": [0, 0, 4, 1.1], "texture": "#0"},
				"west": {"uv": [0, 0, 4, 1.1], "texture": "#0"},
				"up": {"uv": [0, 0, 16, 8], "texture": "#4"},
				"down": {"uv": [0, 0, 4, 4], "texture": "#0"}
			}
		},
		{
			"from": [13.5, 8.9, 3],
			"to": [15.5, 9.01, 5],
			"rotation": {"angle": 0, "axis": "y", "origin": [0, -1, 0]},
			"faces": {
				"north": {"uv": [0, 0, 16, 16], "texture": "#0"},
				"east": {"uv": [0, 0, 4, 1.1], "texture": "#0"},
				"south": {"uv": [0, 0, 4, 1.1], "texture": "#0"},
				"west": {"uv": [0, 0, 4, 1.1], "texture": "#0"},
				"up": {"uv": [0, 0, 8, 8], "texture": "#4"},
				"down": {"uv": [0, 0, 4, 4], "texture": "#0"}
			}
		},
		{
			"from": [-6.1, 10.8, -1],
			"to": [-2.3, 10.91, 3],
			"rotation": {"angle": 22.5, "axis": "z", "origin": [0, -1, 0]},
			"faces": {
				"north": {"uv": [0, 0, 16, 16], "texture": "#0"},
				"east": {"uv": [0, 0, 4, 1.1], "texture": "#0"},
				"south": {"uv": [0, 0, 4, 1.1], "texture": "#0"},
				"west": {"uv": [0, 0, 4, 1.1], "texture": "#0"},
				"up": {"uv": [0, 0, 16, 16], "texture": "#4"},
				"down": {"uv": [0, 0, 4, 4], "texture": "#0"}
			}
		},
		{
			"from": [-6.1, 10.8, 3],
			"to": [-2.3, 10.91, 7],
			"rotation": {"angle": 22.5, "axis": "z", "origin": [0, -1, 0]},
			"faces": {
				"north": {"uv": [0, 0, 16, 16], "texture": "#0"},
				"east": {"uv": [0, 0, 4, 1.1], "texture": "#0"},
				"south": {"uv": [0, 0, 4, 1.1], "texture": "#0"},
				"west": {"uv": [0, 0, 4, 1.1], "texture": "#0"},
				"up": {"uv": [0, 0, 16, 16], "texture": "#4"},
				"down": {"uv": [0, 0, 4, 4], "texture": "#0"}
			}
		},
		{
			"from": [-6.1, 10.8, 7],
			"to": [-2.3, 10.91, 11],
			"rotation": {"angle": 22.5, "axis": "z", "origin": [0, -1, 0]},
			"faces": {
				"north": {"uv": [0, 0, 16, 16], "texture": "#0"},
				"east": {"uv": [0, 0, 4, 1.1], "texture": "#0"},
				"south": {"uv": [0, 0, 4, 1.1], "texture": "#0"},
				"west": {"uv": [0, 0, 4, 1.1], "texture": "#0"},
				"up": {"uv": [0, 0, 16, 16], "texture": "#4"},
				"down": {"uv": [0, 0, 4, 4], "texture": "#0"}
			}
		},
		{
			"from": [-6.1, 10.8, 11],
			"to": [-2.3, 10.91, 15],
			"rotation": {"angle": 22.5, "axis": "z", "origin": [0, -1, 0]},
			"faces": {
				"north": {"uv": [0, 0, 16, 16], "texture": "#0"},
				"east": {"uv": [0, 0, 4, 1.1], "texture": "#0"},
				"south": {"uv": [0, 0, 4, 1.1], "texture": "#0"},
				"west": {"uv": [0, 0, 4, 1.1], "texture": "#0"},
				"up": {"uv": [0, 0, 16, 16], "texture": "#4"},
				"down": {"uv": [0, 0, 4, 4], "texture": "#0"}
			}
		},
		{
			"from": [-6.1, 10.8, 15],
			"to": [-2.3, 10.91, 17],
			"rotation": {"angle": 22.5, "axis": "z", "origin": [0, -1, 0]},
			"faces": {
				"north": {"uv": [0, 0, 16, 16], "texture": "#0"},
				"east": {"uv": [0, 0, 4, 1.1], "texture": "#0"},
				"south": {"uv": [0, 0, 4, 1.1], "texture": "#0"},
				"west": {"uv": [0, 0, 4, 1.1], "texture": "#0"},
				"up": {"uv": [0, 0, 16, 8], "texture": "#4"},
				"down": {"uv": [0, 0, 4, 4], "texture": "#0"}
			}
		},
		{
			"from": [15.5, 8.8, 9],
			"to": [16.5, 8.91, 13],
			"rotation": {"angle": 0, "axis": "y", "origin": [0, -1, 0]},
			"faces": {
				"north": {"uv": [0, 0, 4, 1.1], "texture": "#0"},
				"east": {"uv": [0, 0, 4, 1.1], "texture": "#0"},
				"south": {"uv": [0, 0, 4, 1.1], "texture": "#0"},
				"west": {"uv": [0, 0, 16, 16], "texture": "#0"},
				"up": {"uv": [0, 0, 16, 4], "rotation": 270, "texture": "#4"},
				"down": {"uv": [0, 0, 4, 4], "rotation": 90, "texture": "#0"}
			}
		},
		{
			"from": [15.5, 8.8, 13],
			"to": [16.5, 8.91, 17],
			"rotation": {"angle": 0, "axis": "y", "origin": [0, -1, 0]},
			"faces": {
				"north": {"uv": [0, 0, 4, 1.1], "texture": "#0"},
				"east": {"uv": [0, 0, 4, 1.1], "texture": "#0"},
				"south": {"uv": [0, 0, 4, 1.1], "texture": "#0"},
				"west": {"uv": [0, 0, 16, 16], "texture": "#0"},
				"up": {"uv": [0, 0, 16, 4], "rotation": 270, "texture": "#4"},
				"down": {"uv": [0, 0, 4, 4], "rotation": 90, "texture": "#0"}
			}
		},
		{
			"from": [15.5, 8.8, 5],
			"to": [16.5, 8.91, 9],
			"rotation": {"angle": 0, "axis": "y", "origin": [0, -1, 0]},
			"faces": {
				"north": {"uv": [0, 0, 4, 1.1], "texture": "#0"},
				"east": {"uv": [0, 0, 4, 1.1], "texture": "#0"},
				"south": {"uv": [0, 0, 4, 1.1], "texture": "#0"},
				"west": {"uv": [0, 0, 16, 16], "texture": "#0"},
				"up": {"uv": [0, 0, 16, 4], "rotation": 270, "texture": "#4"},
				"down": {"uv": [0, 0, 4, 4], "rotation": 90, "texture": "#0"}
			}
		},
		{
			"from": [16.5, 8.7, 5],
			"to": [17.5, 8.81, 9],
			"rotation": {"angle": 0, "axis": "y", "origin": [0, -1, 0]},
			"faces": {
				"north": {"uv": [0, 0, 4, 1.1], "texture": "#0"},
				"east": {"uv": [0, 0, 4, 1.1], "texture": "#0"},
				"south": {"uv": [0, 0, 4, 1.1], "texture": "#0"},
				"west": {"uv": [0, 0, 16, 16], "texture": "#0"},
				"up": {"uv": [0, 12, 16, 16], "rotation": 270, "texture": "#4"},
				"down": {"uv": [0, 0, 4, 4], "rotation": 90, "texture": "#0"}
			}
		},
		{
			"from": [16.5, 8.7, 13],
			"to": [17.5, 8.81, 17],
			"rotation": {"angle": 0, "axis": "y", "origin": [0, -1, 0]},
			"faces": {
				"north": {"uv": [0, 0, 4, 1.1], "texture": "#0"},
				"east": {"uv": [0, 0, 4, 1.1], "texture": "#0"},
				"south": {"uv": [0, 0, 4, 1.1], "texture": "#0"},
				"west": {"uv": [0, 0, 16, 16], "texture": "#0"},
				"up": {"uv": [0, 12, 16, 16], "rotation": 270, "texture": "#4"},
				"down": {"uv": [0, 0, 4, 4], "rotation": 90, "texture": "#0"}
			}
		},
		{
			"from": [16.5, 8.7, 9],
			"to": [17.5, 8.81, 13],
			"rotation": {"angle": 0, "axis": "y", "origin": [0, -1, 0]},
			"faces": {
				"north": {"uv": [0, 0, 4, 1.1], "texture": "#0"},
				"east": {"uv": [0, 0, 4, 1.1], "texture": "#0"},
				"south": {"uv": [0, 0, 4, 1.1], "texture": "#0"},
				"west": {"uv": [0, 0, 16, 16], "texture": "#0"},
				"up": {"uv": [0, 12, 16, 16], "rotation": 270, "texture": "#4"},
				"down": {"uv": [0, 0, 4, 4], "rotation": 90, "texture": "#0"}
			}
		},
		{
			"from": [18.5, 8.5, 9],
			"to": [19.5, 8.61, 13],
			"rotation": {"angle": 0, "axis": "y", "origin": [0, -1, 0]},
			"faces": {
				"north": {"uv": [0, 0, 4, 1.1], "texture": "#0"},
				"east": {"uv": [0, 0, 4, 1.1], "texture": "#0"},
				"south": {"uv": [0, 0, 4, 1.1], "texture": "#0"},
				"west": {"uv": [0, 0, 16, 16], "texture": "#0"},
				"up": {"uv": [0, 12, 16, 16], "rotation": 270, "texture": "#4"},
				"down": {"uv": [0, 0, 4, 4], "rotation": 90, "texture": "#0"}
			}
		},
		{
			"from": [18.5, 8.5, 13],
			"to": [19.5, 8.61, 17],
			"rotation": {"angle": 0, "axis": "y", "origin": [0, -1, 0]},
			"faces": {
				"north": {"uv": [0, 0, 4, 1.1], "texture": "#0"},
				"east": {"uv": [0, 0, 4, 1.1], "texture": "#0"},
				"south": {"uv": [0, 0, 4, 1.1], "texture": "#0"},
				"west": {"uv": [0, 0, 16, 16], "texture": "#0"},
				"up": {"uv": [0, 12, 16, 16], "rotation": 270, "texture": "#4"},
				"down": {"uv": [0, 0, 4, 4], "rotation": 90, "texture": "#0"}
			}
		},
		{
			"from": [18.5, 8.5, 5],
			"to": [19.5, 8.61, 9],
			"rotation": {"angle": 0, "axis": "y", "origin": [0, -1, 0]},
			"faces": {
				"north": {"uv": [0, 0, 4, 1.1], "texture": "#0"},
				"east": {"uv": [0, 0, 4, 1.1], "texture": "#0"},
				"south": {"uv": [0, 0, 4, 1.1], "texture": "#0"},
				"west": {"uv": [0, 0, 16, 16], "texture": "#0"},
				"up": {"uv": [0, 12, 16, 16], "rotation": 270, "texture": "#4"},
				"down": {"uv": [0, 0, 4, 4], "rotation": 90, "texture": "#0"}
			}
		},
		{
			"from": [17.5, 8.6, 5],
			"to": [18.5, 8.71, 9],
			"rotation": {"angle": 0, "axis": "y", "origin": [0, -1, 0]},
			"faces": {
				"north": {"uv": [0, 0, 4, 1.1], "texture": "#0"},
				"east": {"uv": [0, 0, 4, 1.1], "texture": "#0"},
				"south": {"uv": [0, 0, 4, 1.1], "texture": "#0"},
				"west": {"uv": [0, 0, 16, 16], "texture": "#0"},
				"up": {"uv": [0, 0, 16, 4], "rotation": 270, "texture": "#4"},
				"down": {"uv": [0, 0, 4, 4], "rotation": 90, "texture": "#0"}
			}
		},
		{
			"from": [17.5, 8.6, 13],
			"to": [18.5, 8.71, 17],
			"rotation": {"angle": 0, "axis": "y", "origin": [0, -1, 0]},
			"faces": {
				"north": {"uv": [0, 0, 4, 1.1], "texture": "#0"},
				"east": {"uv": [0, 0, 4, 1.1], "texture": "#0"},
				"south": {"uv": [0, 0, 4, 1.1], "texture": "#0"},
				"west": {"uv": [0, 0, 16, 16], "texture": "#0"},
				"up": {"uv": [0, 0, 16, 4], "rotation": 270, "texture": "#4"},
				"down": {"uv": [0, 0, 4, 4], "rotation": 90, "texture": "#0"}
			}
		},
		{
			"from": [17.5, 8.6, 9],
			"to": [18.5, 8.71, 13],
			"rotation": {"angle": 0, "axis": "y", "origin": [0, -1, 0]},
			"faces": {
				"north": {"uv": [0, 0, 4, 1.1], "texture": "#0"},
				"east": {"uv": [0, 0, 4, 1.1], "texture": "#0"},
				"south": {"uv": [0, 0, 4, 1.1], "texture": "#0"},
				"west": {"uv": [0, 0, 16, 16], "texture": "#0"},
				"up": {"uv": [0, 0, 16, 4], "rotation": 270, "texture": "#4"},
				"down": {"uv": [0, 0, 4, 4], "rotation": 90, "texture": "#0"}
			}
		},
		{
			"from": [20.5, 8.3, 9],
			"to": [21.5, 8.41, 13],
			"rotation": {"angle": 0, "axis": "y", "origin": [0, -1, 0]},
			"faces": {
				"north": {"uv": [0, 0, 4, 1.1], "texture": "#0"},
				"east": {"uv": [0, 0, 4, 1.1], "texture": "#0"},
				"south": {"uv": [0, 0, 4, 1.1], "texture": "#0"},
				"west": {"uv": [0, 0, 16, 16], "texture": "#0"},
				"up": {"uv": [0, 12, 16, 16], "rotation": 270, "texture": "#4"},
				"down": {"uv": [0, 0, 4, 4], "rotation": 90, "texture": "#0"}
			}
		},
		{
			"from": [20.5, 8.3, 13],
			"to": [21.5, 8.41, 17],
			"rotation": {"angle": 0, "axis": "y", "origin": [0, -1, 0]},
			"faces": {
				"north": {"uv": [0, 0, 4, 1.1], "texture": "#0"},
				"east": {"uv": [0, 0, 4, 1.1], "texture": "#0"},
				"south": {"uv": [0, 0, 4, 1.1], "texture": "#0"},
				"west": {"uv": [0, 0, 16, 16], "texture": "#0"},
				"up": {"uv": [0, 12, 16, 16], "rotation": 270, "texture": "#4"},
				"down": {"uv": [0, 0, 4, 4], "rotation": 90, "texture": "#0"}
			}
		},
		{
			"from": [20.5, 8.3, 5],
			"to": [21.5, 8.41, 9],
			"rotation": {"angle": 0, "axis": "y", "origin": [0, -1, 0]},
			"faces": {
				"north": {"uv": [0, 0, 4, 1.1], "texture": "#0"},
				"east": {"uv": [0, 0, 4, 1.1], "texture": "#0"},
				"south": {"uv": [0, 0, 4, 1.1], "texture": "#0"},
				"west": {"uv": [0, 0, 16, 16], "texture": "#0"},
				"up": {"uv": [0, 12, 16, 16], "rotation": 270, "texture": "#4"},
				"down": {"uv": [0, 0, 4, 4], "rotation": 90, "texture": "#0"}
			}
		},
		{
			"from": [19.5, 8.4, 5],
			"to": [20.5, 8.51, 9],
			"rotation": {"angle": 0, "axis": "y", "origin": [0, -1, 0]},
			"faces": {
				"north": {"uv": [0, 0, 4, 1.1], "texture": "#0"},
				"east": {"uv": [0, 0, 4, 1.1], "texture": "#0"},
				"south": {"uv": [0, 0, 4, 1.1], "texture": "#0"},
				"west": {"uv": [0, 0, 16, 16], "texture": "#0"},
				"up": {"uv": [0, 0, 16, 4], "rotation": 270, "texture": "#4"},
				"down": {"uv": [0, 0, 4, 4], "rotation": 90, "texture": "#0"}
			}
		},
		{
			"from": [19.5, 8.4, 13],
			"to": [20.5, 8.51, 17],
			"rotation": {"angle": 0, "axis": "y", "origin": [0, -1, 0]},
			"faces": {
				"north": {"uv": [0, 0, 4, 1.1], "texture": "#0"},
				"east": {"uv": [0, 0, 4, 1.1], "texture": "#0"},
				"south": {"uv": [0, 0, 4, 1.1], "texture": "#0"},
				"west": {"uv": [0, 0, 16, 16], "texture": "#0"},
				"up": {"uv": [0, 0, 16, 4], "rotation": 270, "texture": "#4"},
				"down": {"uv": [0, 0, 4, 4], "rotation": 90, "texture": "#0"}
			}
		},
		{
			"from": [19.5, 8.4, 9],
			"to": [20.5, 8.51, 13],
			"rotation": {"angle": 0, "axis": "y", "origin": [0, -1, 0]},
			"faces": {
				"north": {"uv": [0, 0, 4, 1.1], "texture": "#0"},
				"east": {"uv": [0, 0, 4, 1.1], "texture": "#0"},
				"south": {"uv": [0, 0, 4, 1.1], "texture": "#0"},
				"west": {"uv": [0, 0, 16, 16], "texture": "#0"},
				"up": {"uv": [0, 0, 16, 4], "rotation": 270, "texture": "#4"},
				"down": {"uv": [0, 0, 4, 4], "rotation": 90, "texture": "#0"}
			}
		},
		{
			"from": [22.5, 8.1, 9],
			"to": [23.5, 8.21, 13],
			"rotation": {"angle": 0, "axis": "y", "origin": [0, -1, 0]},
			"faces": {
				"north": {"uv": [0, 0, 4, 1.1], "texture": "#0"},
				"east": {"uv": [0, 0, 4, 1.1], "texture": "#0"},
				"south": {"uv": [0, 0, 4, 1.1], "texture": "#0"},
				"west": {"uv": [0, 0, 16, 16], "texture": "#0"},
				"up": {"uv": [0, 12, 16, 16], "rotation": 270, "texture": "#4"},
				"down": {"uv": [0, 0, 4, 4], "rotation": 90, "texture": "#0"}
			}
		},
		{
			"from": [22.5, 8.1, 13],
			"to": [23.5, 8.21, 17],
			"rotation": {"angle": 0, "axis": "y", "origin": [0, -1, 0]},
			"faces": {
				"north": {"uv": [0, 0, 4, 1.1], "texture": "#0"},
				"east": {"uv": [0, 0, 4, 1.1], "texture": "#0"},
				"south": {"uv": [0, 0, 4, 1.1], "texture": "#0"},
				"west": {"uv": [0, 0, 16, 16], "texture": "#0"},
				"up": {"uv": [0, 12, 16, 16], "rotation": 270, "texture": "#4"},
				"down": {"uv": [0, 0, 4, 4], "rotation": 90, "texture": "#0"}
			}
		},
		{
			"from": [22.5, 8.1, 5],
			"to": [23.5, 8.21, 9],
			"rotation": {"angle": 0, "axis": "y", "origin": [0, -1, 0]},
			"faces": {
				"north": {"uv": [0, 0, 4, 1.1], "texture": "#0"},
				"east": {"uv": [0, 0, 4, 1.1], "texture": "#0"},
				"south": {"uv": [0, 0, 4, 1.1], "texture": "#0"},
				"west": {"uv": [0, 0, 16, 16], "texture": "#0"},
				"up": {"uv": [0, 12, 16, 16], "rotation": 270, "texture": "#4"},
				"down": {"uv": [0, 0, 4, 4], "rotation": 90, "texture": "#0"}
			}
		},
		{
			"from": [21.5, 8.2, 5],
			"to": [22.5, 8.31, 9],
			"rotation": {"angle": 0, "axis": "y", "origin": [0, -1, 0]},
			"faces": {
				"north": {"uv": [0, 0, 4, 1.1], "texture": "#0"},
				"east": {"uv": [0, 0, 4, 1.1], "texture": "#0"},
				"south": {"uv": [0, 0, 4, 1.1], "texture": "#0"},
				"west": {"uv": [0, 0, 16, 16], "texture": "#0"},
				"up": {"uv": [0, 0, 16, 4], "rotation": 270, "texture": "#4"},
				"down": {"uv": [0, 0, 4, 4], "rotation": 90, "texture": "#0"}
			}
		},
		{
			"from": [21.5, 8.2, 13],
			"to": [22.5, 8.31, 17],
			"rotation": {"angle": 0, "axis": "y", "origin": [0, -1, 0]},
			"faces": {
				"north": {"uv": [0, 0, 4, 1.1], "texture": "#0"},
				"east": {"uv": [0, 0, 4, 1.1], "texture": "#0"},
				"south": {"uv": [0, 0, 4, 1.1], "texture": "#0"},
				"west": {"uv": [0, 0, 16, 16], "texture": "#0"},
				"up": {"uv": [0, 0, 16, 4], "rotation": 270, "texture": "#4"},
				"down": {"uv": [0, 0, 4, 4], "rotation": 90, "texture": "#0"}
			}
		},
		{
			"from": [21.5, 8.2, 9],
			"to": [22.5, 8.31, 13],
			"rotation": {"angle": 0, "axis": "y", "origin": [0, -1, 0]},
			"faces": {
				"north": {"uv": [0, 0, 4, 1.1], "texture": "#0"},
				"east": {"uv": [0, 0, 4, 1.1], "texture": "#0"},
				"south": {"uv": [0, 0, 4, 1.1], "texture": "#0"},
				"west": {"uv": [0, 0, 16, 16], "texture": "#0"},
				"up": {"uv": [0, 0, 16, 4], "rotation": 270, "texture": "#4"},
				"down": {"uv": [0, 0, 4, 4], "rotation": 90, "texture": "#0"}
			}
		},
		{
			"from": [24.5, 7.9, 9],
			"to": [25.5, 8.01, 13],
			"rotation": {"angle": 0, "axis": "y", "origin": [0, -1, 0]},
			"faces": {
				"north": {"uv": [0, 0, 4, 1.1], "texture": "#0"},
				"east": {"uv": [0, 0, 4, 1.1], "texture": "#0"},
				"south": {"uv": [0, 0, 4, 1.1], "texture": "#0"},
				"west": {"uv": [0, 0, 16, 16], "texture": "#0"},
				"up": {"uv": [0, 12, 16, 16], "rotation": 270, "texture": "#4"},
				"down": {"uv": [0, 0, 4, 4], "rotation": 90, "texture": "#0"}
			}
		},
		{
			"from": [24.5, 7.9, 13],
			"to": [25.5, 8.01, 17],
			"rotation": {"angle": 0, "axis": "y", "origin": [0, -1, 0]},
			"faces": {
				"north": {"uv": [0, 0, 4, 1.1], "texture": "#0"},
				"east": {"uv": [0, 0, 4, 1.1], "texture": "#0"},
				"south": {"uv": [0, 0, 4, 1.1], "texture": "#0"},
				"west": {"uv": [0, 0, 16, 16], "texture": "#0"},
				"up": {"uv": [0, 12, 16, 16], "rotation": 270, "texture": "#4"},
				"down": {"uv": [0, 0, 4, 4], "rotation": 90, "texture": "#0"}
			}
		},
		{
			"from": [24.5, 7.9, 5],
			"to": [25.5, 8.01, 9],
			"rotation": {"angle": 0, "axis": "y", "origin": [0, -1, 0]},
			"faces": {
				"north": {"uv": [0, 0, 4, 1.1], "texture": "#0"},
				"east": {"uv": [0, 0, 4, 1.1], "texture": "#0"},
				"south": {"uv": [0, 0, 4, 1.1], "texture": "#0"},
				"west": {"uv": [0, 0, 16, 16], "texture": "#0"},
				"up": {"uv": [0, 12, 16, 16], "rotation": 270, "texture": "#4"},
				"down": {"uv": [0, 0, 4, 4], "rotation": 90, "texture": "#0"}
			}
		},
		{
			"from": [23.5, 8, 5],
			"to": [24.5, 8.11, 9],
			"rotation": {"angle": 0, "axis": "y", "origin": [0, -1, 0]},
			"faces": {
				"north": {"uv": [0, 0, 4, 1.1], "texture": "#0"},
				"east": {"uv": [0, 0, 4, 1.1], "texture": "#0"},
				"south": {"uv": [0, 0, 4, 1.1], "texture": "#0"},
				"west": {"uv": [0, 0, 16, 16], "texture": "#0"},
				"up": {"uv": [0, 0, 16, 4], "rotation": 270, "texture": "#4"},
				"down": {"uv": [0, 0, 4, 4], "rotation": 90, "texture": "#0"}
			}
		},
		{
			"from": [23.5, 8, 13],
			"to": [24.5, 8.11, 17],
			"rotation": {"angle": 0, "axis": "y", "origin": [0, -1, 0]},
			"faces": {
				"north": {"uv": [0, 0, 4, 1.1], "texture": "#0"},
				"east": {"uv": [0, 0, 4, 1.1], "texture": "#0"},
				"south": {"uv": [0, 0, 4, 1.1], "texture": "#0"},
				"west": {"uv": [0, 0, 16, 16], "texture": "#0"},
				"up": {"uv": [0, 0, 16, 4], "rotation": 270, "texture": "#4"},
				"down": {"uv": [0, 0, 4, 4], "rotation": 90, "texture": "#0"}
			}
		},
		{
			"from": [23.5, 8, 9],
			"to": [24.5, 8.11, 13],
			"rotation": {"angle": 0, "axis": "y", "origin": [0, -1, 0]},
			"faces": {
				"north": {"uv": [0, 0, 4, 1.1], "texture": "#0"},
				"east": {"uv": [0, 0, 4, 1.1], "texture": "#0"},
				"south": {"uv": [0, 0, 4, 1.1], "texture": "#0"},
				"west": {"uv": [0, 0, 16, 16], "texture": "#0"},
				"up": {"uv": [0, 0, 16, 4], "rotation": 270, "texture": "#4"},
				"down": {"uv": [0, 0, 4, 4], "rotation": 90, "texture": "#0"}
			}
		},
		{
			"from": [26.5, 7.7, 9],
			"to": [27.5, 7.81, 13],
			"rotation": {"angle": 0, "axis": "y", "origin": [0, -1, 0]},
			"faces": {
				"north": {"uv": [0, 0, 4, 1.1], "texture": "#0"},
				"east": {"uv": [0, 0, 4, 1.1], "texture": "#0"},
				"south": {"uv": [0, 0, 4, 1.1], "texture": "#0"},
				"west": {"uv": [0, 0, 16, 16], "texture": "#0"},
				"up": {"uv": [0, 12, 16, 16], "rotation": 270, "texture": "#4"},
				"down": {"uv": [0, 0, 4, 4], "rotation": 90, "texture": "#0"}
			}
		},
		{
			"from": [26.5, 7.7, 13],
			"to": [27.5, 7.81, 17],
			"rotation": {"angle": 0, "axis": "y", "origin": [0, -1, 0]},
			"faces": {
				"north": {"uv": [0, 0, 4, 1.1], "texture": "#0"},
				"east": {"uv": [0, 0, 4, 1.1], "texture": "#0"},
				"south": {"uv": [0, 0, 4, 1.1], "texture": "#0"},
				"west": {"uv": [0, 0, 16, 16], "texture": "#0"},
				"up": {"uv": [0, 12, 16, 16], "rotation": 270, "texture": "#4"},
				"down": {"uv": [0, 0, 4, 4], "rotation": 90, "texture": "#0"}
			}
		},
		{
			"from": [26.5, 7.7, 5],
			"to": [27.5, 7.81, 9],
			"rotation": {"angle": 0, "axis": "y", "origin": [0, -1, 0]},
			"faces": {
				"north": {"uv": [0, 0, 4, 1.1], "texture": "#0"},
				"east": {"uv": [0, 0, 4, 1.1], "texture": "#0"},
				"south": {"uv": [0, 0, 4, 1.1], "texture": "#0"},
				"west": {"uv": [0, 0, 16, 16], "texture": "#0"},
				"up": {"uv": [0, 12, 16, 16], "rotation": 270, "texture": "#4"},
				"down": {"uv": [0, 0, 4, 4], "rotation": 90, "texture": "#0"}
			}
		},
		{
			"from": [25.5, 7.8, 5],
			"to": [26.5, 7.91, 9],
			"rotation": {"angle": 0, "axis": "y", "origin": [0, -1, 0]},
			"faces": {
				"north": {"uv": [0, 0, 4, 1.1], "texture": "#0"},
				"east": {"uv": [0, 0, 4, 1.1], "texture": "#0"},
				"south": {"uv": [0, 0, 4, 1.1], "texture": "#0"},
				"west": {"uv": [0, 0, 16, 16], "texture": "#0"},
				"up": {"uv": [0, 0, 16, 4], "rotation": 270, "texture": "#4"},
				"down": {"uv": [0, 0, 4, 4], "rotation": 90, "texture": "#0"}
			}
		},
		{
			"from": [25.5, 7.8, 13],
			"to": [26.5, 7.91, 17],
			"rotation": {"angle": 0, "axis": "y", "origin": [0, -1, 0]},
			"faces": {
				"north": {"uv": [0, 0, 4, 1.1], "texture": "#0"},
				"east": {"uv": [0, 0, 4, 1.1], "texture": "#0"},
				"south": {"uv": [0, 0, 4, 1.1], "texture": "#0"},
				"west": {"uv": [0, 0, 16, 16], "texture": "#0"},
				"up": {"uv": [0, 0, 16, 4], "rotation": 270, "texture": "#4"},
				"down": {"uv": [0, 0, 4, 4], "rotation": 90, "texture": "#0"}
			}
		},
		{
			"from": [25.5, 7.8, 9],
			"to": [26.5, 7.91, 13],
			"rotation": {"angle": 0, "axis": "y", "origin": [0, -1, 0]},
			"faces": {
				"north": {"uv": [0, 0, 4, 1.1], "texture": "#0"},
				"east": {"uv": [0, 0, 4, 1.1], "texture": "#0"},
				"south": {"uv": [0, 0, 4, 1.1], "texture": "#0"},
				"west": {"uv": [0, 0, 16, 16], "texture": "#0"},
				"up": {"uv": [0, 0, 16, 4], "rotation": 270, "texture": "#4"},
				"down": {"uv": [0, 0, 4, 4], "rotation": 90, "texture": "#0"}
			}
		},
		{
			"from": [28.5, 7.5, 9],
			"to": [29.5, 7.61, 13],
			"rotation": {"angle": 0, "axis": "y", "origin": [0, -1, 0]},
			"faces": {
				"north": {"uv": [0, 0, 4, 1.1], "texture": "#0"},
				"east": {"uv": [0, 0, 4, 1.1], "texture": "#0"},
				"south": {"uv": [0, 0, 4, 1.1], "texture": "#0"},
				"west": {"uv": [0, 0, 16, 16], "texture": "#0"},
				"up": {"uv": [0, 12, 16, 16], "rotation": 270, "texture": "#4"},
				"down": {"uv": [0, 0, 4, 4], "rotation": 90, "texture": "#0"}
			}
		},
		{
			"from": [28.5, 7.5, 13],
			"to": [29.5, 7.61, 17],
			"rotation": {"angle": 0, "axis": "y", "origin": [0, -1, 0]},
			"faces": {
				"north": {"uv": [0, 0, 4, 1.1], "texture": "#0"},
				"east": {"uv": [0, 0, 4, 1.1], "texture": "#0"},
				"south": {"uv": [0, 0, 4, 1.1], "texture": "#0"},
				"west": {"uv": [0, 0, 16, 16], "texture": "#0"},
				"up": {"uv": [0, 12, 16, 16], "rotation": 270, "texture": "#4"},
				"down": {"uv": [0, 0, 4, 4], "rotation": 90, "texture": "#0"}
			}
		},
		{
			"from": [28.5, 7.5, 5],
			"to": [29.5, 7.61, 9],
			"rotation": {"angle": 0, "axis": "y", "origin": [0, -1, 0]},
			"faces": {
				"north": {"uv": [0, 0, 4, 1.1], "texture": "#0"},
				"east": {"uv": [0, 0, 4, 1.1], "texture": "#0"},
				"south": {"uv": [0, 0, 4, 1.1], "texture": "#0"},
				"west": {"uv": [0, 0, 16, 16], "texture": "#0"},
				"up": {"uv": [0, 12, 16, 16], "rotation": 270, "texture": "#4"},
				"down": {"uv": [0, 0, 4, 4], "rotation": 90, "texture": "#0"}
			}
		},
		{
			"from": [27.5, 7.6, 5],
			"to": [28.5, 7.71, 9],
			"rotation": {"angle": 0, "axis": "y", "origin": [0, -1, 0]},
			"faces": {
				"north": {"uv": [0, 0, 4, 1.1], "texture": "#0"},
				"east": {"uv": [0, 0, 4, 1.1], "texture": "#0"},
				"south": {"uv": [0, 0, 4, 1.1], "texture": "#0"},
				"west": {"uv": [0, 0, 16, 16], "texture": "#0"},
				"up": {"uv": [0, 0, 16, 4], "rotation": 270, "texture": "#4"},
				"down": {"uv": [0, 0, 4, 4], "rotation": 90, "texture": "#0"}
			}
		},
		{
			"from": [27.5, 7.6, 13],
			"to": [28.5, 7.71, 17],
			"rotation": {"angle": 0, "axis": "y", "origin": [0, -1, 0]},
			"faces": {
				"north": {"uv": [0, 0, 4, 1.1], "texture": "#0"},
				"east": {"uv": [0, 0, 4, 1.1], "texture": "#0"},
				"south": {"uv": [0, 0, 4, 1.1], "texture": "#0"},
				"west": {"uv": [0, 0, 16, 16], "texture": "#0"},
				"up": {"uv": [0, 0, 16, 4], "rotation": 270, "texture": "#4"},
				"down": {"uv": [0, 0, 4, 4], "rotation": 90, "texture": "#0"}
			}
		},
		{
			"from": [27.5, 7.6, 9],
			"to": [28.5, 7.71, 13],
			"rotation": {"angle": 0, "axis": "y", "origin": [0, -1, 0]},
			"faces": {
				"north": {"uv": [0, 0, 4, 1.1], "texture": "#0"},
				"east": {"uv": [0, 0, 4, 1.1], "texture": "#0"},
				"south": {"uv": [0, 0, 4, 1.1], "texture": "#0"},
				"west": {"uv": [0, 0, 16, 16], "texture": "#0"},
				"up": {"uv": [0, 0, 16, 4], "rotation": 270, "texture": "#4"},
				"down": {"uv": [0, 0, 4, 4], "rotation": 90, "texture": "#0"}
			}
		},
		{
			"from": [30.5, 7.3, 9],
			"to": [31.5, 7.41, 13],
			"rotation": {"angle": 0, "axis": "y", "origin": [0, -1, 0]},
			"faces": {
				"north": {"uv": [0, 0, 4, 1.1], "texture": "#0"},
				"east": {"uv": [0, 0, 4, 1.1], "texture": "#0"},
				"south": {"uv": [0, 0, 4, 1.1], "texture": "#0"},
				"west": {"uv": [0, 0, 16, 16], "texture": "#0"},
				"up": {"uv": [0, 12, 16, 16], "rotation": 270, "texture": "#4"},
				"down": {"uv": [0, 0, 4, 4], "rotation": 90, "texture": "#0"}
			}
		},
		{
			"from": [30.5, 7.3, 13],
			"to": [31.5, 7.41, 17],
			"rotation": {"angle": 0, "axis": "y", "origin": [0, -1, 0]},
			"faces": {
				"north": {"uv": [0, 0, 4, 1.1], "texture": "#0"},
				"east": {"uv": [0, 0, 4, 1.1], "texture": "#0"},
				"south": {"uv": [0, 0, 4, 1.1], "texture": "#0"},
				"west": {"uv": [0, 0, 16, 16], "texture": "#0"},
				"up": {"uv": [0, 12, 16, 16], "rotation": 270, "texture": "#4"},
				"down": {"uv": [0, 0, 4, 4], "rotation": 90, "texture": "#0"}
			}
		},
		{
			"from": [30.5, 7.3, 5],
			"to": [31.5, 7.41, 9],
			"rotation": {"angle": 0, "axis": "y", "origin": [0, -1, 0]},
			"faces": {
				"north": {"uv": [0, 0, 4, 1.1], "texture": "#0"},
				"east": {"uv": [0, 0, 4, 1.1], "texture": "#0"},
				"south": {"uv": [0, 0, 4, 1.1], "texture": "#0"},
				"west": {"uv": [0, 0, 16, 16], "texture": "#0"},
				"up": {"uv": [0, 12, 16, 16], "rotation": 270, "texture": "#4"},
				"down": {"uv": [0, 0, 4, 4], "rotation": 90, "texture": "#0"}
			}
		},
		{
			"from": [29.5, 7.4, 5],
			"to": [30.5, 7.51, 9],
			"rotation": {"angle": 0, "axis": "y", "origin": [0, -1, 0]},
			"faces": {
				"north": {"uv": [0, 0, 4, 1.1], "texture": "#0"},
				"east": {"uv": [0, 0, 4, 1.1], "texture": "#0"},
				"south": {"uv": [0, 0, 4, 1.1], "texture": "#0"},
				"west": {"uv": [0, 0, 16, 16], "texture": "#0"},
				"up": {"uv": [0, 0, 16, 4], "rotation": 270, "texture": "#4"},
				"down": {"uv": [0, 0, 4, 4], "rotation": 90, "texture": "#0"}
			}
		},
		{
			"from": [15.5, 8.8, 1],
			"to": [16.5, 8.91, 5],
			"rotation": {"angle": 0, "axis": "y", "origin": [0, -1, 0]},
			"faces": {
				"north": {"uv": [0, 0, 4, 1.1], "texture": "#0"},
				"east": {"uv": [0, 0, 4, 1.1], "texture": "#0"},
				"south": {"uv": [0, 0, 4, 1.1], "texture": "#0"},
				"west": {"uv": [0, 0, 16, 16], "texture": "#0"},
				"up": {"uv": [0, 0, 16, 4], "rotation": 270, "texture": "#4"},
				"down": {"uv": [0, 0, 4, 4], "rotation": 90, "texture": "#0"}
			}
		},
		{
			"from": [16.5, 8.7, 1],
			"to": [17.5, 8.81, 5],
			"rotation": {"angle": 0, "axis": "y", "origin": [0, -1, 0]},
			"faces": {
				"north": {"uv": [0, 0, 4, 1.1], "texture": "#0"},
				"east": {"uv": [0, 0, 4, 1.1], "texture": "#0"},
				"south": {"uv": [0, 0, 4, 1.1], "texture": "#0"},
				"west": {"uv": [0, 0, 16, 16], "texture": "#0"},
				"up": {"uv": [0, 12, 16, 16], "rotation": 270, "texture": "#4"},
				"down": {"uv": [0, 0, 4, 4], "rotation": 90, "texture": "#0"}
			}
		},
		{
			"from": [18.5, 8.5, 1],
			"to": [19.5, 8.61, 5],
			"rotation": {"angle": 0, "axis": "y", "origin": [0, -1, 0]},
			"faces": {
				"north": {"uv": [0, 0, 4, 1.1], "texture": "#0"},
				"east": {"uv": [0, 0, 4, 1.1], "texture": "#0"},
				"south": {"uv": [0, 0, 4, 1.1], "texture": "#0"},
				"west": {"uv": [0, 0, 16, 16], "texture": "#0"},
				"up": {"uv": [0, 12, 16, 16], "rotation": 270, "texture": "#4"},
				"down": {"uv": [0, 0, 4, 4], "rotation": 90, "texture": "#0"}
			}
		},
		{
			"from": [17.5, 8.6, 1],
			"to": [18.5, 8.71, 5],
			"rotation": {"angle": 0, "axis": "y", "origin": [0, -1, 0]},
			"faces": {
				"north": {"uv": [0, 0, 4, 1.1], "texture": "#0"},
				"east": {"uv": [0, 0, 4, 1.1], "texture": "#0"},
				"south": {"uv": [0, 0, 4, 1.1], "texture": "#0"},
				"west": {"uv": [0, 0, 16, 16], "texture": "#0"},
				"up": {"uv": [0, 0, 16, 4], "rotation": 270, "texture": "#4"},
				"down": {"uv": [0, 0, 4, 4], "rotation": 90, "texture": "#0"}
			}
		},
		{
			"from": [20.5, 8.3, 1],
			"to": [21.5, 8.41, 5],
			"rotation": {"angle": 0, "axis": "y", "origin": [0, -1, 0]},
			"faces": {
				"north": {"uv": [0, 0, 4, 1.1], "texture": "#0"},
				"east": {"uv": [0, 0, 4, 1.1], "texture": "#0"},
				"south": {"uv": [0, 0, 4, 1.1], "texture": "#0"},
				"west": {"uv": [0, 0, 16, 16], "texture": "#0"},
				"up": {"uv": [0, 12, 16, 16], "rotation": 270, "texture": "#4"},
				"down": {"uv": [0, 0, 4, 4], "rotation": 90, "texture": "#0"}
			}
		},
		{
			"from": [19.5, 8.4, 1],
			"to": [20.5, 8.51, 5],
			"rotation": {"angle": 0, "axis": "y", "origin": [0, -1, 0]},
			"faces": {
				"north": {"uv": [0, 0, 4, 1.1], "texture": "#0"},
				"east": {"uv": [0, 0, 4, 1.1], "texture": "#0"},
				"south": {"uv": [0, 0, 4, 1.1], "texture": "#0"},
				"west": {"uv": [0, 0, 16, 16], "texture": "#0"},
				"up": {"uv": [0, 0, 16, 4], "rotation": 270, "texture": "#4"},
				"down": {"uv": [0, 0, 4, 4], "rotation": 90, "texture": "#0"}
			}
		},
		{
			"from": [22.5, 8.1, 1],
			"to": [23.5, 8.21, 5],
			"rotation": {"angle": 0, "axis": "y", "origin": [0, -1, 0]},
			"faces": {
				"north": {"uv": [0, 0, 4, 1.1], "texture": "#0"},
				"east": {"uv": [0, 0, 4, 1.1], "texture": "#0"},
				"south": {"uv": [0, 0, 4, 1.1], "texture": "#0"},
				"west": {"uv": [0, 0, 16, 16], "texture": "#0"},
				"up": {"uv": [0, 12, 16, 16], "rotation": 270, "texture": "#4"},
				"down": {"uv": [0, 0, 4, 4], "rotation": 90, "texture": "#0"}
			}
		},
		{
			"from": [21.5, 8.2, 1],
			"to": [22.5, 8.31, 5],
			"rotation": {"angle": 0, "axis": "y", "origin": [0, -1, 0]},
			"faces": {
				"north": {"uv": [0, 0, 4, 1.1], "texture": "#0"},
				"east": {"uv": [0, 0, 4, 1.1], "texture": "#0"},
				"south": {"uv": [0, 0, 4, 1.1], "texture": "#0"},
				"west": {"uv": [0, 0, 16, 16], "texture": "#0"},
				"up": {"uv": [0, 0, 16, 4], "rotation": 270, "texture": "#4"},
				"down": {"uv": [0, 0, 4, 4], "rotation": 90, "texture": "#0"}
			}
		},
		{
			"from": [24.5, 7.9, 1],
			"to": [25.5, 8.01, 5],
			"rotation": {"angle": 0, "axis": "y", "origin": [0, -1, 0]},
			"faces": {
				"north": {"uv": [0, 0, 4, 1.1], "texture": "#0"},
				"east": {"uv": [0, 0, 4, 1.1], "texture": "#0"},
				"south": {"uv": [0, 0, 4, 1.1], "texture": "#0"},
				"west": {"uv": [0, 0, 16, 16], "texture": "#0"},
				"up": {"uv": [0, 12, 16, 16], "rotation": 270, "texture": "#4"},
				"down": {"uv": [0, 0, 4, 4], "rotation": 90, "texture": "#0"}
			}
		},
		{
			"from": [23.5, 8, 1],
			"to": [24.5, 8.11, 5],
			"rotation": {"angle": 0, "axis": "y", "origin": [0, -1, 0]},
			"faces": {
				"north": {"uv": [0, 0, 4, 1.1], "texture": "#0"},
				"east": {"uv": [0, 0, 4, 1.1], "texture": "#0"},
				"south": {"uv": [0, 0, 4, 1.1], "texture": "#0"},
				"west": {"uv": [0, 0, 16, 16], "texture": "#0"},
				"up": {"uv": [0, 0, 16, 4], "rotation": 270, "texture": "#4"},
				"down": {"uv": [0, 0, 4, 4], "rotation": 90, "texture": "#0"}
			}
		},
		{
			"from": [26.5, 7.7, 1],
			"to": [27.5, 7.81, 5],
			"rotation": {"angle": 0, "axis": "y", "origin": [0, -1, 0]},
			"faces": {
				"north": {"uv": [0, 0, 4, 1.1], "texture": "#0"},
				"east": {"uv": [0, 0, 4, 1.1], "texture": "#0"},
				"south": {"uv": [0, 0, 4, 1.1], "texture": "#0"},
				"west": {"uv": [0, 0, 16, 16], "texture": "#0"},
				"up": {"uv": [0, 12, 16, 16], "rotation": 270, "texture": "#4"},
				"down": {"uv": [0, 0, 4, 4], "rotation": 90, "texture": "#0"}
			}
		},
		{
			"from": [25.5, 7.8, 1],
			"to": [26.5, 7.91, 5],
			"rotation": {"angle": 0, "axis": "y", "origin": [0, -1, 0]},
			"faces": {
				"north": {"uv": [0, 0, 4, 1.1], "texture": "#0"},
				"east": {"uv": [0, 0, 4, 1.1], "texture": "#0"},
				"south": {"uv": [0, 0, 4, 1.1], "texture": "#0"},
				"west": {"uv": [0, 0, 16, 16], "texture": "#0"},
				"up": {"uv": [0, 0, 16, 4], "rotation": 270, "texture": "#4"},
				"down": {"uv": [0, 0, 4, 4], "rotation": 90, "texture": "#0"}
			}
		},
		{
			"from": [28.5, 7.5, 1],
			"to": [29.5, 7.61, 5],
			"rotation": {"angle": 0, "axis": "y", "origin": [0, -1, 0]},
			"faces": {
				"north": {"uv": [0, 0, 4, 1.1], "texture": "#0"},
				"east": {"uv": [0, 0, 4, 1.1], "texture": "#0"},
				"south": {"uv": [0, 0, 4, 1.1], "texture": "#0"},
				"west": {"uv": [0, 0, 16, 16], "texture": "#0"},
				"up": {"uv": [0, 12, 16, 16], "rotation": 270, "texture": "#4"},
				"down": {"uv": [0, 0, 4, 4], "rotation": 90, "texture": "#0"}
			}
		},
		{
			"from": [27.5, 7.6, 1],
			"to": [28.5, 7.71, 5],
			"rotation": {"angle": 0, "axis": "y", "origin": [0, -1, 0]},
			"faces": {
				"north": {"uv": [0, 0, 4, 1.1], "texture": "#0"},
				"east": {"uv": [0, 0, 4, 1.1], "texture": "#0"},
				"south": {"uv": [0, 0, 4, 1.1], "texture": "#0"},
				"west": {"uv": [0, 0, 16, 16], "texture": "#0"},
				"up": {"uv": [0, 0, 16, 4], "rotation": 270, "texture": "#4"},
				"down": {"uv": [0, 0, 4, 4], "rotation": 90, "texture": "#0"}
			}
		},
		{
			"from": [30.5, 7.3, 1],
			"to": [31.5, 7.41, 5],
			"rotation": {"angle": 0, "axis": "y", "origin": [0, -1, 0]},
			"faces": {
				"north": {"uv": [0, 0, 4, 1.1], "texture": "#0"},
				"east": {"uv": [0, 0, 4, 1.1], "texture": "#0"},
				"south": {"uv": [0, 0, 4, 1.1], "texture": "#0"},
				"west": {"uv": [0, 0, 16, 16], "texture": "#0"},
				"up": {"uv": [0, 12, 16, 16], "rotation": 270, "texture": "#4"},
				"down": {"uv": [0, 0, 4, 4], "rotation": 90, "texture": "#0"}
			}
		},
		{
			"from": [29.5, 7.4, 1],
			"to": [30.5, 7.51, 5],
			"rotation": {"angle": 0, "axis": "y", "origin": [0, -1, 0]},
			"faces": {
				"north": {"uv": [0, 0, 4, 1.1], "texture": "#0"},
				"east": {"uv": [0, 0, 4, 1.1], "texture": "#0"},
				"south": {"uv": [0, 0, 4, 1.1], "texture": "#0"},
				"west": {"uv": [0, 0, 16, 16], "texture": "#0"},
				"up": {"uv": [0, 0, 16, 4], "rotation": 270, "texture": "#4"},
				"down": {"uv": [0, 0, 4, 4], "rotation": 90, "texture": "#0"}
			}
		},
		{
			"from": [30.5, 7.3, -1],
			"to": [31.5, 7.41, 1],
			"rotation": {"angle": 0, "axis": "y", "origin": [0, -1, 0]},
			"faces": {
				"north": {"uv": [0, 0, 4, 1.1], "texture": "#0"},
				"east": {"uv": [0, 0, 4, 1.1], "texture": "#0"},
				"south": {"uv": [0, 0, 4, 1.1], "texture": "#0"},
				"west": {"uv": [0, 0, 16, 16], "texture": "#0"},
				"up": {"uv": [0, 12, 8, 16], "rotation": 270, "texture": "#4"},
				"down": {"uv": [0, 0, 4, 4], "rotation": 90, "texture": "#0"}
			}
		},
		{
			"from": [29.5, 7.4, -1],
			"to": [30.5, 7.51, 1],
			"rotation": {"angle": 0, "axis": "y", "origin": [0, -1, 0]},
			"faces": {
				"north": {"uv": [0, 0, 4, 1.1], "texture": "#0"},
				"east": {"uv": [0, 0, 4, 1.1], "texture": "#0"},
				"south": {"uv": [0, 0, 4, 1.1], "texture": "#0"},
				"west": {"uv": [0, 0, 16, 16], "texture": "#0"},
				"up": {"uv": [0, 0, 8, 4], "rotation": 270, "texture": "#4"},
				"down": {"uv": [0, 0, 4, 4], "rotation": 90, "texture": "#0"}
			}
		},
		{
			"from": [27.5, 7.6, -1],
			"to": [28.5, 7.71, 1],
			"rotation": {"angle": 0, "axis": "y", "origin": [0, -1, 0]},
			"faces": {
				"north": {"uv": [0, 0, 4, 1.1], "texture": "#0"},
				"east": {"uv": [0, 0, 4, 1.1], "texture": "#0"},
				"south": {"uv": [0, 0, 4, 1.1], "texture": "#0"},
				"west": {"uv": [0, 0, 16, 16], "texture": "#0"},
				"up": {"uv": [0, 0, 8, 4], "rotation": 270, "texture": "#4"},
				"down": {"uv": [0, 0, 4, 4], "rotation": 90, "texture": "#0"}
			}
		},
		{
			"from": [28.5, 7.5, -1],
			"to": [29.5, 7.61, 1],
			"rotation": {"angle": 0, "axis": "y", "origin": [0, -1, 0]},
			"faces": {
				"north": {"uv": [0, 0, 4, 1.1], "texture": "#0"},
				"east": {"uv": [0, 0, 4, 1.1], "texture": "#0"},
				"south": {"uv": [0, 0, 4, 1.1], "texture": "#0"},
				"west": {"uv": [0, 0, 16, 16], "texture": "#0"},
				"up": {"uv": [0, 12, 8, 16], "rotation": 270, "texture": "#4"},
				"down": {"uv": [0, 0, 4, 4], "rotation": 90, "texture": "#0"}
			}
		},
		{
			"from": [25.5, 7.8, -1],
			"to": [26.5, 7.91, 1],
			"rotation": {"angle": 0, "axis": "y", "origin": [0, -1, 0]},
			"faces": {
				"north": {"uv": [0, 0, 4, 1.1], "texture": "#0"},
				"east": {"uv": [0, 0, 4, 1.1], "texture": "#0"},
				"south": {"uv": [0, 0, 4, 1.1], "texture": "#0"},
				"west": {"uv": [0, 0, 16, 16], "texture": "#0"},
				"up": {"uv": [0, 0, 8, 4], "rotation": 270, "texture": "#4"},
				"down": {"uv": [0, 0, 4, 4], "rotation": 90, "texture": "#0"}
			}
		},
		{
			"from": [26.5, 7.7, -1],
			"to": [27.5, 7.81, 1],
			"rotation": {"angle": 0, "axis": "y", "origin": [0, -1, 0]},
			"faces": {
				"north": {"uv": [0, 0, 4, 1.1], "texture": "#0"},
				"east": {"uv": [0, 0, 4, 1.1], "texture": "#0"},
				"south": {"uv": [0, 0, 4, 1.1], "texture": "#0"},
				"west": {"uv": [0, 0, 16, 16], "texture": "#0"},
				"up": {"uv": [0, 12, 8, 16], "rotation": 270, "texture": "#4"},
				"down": {"uv": [0, 0, 4, 4], "rotation": 90, "texture": "#0"}
			}
		},
		{
			"from": [15.5, 8.8, -1],
			"to": [16.5, 8.91, 1],
			"rotation": {"angle": 0, "axis": "y", "origin": [0, -1, 0]},
			"faces": {
				"north": {"uv": [0, 0, 4, 1.1], "texture": "#0"},
				"east": {"uv": [0, 0, 4, 1.1], "texture": "#0"},
				"south": {"uv": [0, 0, 4, 1.1], "texture": "#0"},
				"west": {"uv": [0, 0, 16, 16], "texture": "#0"},
				"up": {"uv": [0, 0, 8, 4], "rotation": 270, "texture": "#4"},
				"down": {"uv": [0, 0, 4, 4], "rotation": 90, "texture": "#0"}
			}
		},
		{
			"from": [16.5, 8.7, -1],
			"to": [17.5, 8.81, 1],
			"rotation": {"angle": 0, "axis": "y", "origin": [0, -1, 0]},
			"faces": {
				"north": {"uv": [0, 0, 4, 1.1], "texture": "#0"},
				"east": {"uv": [0, 0, 4, 1.1], "texture": "#0"},
				"south": {"uv": [0, 0, 4, 1.1], "texture": "#0"},
				"west": {"uv": [0, 0, 16, 16], "texture": "#0"},
				"up": {"uv": [0, 12, 8, 16], "rotation": 270, "texture": "#4"},
				"down": {"uv": [0, 0, 4, 4], "rotation": 90, "texture": "#0"}
			}
		},
		{
			"from": [18.5, 8.5, -1],
			"to": [19.5, 8.61, 1],
			"rotation": {"angle": 0, "axis": "y", "origin": [0, -1, 0]},
			"faces": {
				"north": {"uv": [0, 0, 4, 1.1], "texture": "#0"},
				"east": {"uv": [0, 0, 4, 1.1], "texture": "#0"},
				"south": {"uv": [0, 0, 4, 1.1], "texture": "#0"},
				"west": {"uv": [0, 0, 16, 16], "texture": "#0"},
				"up": {"uv": [0, 12, 8, 16], "rotation": 270, "texture": "#4"},
				"down": {"uv": [0, 0, 4, 4], "rotation": 90, "texture": "#0"}
			}
		},
		{
			"from": [17.5, 8.6, -1],
			"to": [18.5, 8.71, 1],
			"rotation": {"angle": 0, "axis": "y", "origin": [0, -1, 0]},
			"faces": {
				"north": {"uv": [0, 0, 4, 1.1], "texture": "#0"},
				"east": {"uv": [0, 0, 4, 1.1], "texture": "#0"},
				"south": {"uv": [0, 0, 4, 1.1], "texture": "#0"},
				"west": {"uv": [0, 0, 16, 16], "texture": "#0"},
				"up": {"uv": [0, 0, 8, 4], "rotation": 270, "texture": "#4"},
				"down": {"uv": [0, 0, 4, 4], "rotation": 90, "texture": "#0"}
			}
		},
		{
			"from": [19.5, 8.4, -1],
			"to": [20.5, 8.51, 1],
			"rotation": {"angle": 0, "axis": "y", "origin": [0, -1, 0]},
			"faces": {
				"north": {"uv": [0, 0, 4, 1.1], "texture": "#0"},
				"east": {"uv": [0, 0, 4, 1.1], "texture": "#0"},
				"south": {"uv": [0, 0, 4, 1.1], "texture": "#0"},
				"west": {"uv": [0, 0, 16, 16], "texture": "#0"},
				"up": {"uv": [0, 0, 8, 4], "rotation": 270, "texture": "#4"},
				"down": {"uv": [0, 0, 4, 4], "rotation": 90, "texture": "#0"}
			}
		},
		{
			"from": [20.5, 8.3, -1],
			"to": [21.5, 8.41, 1],
			"rotation": {"angle": 0, "axis": "y", "origin": [0, -1, 0]},
			"faces": {
				"north": {"uv": [0, 0, 4, 1.1], "texture": "#0"},
				"east": {"uv": [0, 0, 4, 1.1], "texture": "#0"},
				"south": {"uv": [0, 0, 4, 1.1], "texture": "#0"},
				"west": {"uv": [0, 0, 16, 16], "texture": "#0"},
				"up": {"uv": [0, 12, 8, 16], "rotation": 270, "texture": "#4"},
				"down": {"uv": [0, 0, 4, 4], "rotation": 90, "texture": "#0"}
			}
		},
		{
			"from": [22.5, 8.1, -1],
			"to": [23.5, 8.21, 1],
			"rotation": {"angle": 0, "axis": "y", "origin": [0, -1, 0]},
			"faces": {
				"north": {"uv": [0, 0, 4, 1.1], "texture": "#0"},
				"east": {"uv": [0, 0, 4, 1.1], "texture": "#0"},
				"south": {"uv": [0, 0, 4, 1.1], "texture": "#0"},
				"west": {"uv": [0, 0, 16, 16], "texture": "#0"},
				"up": {"uv": [0, 12, 8, 16], "rotation": 270, "texture": "#4"},
				"down": {"uv": [0, 0, 4, 4], "rotation": 90, "texture": "#0"}
			}
		},
		{
			"from": [21.5, 8.2, -1],
			"to": [22.5, 8.31, 1],
			"rotation": {"angle": 0, "axis": "y", "origin": [0, -1, 0]},
			"faces": {
				"north": {"uv": [0, 0, 4, 1.1], "texture": "#0"},
				"east": {"uv": [0, 0, 4, 1.1], "texture": "#0"},
				"south": {"uv": [0, 0, 4, 1.1], "texture": "#0"},
				"west": {"uv": [0, 0, 16, 16], "texture": "#0"},
				"up": {"uv": [0, 0, 8, 4], "rotation": 270, "texture": "#4"},
				"down": {"uv": [0, 0, 4, 4], "rotation": 90, "texture": "#0"}
			}
		},
		{
			"from": [23.5, 8, -1],
			"to": [24.5, 8.11, 1],
			"rotation": {"angle": 0, "axis": "y", "origin": [0, -1, 0]},
			"faces": {
				"north": {"uv": [0, 0, 4, 1.1], "texture": "#0"},
				"east": {"uv": [0, 0, 4, 1.1], "texture": "#0"},
				"south": {"uv": [0, 0, 4, 1.1], "texture": "#0"},
				"west": {"uv": [0, 0, 16, 16], "texture": "#0"},
				"up": {"uv": [0, 0, 8, 4], "rotation": 270, "texture": "#4"},
				"down": {"uv": [0, 0, 4, 4], "rotation": 90, "texture": "#0"}
			}
		},
		{
			"from": [24.5, 7.9, -1],
			"to": [25.5, 8.01, 1],
			"rotation": {"angle": 0, "axis": "y", "origin": [0, -1, 0]},
			"faces": {
				"north": {"uv": [0, 0, 4, 1.1], "texture": "#0"},
				"east": {"uv": [0, 0, 4, 1.1], "texture": "#0"},
				"south": {"uv": [0, 0, 4, 1.1], "texture": "#0"},
				"west": {"uv": [0, 0, 16, 16], "texture": "#0"},
				"up": {"uv": [0, 12, 8, 16], "rotation": 270, "texture": "#4"},
				"down": {"uv": [0, 0, 4, 4], "rotation": 90, "texture": "#0"}
			}
		},
		{
			"from": [29.5, 7.4, 13],
			"to": [30.5, 7.51, 17],
			"rotation": {"angle": 0, "axis": "y", "origin": [0, -1, 0]},
			"faces": {
				"north": {"uv": [0, 0, 4, 1.1], "texture": "#0"},
				"east": {"uv": [0, 0, 4, 1.1], "texture": "#0"},
				"south": {"uv": [0, 0, 4, 1.1], "texture": "#0"},
				"west": {"uv": [0, 0, 16, 16], "texture": "#0"},
				"up": {"uv": [0, 0, 16, 4], "rotation": 270, "texture": "#4"},
				"down": {"uv": [0, 0, 4, 4], "rotation": 90, "texture": "#0"}
			}
		},
		{
			"from": [29.5, 7.4, 9],
			"to": [30.5, 7.51, 13],
			"rotation": {"angle": 0, "axis": "y", "origin": [0, -1, 0]},
			"faces": {
				"north": {"uv": [0, 0, 4, 1.1], "texture": "#0"},
				"east": {"uv": [0, 0, 4, 1.1], "texture": "#0"},
				"south": {"uv": [0, 0, 4, 1.1], "texture": "#0"},
				"west": {"uv": [0, 0, 16, 16], "texture": "#0"},
				"up": {"uv": [0, 0, 16, 4], "rotation": 270, "texture": "#4"},
				"down": {"uv": [0, 0, 4, 4], "rotation": 90, "texture": "#0"}
			}
		},
		{
			"from": [17.5, 6.3, -1.11],
			"to": [21, 7.8, -1.11],
			"rotation": {"angle": 0, "axis": "y", "origin": [0, -1, 0]},
			"faces": {
				"north": {"uv": [0, 0, 16, 16], "texture": "#6"},
				"east": {"uv": [0, 0, 0, 4], "texture": "#missing"},
				"south": {"uv": [5, 6, 10, 10], "texture": "#1"},
				"west": {"uv": [0, 0, 0, 4], "texture": "#missing"},
				"up": {"uv": [0, 0, 5, 0], "texture": "#missing"},
				"down": {"uv": [0, 0, 5, 0], "texture": "#missing"}
			}
		},
		{
			"from": [-2.5, 5.4, -1.11],
			"to": [2.5, 8.4, -1.11],
			"rotation": {"angle": 0, "axis": "y", "origin": [0, -1, 0]},
			"faces": {
				"north": {"uv": [11.168, 0, 16, 4.40267], "rotation": 90, "texture": "#5"},
				"east": {"uv": [0, 0, 0, 4], "texture": "#missing"},
				"south": {"uv": [5, 6, 10, 10], "texture": "#1"},
				"west": {"uv": [0, 0, 0, 4], "texture": "#missing"},
				"up": {"uv": [0, 0, 5, 0], "texture": "#missing"},
				"down": {"uv": [0, 0, 5, 0], "texture": "#missing"}
			}
		},
		{
			"from": [3.5, 0.8, -0.11],
			"to": [6.5, 2.8, -0.11],
			"rotation": {"angle": 0, "axis": "y", "origin": [0, -1, 0]},
			"faces": {
				"north": {"uv": [11.168, 0, 15.57067, 4.832], "rotation": 180, "texture": "#5"},
				"east": {"uv": [0, 0, 0, 4], "texture": "#missing"},
				"south": {"uv": [5, 6, 10, 10], "texture": "#1"},
				"west": {"uv": [0, 0, 0, 4], "texture": "#missing"},
				"up": {"uv": [0, 0, 5, 0], "texture": "#missing"},
				"down": {"uv": [0, 0, 5, 0], "texture": "#missing"}
			}
		},
		{
			"from": [10.8, 1.5, -1.11],
			"to": [12.8, 4.5, -1.11],
			"rotation": {"angle": 22.5, "axis": "z", "origin": [0, -1, 0]},
			"faces": {
				"north": {"uv": [11.168, 0, 16, 4.40267], "texture": "#5"},
				"east": {"uv": [0, 0, 5, 0], "rotation": 90, "texture": "#missing"},
				"south": {"uv": [5, 6, 10, 10], "rotation": 90, "texture": "#1"},
				"west": {"uv": [0, 0, 5, 0], "rotation": 90, "texture": "#missing"},
				"up": {"uv": [0, 0, 0, 4], "rotation": 90, "texture": "#missing"},
				"down": {"uv": [0, 0, 0, 4], "rotation": 90, "texture": "#missing"}
			}
		},
		{
			"from": [-9.5, 5.8, -1.11],
			"to": [-6.5, 7.8, -1.11],
			"rotation": {"angle": 0, "axis": "y", "origin": [0, -1, 0]},
			"faces": {
				"north": {"uv": [11.59733, 0, 16, 4.832], "texture": "#5"},
				"east": {"uv": [0, 0, 0, 4], "texture": "#missing"},
				"south": {"uv": [5, 6, 10, 10], "texture": "#1"},
				"west": {"uv": [0, 0, 0, 4], "texture": "#missing"},
				"up": {"uv": [0, 0, 5, 0], "texture": "#missing"},
				"down": {"uv": [0, 0, 5, 0], "texture": "#missing"}
			}
		},
		{
			"from": [6.9, 1, -0.11],
			"to": [15.9, 3, -0.11],
			"rotation": {"angle": 0, "axis": "y", "origin": [0, -1, 0]},
			"faces": {
				"north": {"uv": [0, 13.25867, 8.104, 15.33867], "texture": "#5"},
				"east": {"uv": [0, 0, 0, 4], "texture": "#missing"},
				"south": {"uv": [5, 6, 10, 10], "texture": "#1"},
				"west": {"uv": [0, 0, 0, 4], "texture": "#missing"},
				"up": {"uv": [0, 0, 5, 0], "texture": "#missing"},
				"down": {"uv": [0, 0, 5, 0], "texture": "#missing"}
			}
		},
		{
			"from": [1.1, 5, -1.11],
			"to": [6.1, 9, -1.11],
			"rotation": {"angle": 0, "axis": "y", "origin": [16, -1, 0]},
			"faces": {
				"north": {"uv": [5.96, 0, 0, 6.80533], "rotation": 180, "texture": "#5"},
				"east": {"uv": [0, 0, 0, 4], "texture": "#missing"},
				"south": {"uv": [10, 6, 5, 10], "texture": "#1"},
				"west": {"uv": [0, 0, 0, 4], "texture": "#missing"},
				"up": {"uv": [5, 0, 0, 0], "texture": "#missing"},
				"down": {"uv": [5, 0, 0, 0], "texture": "#missing"}
			}
		},
		{
			"from": [5.9, 5, -1.11],
			"to": [10.9, 9, -1.11],
			"rotation": {"angle": 0, "axis": "y", "origin": [0, -1, 0]},
			"faces": {
				"north": {"uv": [0, 0, 5.96, 6.80533], "rotation": 180, "texture": "#5"},
				"east": {"uv": [0, 0, 0, 4], "texture": "#missing"},
				"south": {"uv": [5, 6, 10, 10], "texture": "#1"},
				"west": {"uv": [0, 0, 0, 4], "texture": "#missing"},
				"up": {"uv": [0, 0, 5, 0], "texture": "#missing"},
				"down": {"uv": [0, 0, 5, 0], "texture": "#missing"}
			}
		},
		{
			"from": [3.8, 3, -0.11],
			"to": [7.8, 5, -0.11],
			"rotation": {"angle": 0, "axis": "y", "origin": [16, -1, 0]},
			"faces": {
				"north": {"uv": [15.688, 8.66133, 8.66133, 16], "rotation": 180, "texture": "#5"},
				"east": {"uv": [0, 0, 0, 4], "texture": "#missing"},
				"south": {"uv": [10, 6, 5, 10], "texture": "#1"},
				"west": {"uv": [0, 0, 0, 4], "texture": "#missing"},
				"up": {"uv": [5, 0, 0, 0], "texture": "#missing"},
				"down": {"uv": [5, 0, 0, 0], "texture": "#missing"}
			}
		},
		{
			"from": [-1, 2, -0.11],
			"to": [4, 5, -0.11],
			"rotation": {"angle": 0, "axis": "y", "origin": [0, -1, 0]},
			"faces": {
				"north": {"uv": [8.66133, 8.66133, 15.688, 16], "rotation": 180, "texture": "#5"},
				"east": {"uv": [0, 0, 0, 4], "texture": "#missing"},
				"south": {"uv": [5, 6, 10, 10], "texture": "#1"},
				"west": {"uv": [0, 0, 0, 4], "texture": "#missing"},
				"up": {"uv": [0, 0, 5, 0], "texture": "#missing"},
				"down": {"uv": [0, 0, 5, 0], "texture": "#missing"}
			}
		},
		{
			"from": [-6.8, 5, -1.11],
			"to": [-0.8, 9, -1.11],
			"rotation": {"angle": 0, "axis": "y", "origin": [0, -1, 0]},
			"faces": {
				"north": {"uv": [8.97333, 8.66133, 16, 16], "texture": "#5"},
				"east": {"uv": [0, 0, 0, 4], "texture": "#missing"},
				"south": {"uv": [5, 6, 10, 10], "texture": "#1"},
				"west": {"uv": [0, 0, 0, 4], "texture": "#missing"},
				"up": {"uv": [0, 0, 5, 0], "texture": "#missing"},
				"down": {"uv": [0, 0, 5, 0], "texture": "#missing"}
			}
		},
		{
			"from": [17.5, 6.3, 17.11],
			"to": [21, 7.8, 17.11],
			"rotation": {"angle": 0, "axis": "y", "origin": [0, -1, 16]},
			"faces": {
				"north": {"uv": [10, 6, 5, 10], "texture": "#1"},
				"east": {"uv": [0, 0, 0, 4], "texture": "#missing"},
				"south": {"uv": [0, 0, 16, 16], "texture": "#6"},
				"west": {"uv": [0, 0, 0, 4], "texture": "#missing"},
				"up": {"uv": [0, 0, 5, 0], "texture": "#missing"},
				"down": {"uv": [0, 0, 5, 0], "texture": "#missing"}
			}
		},
		{
			"from": [-2.5, 5.4, 17.11],
			"to": [2.5, 8.4, 17.11],
			"rotation": {"angle": 0, "axis": "y", "origin": [0, -1, 16]},
			"faces": {
				"north": {"uv": [10, 6, 5, 10], "texture": "#1"},
				"east": {"uv": [0, 0, 0, 4], "texture": "#missing"},
				"south": {"uv": [11.168, 4.40267, 16, 0], "rotation": 90, "texture": "#5"},
				"west": {"uv": [0, 0, 0, 4], "texture": "#missing"},
				"up": {"uv": [0, 0, 5, 0], "texture": "#missing"},
				"down": {"uv": [0, 0, 5, 0], "texture": "#missing"}
			}
		},
		{
			"from": [3.5, 0.8, 16.11],
			"to": [6.5, 2.8, 16.11],
			"rotation": {"angle": 0, "axis": "y", "origin": [0, -1, 16]},
			"faces": {
				"north": {"uv": [10, 6, 5, 10], "texture": "#1"},
				"east": {"uv": [0, 0, 0, 4], "texture": "#missing"},
				"south": {"uv": [15.57067, 0, 11.168, 4.832], "rotation": 180, "texture": "#5"},
				"west": {"uv": [0, 0, 0, 4], "texture": "#missing"},
				"up": {"uv": [0, 0, 5, 0], "texture": "#missing"},
				"down": {"uv": [0, 0, 5, 0], "texture": "#missing"}
			}
		},
		{
			"from": [10.8, 1.5, 17.11],
			"to": [12.8, 4.5, 17.11],
			"rotation": {"angle": 22.5, "axis": "z", "origin": [0, -1, 16]},
			"faces": {
				"north": {"uv": [5, 10, 10, 6], "rotation": 90, "texture": "#1"},
				"east": {"uv": [0, 0, 5, 0], "rotation": 90, "texture": "#missing"},
				"south": {"uv": [16, 0, 11.168, 4.40267], "texture": "#5"},
				"west": {"uv": [0, 0, 5, 0], "rotation": 90, "texture": "#missing"},
				"up": {"uv": [0, 0, 0, 4], "rotation": 90, "texture": "#missing"},
				"down": {"uv": [0, 0, 0, 4], "rotation": 90, "texture": "#missing"}
			}
		},
		{
			"from": [-9.5, 5.8, 17.11],
			"to": [-6.5, 7.8, 17.11],
			"rotation": {"angle": 0, "axis": "y", "origin": [0, -1, 16]},
			"faces": {
				"north": {"uv": [10, 6, 5, 10], "texture": "#1"},
				"east": {"uv": [0, 0, 0, 4], "texture": "#missing"},
				"south": {"uv": [16, 0, 11.59733, 4.832], "texture": "#5"},
				"west": {"uv": [0, 0, 0, 4], "texture": "#missing"},
				"up": {"uv": [0, 0, 5, 0], "texture": "#missing"},
				"down": {"uv": [0, 0, 5, 0], "texture": "#missing"}
			}
		},
		{
			"from": [6.9, 1, 16.11],
			"to": [15.9, 3, 16.11],
			"rotation": {"angle": 0, "axis": "y", "origin": [0, -1, 16]},
			"faces": {
				"north": {"uv": [10, 6, 5, 10], "texture": "#1"},
				"east": {"uv": [0, 0, 0, 4], "texture": "#missing"},
				"south": {"uv": [0.04, 13.376, 7.936, 15.456], "texture": "#5"},
				"west": {"uv": [0, 0, 0, 4], "texture": "#missing"},
				"up": {"uv": [0, 0, 5, 0], "texture": "#missing"},
				"down": {"uv": [0, 0, 5, 0], "texture": "#missing"}
			}
		},
		{
			"from": [1.1, 5, 17.11],
			"to": [6.1, 9, 17.11],
			"rotation": {"angle": 0, "axis": "y", "origin": [16, -1, 16]},
			"faces": {
				"north": {"uv": [5, 6, 10, 10], "texture": "#1"},
				"east": {"uv": [0, 0, 0, 4], "texture": "#missing"},
				"south": {"uv": [0, 0, 5.96, 6.80533], "rotation": 180, "texture": "#5"},
				"west": {"uv": [0, 0, 0, 4], "texture": "#missing"},
				"up": {"uv": [5, 0, 0, 0], "texture": "#missing"},
				"down": {"uv": [5, 0, 0, 0], "texture": "#missing"}
			}
		},
		{
			"from": [5.9, 5, 17.11],
			"to": [10.9, 9, 17.11],
			"rotation": {"angle": 0, "axis": "y", "origin": [0, -1, 16]},
			"faces": {
				"north": {"uv": [10, 6, 5, 10], "texture": "#1"},
				"east": {"uv": [0, 0, 0, 4], "texture": "#missing"},
				"south": {"uv": [5.96, 0, 0, 6.80533], "rotation": 180, "texture": "#5"},
				"west": {"uv": [0, 0, 0, 4], "texture": "#missing"},
				"up": {"uv": [0, 0, 5, 0], "texture": "#missing"},
				"down": {"uv": [0, 0, 5, 0], "texture": "#missing"}
			}
		},
		{
			"from": [3.8, 3, 16.11],
			"to": [7.8, 5, 16.11],
			"rotation": {"angle": 0, "axis": "y", "origin": [16, -1, 16]},
			"faces": {
				"north": {"uv": [5, 6, 10, 10], "texture": "#1"},
				"east": {"uv": [0, 0, 0, 4], "texture": "#missing"},
				"south": {"uv": [8.66133, 8.66133, 15.688, 16], "rotation": 180, "texture": "#5"},
				"west": {"uv": [0, 0, 0, 4], "texture": "#missing"},
				"up": {"uv": [5, 0, 0, 0], "texture": "#missing"},
				"down": {"uv": [5, 0, 0, 0], "texture": "#missing"}
			}
		},
		{
			"from": [-2, 3, 16.11],
			"to": [4, 5, 16.11],
			"rotation": {"angle": 0, "axis": "y", "origin": [0, -1, 16]},
			"faces": {
				"north": {"uv": [10, 6, 5, 10], "texture": "#1"},
				"east": {"uv": [0, 0, 0, 4], "texture": "#missing"},
				"south": {"uv": [15.688, 8.66133, 8.66133, 16], "rotation": 180, "texture": "#5"},
				"west": {"uv": [0, 0, 0, 4], "texture": "#missing"},
				"up": {"uv": [0, 0, 5, 0], "texture": "#missing"},
				"down": {"uv": [0, 0, 5, 0], "texture": "#missing"}
			}
		},
		{
			"from": [-6.8, 5, 17.11],
			"to": [-0.8, 9, 17.11],
			"rotation": {"angle": 0, "axis": "y", "origin": [0, -1, 16]},
			"faces": {
				"north": {"uv": [10, 6, 5, 10], "texture": "#1"},
				"east": {"uv": [0, 0, 0, 4], "texture": "#missing"},
				"south": {"uv": [15.688, 8.66133, 8.66133, 16], "texture": "#5"},
				"west": {"uv": [0, 0, 0, 4], "texture": "#missing"},
				"up": {"uv": [0, 0, 5, 0], "texture": "#missing"},
				"down": {"uv": [0, 0, 5, 0], "texture": "#missing"}
			}
		}
	],
	"display": {
		"thirdperson_righthand": {
			"rotation": [0, 90, 0],
			"translation": [0, 2, 0],
			"scale": [0.25, 0.25, 0.25]
		},
		"thirdperson_lefthand": {
			"rotation": [0, 90, 0],
			"translation": [0, 2, 0],
			"scale": [0.25, 0.25, 0.25]
		},
		"firstperson_righthand": {
			"rotation": [0, -67.5, 0],
			"translation": [0, 3.5, 0],
			"scale": [0.25, 0.25, 0.25]
		},
		"firstperson_lefthand": {
			"rotation": [0, 102.5, 0],
			"translation": [0, 3.5, 0],
			"scale": [0.25, 0.25, 0.25]
		},
		"ground": {
			"scale": [0.25, 0.25, 0.25]
		},
		"gui": {
			"rotation": [22.5, 67.5, 5],
			"translation": [-0.25, 0.25, -0.75],
			"scale": [0.45, 0.45, 0.45]
		},
		"head": {
			"rotation": [0, -90, 0],
			"translation": [13.5, -13, -26.25],
			"scale": [4, 4, 4]
		},
		"fixed": {
			"translation": [-1.5, 1, -0.75],
			"scale": [0.4, 0.4, 0.4]
		}
	},
	"groups": [
		{
			"name": "Base",
			"origin": [16, 0, 0],
			"color": 1,
			"children": [0, 1, 2, 3, 4, 5, 6, 7, 8, 9, 10, 11, 12, 13, 14, 15, 16, 17, 18, 19, 20, 21, 22, 23]
		},
		{
			"name": "Cola",
			"origin": [0, 0, 0],
			"color": 6,
			"children": [24, 25, 26, 27, 28, 29, 30, 31, 32, 33, 34, 35, 36, 37, 38, 39]
		},
		{
			"name": "Punta",
			"origin": [0, 16, 0],
			"color": 0,
			"children": [40, 41, 42, 43]
		},
		{
			"name": "Cupula",
			"origin": [0, 0, 0],
			"color": 0,
			"children": [44, 45, 46, 47, 48, 49, 50, 51, 52, 53, 54, 55, 56]
		},
		{
			"name": "Paneles",
			"origin": [0, 0, 0],
			"color": 0,
			"children": [57, 58, 59, 60, 61, 62, 63, 64, 65, 66, 67, 68, 69, 70, 71, 72, 73, 74, 75, 76, 77, 78, 79, 80, 81, 82, 83, 84, 85, 86, 87, 88, 89, 90, 91, 92, 93, 94, 95, 96, 97, 98, 99, 100, 101, 102, 103, 104, 105, 106, 107, 108, 109, 110, 111, 112, 113, 114, 115, 116, 117, 118, 119, 120, 121, 122, 123, 124, 125, 126, 127, 128, 129, 130, 131, 132, 133, 134, 135, 136, 137, 138, 139, 140, 141, 142, 143, 144, 145, 146, 147, 148, 149, 150, 151, 152, 153, 154, 155, 156, 157, 158, 159, 160, 161, 162]
		},
		{
			"name": "Logos",
			"origin": [0, 0, 0],
			"color": 0,
			"children": [163, 164, 165, 166, 167, 168, 169, 170, 171, 172, 173]
		},
		{
			"name": "Logos2",
			"origin": [0, 0, 0],
			"color": 0,
			"children": [174, 175, 176, 177, 178, 179, 180, 181, 182, 183, 184]
		}
	]
}