{
	"credit": "Made by TeleMinecraft (Storbo)",
	"textures": {
		"10": "item/dinero/moneda_10",
		"particle": "item/dinero/billete_1000"
	},
	"elements": [
		{
			"from": [6, 0, 8],
			"to": [10, 4, 8],
			"faces": {
				"north": {"uv": [0, 0, 16, 16], "texture": "#10"},
				"east": {"uv": [0, 0, 1, 8], "texture": "#10"},
				"south": {"uv": [0, 0, 16, 16], "texture": "#10"},
				"west": {"uv": [0, 0, 1, 8], "texture": "#10"},
				"up": {"uv": [0, 0, 16, 1], "texture": "#10"},
				"down": {"uv": [0, 0, 16, 1], "texture": "#10"}
			}
		}
	],
	"display": {
		"thirdperson_righthand": {
			"translation": [0, 8, 0]
		},
		"thirdperson_lefthand": {
			"translation": [0, 8, 0]
		},
		"firstperson_righthand": {
			"rotation": [0, 15, 0],
			"translation": [0, 8, 0]
		},
		"firstperson_lefthand": {
			"rotation": [0, -15, 0],
			"translation": [0, 8, 0]
		},
		"ground": {
			"translation": [0, 8, 0]
		},
		"gui": {
			"rotation": [22.5, 22.5, 0],
			"translation": [0, 22, 0],
			"scale": [4, 4, 4]
		},
		"head": {
			"translation": [0, 8, 0]
		},
		"fixed": {
			"translation": [0, 6, 0]
		}
	}
}