{
	"credit": "Made by TeleMinecraft (Storbo)",
	"textures": {
		"0": "block/smooth_stone",
		"particle": "block/smooth_stone"
	},
	"elements": [
		{
			"from": [-1, 13, -9],
			"to": [1, 17, 25],
			"faces": {
				"north": {"uv": [1, 1, 3, 15], "texture": "#0"},
				"east": {"uv": [1, 1, 3, 15], "texture": "#0"},
				"south": {"uv": [1, 1, 3, 15], "texture": "#0"},
				"west": {"uv": [1, 13, 15, 15], "texture": "#0"},
				"up": {"uv": [1, 1, 3, 15], "texture": "#0"},
				"down": {"uv": [1, 1, 3, 15], "texture": "#0"}
			}
		},
		{
			"from": [15, 13, -9],
			"to": [17, 17, 25],
			"faces": {
				"north": {"uv": [1, 1, 3, 15], "texture": "#0"},
				"east": {"uv": [1, 13, 15, 15], "texture": "#0"},
				"south": {"uv": [1, 1, 3, 15], "texture": "#0"},
				"west": {"uv": [1, 1, 3, 15], "texture": "#0"},
				"up": {"uv": [1, 1, 3, 15], "texture": "#0"},
				"down": {"uv": [1, 1, 3, 15], "texture": "#0"}
			}
		},
		{
			"from": [-1, 13, -16],
			"to": [17, 17, -9],
			"faces": {
				"north": {"uv": [1, 1, 15, 8], "texture": "#0"},
				"east": {"uv": [1, 1, 15, 8], "texture": "#0"},
				"south": {"uv": [1, 1, 15, 8], "texture": "#0"},
				"west": {"uv": [1, 1, 15, 8], "texture": "#0"},
				"up": {"uv": [1, 1, 15, 8], "texture": "#0"},
				"down": {"uv": [1, 1, 15, 8], "texture": "#0"}
			}
		},
		{
			"from": [-1, 13, 25],
			"to": [17, 17, 32],
			"faces": {
				"north": {"uv": [1, 1, 15, 8], "texture": "#0"},
				"east": {"uv": [1, 1, 15, 8], "texture": "#0"},
				"south": {"uv": [1, 1, 15, 8], "texture": "#0"},
				"west": {"uv": [1, 1, 15, 8], "texture": "#0"},
				"up": {"uv": [1, 1, 15, 8], "texture": "#0"},
				"down": {"uv": [1, 1, 15, 8], "texture": "#0"}
			}
		},
		{
			"from": [3, 13, -9],
			"to": [5, 17, 25],
			"faces": {
				"north": {"uv": [1, 1, 3, 15], "texture": "#0"},
				"east": {"uv": [1, 1, 3, 15], "texture": "#0"},
				"south": {"uv": [1, 1, 3, 15], "texture": "#0"},
				"west": {"uv": [1, 1, 3, 15], "texture": "#0"},
				"up": {"uv": [1, 1, 3, 15], "texture": "#0"},
				"down": {"uv": [1, 1, 3, 15], "texture": "#0"}
			}
		},
		{
			"from": [7, 13, -9],
			"to": [9, 17, 25],
			"faces": {
				"north": {"uv": [1, 1, 3, 15], "texture": "#0"},
				"east": {"uv": [1, 1, 3, 15], "texture": "#0"},
				"south": {"uv": [1, 1, 3, 15], "texture": "#0"},
				"west": {"uv": [1, 1, 3, 15], "texture": "#0"},
				"up": {"uv": [1, 1, 3, 15], "texture": "#0"},
				"down": {"uv": [1, 1, 3, 15], "texture": "#0"}
			}
		},
		{
			"from": [11, 13, -9],
			"to": [13, 17, 25],
			"faces": {
				"north": {"uv": [1, 1, 3, 15], "texture": "#0"},
				"east": {"uv": [1, 1, 3, 15], "texture": "#0"},
				"south": {"uv": [1, 1, 3, 15], "texture": "#0"},
				"west": {"uv": [1, 1, 3, 15], "texture": "#0"},
				"up": {"uv": [1, 1, 3, 15], "texture": "#0"},
				"down": {"uv": [1, 1, 3, 15], "texture": "#0"}
			}
		},
		{
			"from": [13, 13, 21],
			"to": [15, 17, 23],
			"faces": {
				"north": {"uv": [1, 1, 15, 3], "texture": "#0"},
				"east": {"uv": [1, 1, 15, 3], "texture": "#0"},
				"south": {"uv": [1, 1, 15, 3], "texture": "#0"},
				"west": {"uv": [1, 1, 15, 3], "texture": "#0"},
				"up": {"uv": [1, 1, 3, 3], "texture": "#0"},
				"down": {"uv": [1, 1, 15, 3], "texture": "#0"}
			}
		},
		{
			"from": [13, 13, 17],
			"to": [15, 17, 19],
			"faces": {
				"north": {"uv": [1, 1, 15, 3], "texture": "#0"},
				"east": {"uv": [1, 1, 15, 3], "texture": "#0"},
				"south": {"uv": [1, 1, 15, 3], "texture": "#0"},
				"west": {"uv": [1, 1, 15, 3], "texture": "#0"},
				"up": {"uv": [1, 1, 3, 3], "texture": "#0"},
				"down": {"uv": [1, 1, 15, 3], "texture": "#0"}
			}
		},
		{
			"from": [13, 13, 13],
			"to": [15, 17, 15],
			"faces": {
				"north": {"uv": [1, 1, 15, 3], "texture": "#0"},
				"east": {"uv": [1, 1, 15, 3], "texture": "#0"},
				"south": {"uv": [1, 1, 15, 3], "texture": "#0"},
				"west": {"uv": [1, 1, 15, 3], "texture": "#0"},
				"up": {"uv": [1, 1, 3, 3], "texture": "#0"},
				"down": {"uv": [1, 1, 15, 3], "texture": "#0"}
			}
		},
		{
			"from": [13, 13, 9],
			"to": [15, 17, 11],
			"faces": {
				"north": {"uv": [1, 1, 15, 3], "texture": "#0"},
				"east": {"uv": [1, 1, 15, 3], "texture": "#0"},
				"south": {"uv": [1, 1, 15, 3], "texture": "#0"},
				"west": {"uv": [1, 1, 15, 3], "texture": "#0"},
				"up": {"uv": [1, 1, 3, 3], "texture": "#0"},
				"down": {"uv": [1, 1, 15, 3], "texture": "#0"}
			}
		},
		{
			"from": [13, 13, 5],
			"to": [15, 17, 7],
			"faces": {
				"north": {"uv": [1, 1, 15, 3], "texture": "#0"},
				"east": {"uv": [1, 1, 15, 3], "texture": "#0"},
				"south": {"uv": [1, 1, 15, 3], "texture": "#0"},
				"west": {"uv": [1, 1, 15, 3], "texture": "#0"},
				"up": {"uv": [1, 1, 3, 3], "texture": "#0"},
				"down": {"uv": [1, 1, 15, 3], "texture": "#0"}
			}
		},
		{
			"from": [13, 13, 1],
			"to": [15, 17, 3],
			"faces": {
				"north": {"uv": [1, 1, 15, 3], "texture": "#0"},
				"east": {"uv": [1, 1, 15, 3], "texture": "#0"},
				"south": {"uv": [1, 1, 15, 3], "texture": "#0"},
				"west": {"uv": [1, 1, 15, 3], "texture": "#0"},
				"up": {"uv": [1, 1, 3, 3], "texture": "#0"},
				"down": {"uv": [1, 1, 15, 3], "texture": "#0"}
			}
		},
		{
			"from": [13, 13, -3],
			"to": [15, 17, -1],
			"faces": {
				"north": {"uv": [1, 1, 15, 3], "texture": "#0"},
				"east": {"uv": [1, 1, 15, 3], "texture": "#0"},
				"south": {"uv": [1, 1, 15, 3], "texture": "#0"},
				"west": {"uv": [1, 1, 15, 3], "texture": "#0"},
				"up": {"uv": [1, 1, 3, 3], "texture": "#0"},
				"down": {"uv": [1, 1, 15, 3], "texture": "#0"}
			}
		},
		{
			"from": [13, 13, -7],
			"to": [15, 17, -5],
			"faces": {
				"north": {"uv": [1, 1, 15, 3], "texture": "#0"},
				"east": {"uv": [1, 1, 15, 3], "texture": "#0"},
				"south": {"uv": [1, 1, 15, 3], "texture": "#0"},
				"west": {"uv": [1, 1, 15, 3], "texture": "#0"},
				"up": {"uv": [1, 1, 3, 3], "texture": "#0"},
				"down": {"uv": [1, 1, 15, 3], "texture": "#0"}
			}
		},
		{
			"from": [9, 13, 21],
			"to": [11, 17, 23],
			"faces": {
				"north": {"uv": [1, 1, 15, 3], "texture": "#0"},
				"east": {"uv": [1, 1, 15, 3], "texture": "#0"},
				"south": {"uv": [1, 1, 15, 3], "texture": "#0"},
				"west": {"uv": [1, 1, 15, 3], "texture": "#0"},
				"up": {"uv": [1, 1, 3, 3], "texture": "#0"},
				"down": {"uv": [1, 1, 15, 3], "texture": "#0"}
			}
		},
		{
			"from": [9, 13, 17],
			"to": [11, 17, 19],
			"faces": {
				"north": {"uv": [1, 1, 15, 3], "texture": "#0"},
				"east": {"uv": [1, 1, 15, 3], "texture": "#0"},
				"south": {"uv": [1, 1, 15, 3], "texture": "#0"},
				"west": {"uv": [1, 1, 15, 3], "texture": "#0"},
				"up": {"uv": [1, 1, 3, 3], "texture": "#0"},
				"down": {"uv": [1, 1, 15, 3], "texture": "#0"}
			}
		},
		{
			"from": [9, 13, 13],
			"to": [11, 17, 15],
			"faces": {
				"north": {"uv": [1, 1, 15, 3], "texture": "#0"},
				"east": {"uv": [1, 1, 15, 3], "texture": "#0"},
				"south": {"uv": [1, 1, 15, 3], "texture": "#0"},
				"west": {"uv": [1, 1, 15, 3], "texture": "#0"},
				"up": {"uv": [1, 1, 3, 3], "texture": "#0"},
				"down": {"uv": [1, 1, 15, 3], "texture": "#0"}
			}
		},
		{
			"from": [9, 13, 9],
			"to": [11, 17, 11],
			"faces": {
				"north": {"uv": [1, 1, 15, 3], "texture": "#0"},
				"east": {"uv": [1, 1, 15, 3], "texture": "#0"},
				"south": {"uv": [1, 1, 15, 3], "texture": "#0"},
				"west": {"uv": [1, 1, 15, 3], "texture": "#0"},
				"up": {"uv": [1, 1, 3, 3], "texture": "#0"},
				"down": {"uv": [1, 1, 15, 3], "texture": "#0"}
			}
		},
		{
			"from": [9, 13, 5],
			"to": [11, 17, 7],
			"faces": {
				"north": {"uv": [1, 1, 15, 3], "texture": "#0"},
				"east": {"uv": [1, 1, 15, 3], "texture": "#0"},
				"south": {"uv": [1, 1, 15, 3], "texture": "#0"},
				"west": {"uv": [1, 1, 15, 3], "texture": "#0"},
				"up": {"uv": [1, 1, 3, 3], "texture": "#0"},
				"down": {"uv": [1, 1, 15, 3], "texture": "#0"}
			}
		},
		{
			"from": [9, 13, 1],
			"to": [11, 17, 3],
			"faces": {
				"north": {"uv": [1, 1, 15, 3], "texture": "#0"},
				"east": {"uv": [1, 1, 15, 3], "texture": "#0"},
				"south": {"uv": [1, 1, 15, 3], "texture": "#0"},
				"west": {"uv": [1, 1, 15, 3], "texture": "#0"},
				"up": {"uv": [1, 1, 3, 3], "texture": "#0"},
				"down": {"uv": [1, 1, 15, 3], "texture": "#0"}
			}
		},
		{
			"from": [9, 13, -3],
			"to": [11, 17, -1],
			"faces": {
				"north": {"uv": [1, 1, 15, 3], "texture": "#0"},
				"east": {"uv": [1, 1, 15, 3], "texture": "#0"},
				"south": {"uv": [1, 1, 15, 3], "texture": "#0"},
				"west": {"uv": [1, 1, 15, 3], "texture": "#0"},
				"up": {"uv": [1, 1, 3, 3], "texture": "#0"},
				"down": {"uv": [1, 1, 15, 3], "texture": "#0"}
			}
		},
		{
			"from": [9, 13, -7],
			"to": [11, 17, -5],
			"faces": {
				"north": {"uv": [1, 1, 15, 3], "texture": "#0"},
				"east": {"uv": [1, 1, 15, 3], "texture": "#0"},
				"south": {"uv": [1, 1, 15, 3], "texture": "#0"},
				"west": {"uv": [1, 1, 15, 3], "texture": "#0"},
				"up": {"uv": [1, 1, 3, 3], "texture": "#0"},
				"down": {"uv": [1, 1, 15, 3], "texture": "#0"}
			}
		},
		{
			"from": [5, 13, 21],
			"to": [7, 17, 23],
			"faces": {
				"north": {"uv": [1, 1, 15, 3], "texture": "#0"},
				"east": {"uv": [1, 1, 15, 3], "texture": "#0"},
				"south": {"uv": [1, 1, 15, 3], "texture": "#0"},
				"west": {"uv": [1, 1, 15, 3], "texture": "#0"},
				"up": {"uv": [1, 1, 3, 3], "texture": "#0"},
				"down": {"uv": [1, 1, 15, 3], "texture": "#0"}
			}
		},
		{
			"from": [5, 13, 17],
			"to": [7, 17, 19],
			"faces": {
				"north": {"uv": [1, 1, 15, 3], "texture": "#0"},
				"east": {"uv": [1, 1, 15, 3], "texture": "#0"},
				"south": {"uv": [1, 1, 15, 3], "texture": "#0"},
				"west": {"uv": [1, 1, 15, 3], "texture": "#0"},
				"up": {"uv": [1, 1, 3, 3], "texture": "#0"},
				"down": {"uv": [1, 1, 15, 3], "texture": "#0"}
			}
		},
		{
			"from": [5, 13, 13],
			"to": [7, 17, 15],
			"faces": {
				"north": {"uv": [1, 1, 15, 3], "texture": "#0"},
				"east": {"uv": [1, 1, 15, 3], "texture": "#0"},
				"south": {"uv": [1, 1, 15, 3], "texture": "#0"},
				"west": {"uv": [1, 1, 15, 3], "texture": "#0"},
				"up": {"uv": [1, 1, 3, 3], "texture": "#0"},
				"down": {"uv": [1, 1, 15, 3], "texture": "#0"}
			}
		},
		{
			"from": [5, 13, 9],
			"to": [7, 17, 11],
			"faces": {
				"north": {"uv": [1, 1, 15, 3], "texture": "#0"},
				"east": {"uv": [1, 1, 15, 3], "texture": "#0"},
				"south": {"uv": [1, 1, 15, 3], "texture": "#0"},
				"west": {"uv": [1, 1, 15, 3], "texture": "#0"},
				"up": {"uv": [1, 1, 3, 3], "texture": "#0"},
				"down": {"uv": [1, 1, 15, 3], "texture": "#0"}
			}
		},
		{
			"from": [5, 13, 5],
			"to": [7, 17, 7],
			"faces": {
				"north": {"uv": [1, 1, 15, 3], "texture": "#0"},
				"east": {"uv": [1, 1, 15, 3], "texture": "#0"},
				"south": {"uv": [1, 1, 15, 3], "texture": "#0"},
				"west": {"uv": [1, 1, 15, 3], "texture": "#0"},
				"up": {"uv": [1, 1, 3, 3], "texture": "#0"},
				"down": {"uv": [1, 1, 15, 3], "texture": "#0"}
			}
		},
		{
			"from": [5, 13, 1],
			"to": [7, 17, 3],
			"faces": {
				"north": {"uv": [1, 1, 15, 3], "texture": "#0"},
				"east": {"uv": [1, 1, 15, 3], "texture": "#0"},
				"south": {"uv": [1, 1, 15, 3], "texture": "#0"},
				"west": {"uv": [1, 1, 15, 3], "texture": "#0"},
				"up": {"uv": [1, 1, 3, 3], "texture": "#0"},
				"down": {"uv": [1, 1, 15, 3], "texture": "#0"}
			}
		},
		{
			"from": [5, 13, -3],
			"to": [7, 17, -1],
			"faces": {
				"north": {"uv": [1, 1, 15, 3], "texture": "#0"},
				"east": {"uv": [1, 1, 15, 3], "texture": "#0"},
				"south": {"uv": [1, 1, 15, 3], "texture": "#0"},
				"west": {"uv": [1, 1, 15, 3], "texture": "#0"},
				"up": {"uv": [1, 1, 3, 3], "texture": "#0"},
				"down": {"uv": [1, 1, 15, 3], "texture": "#0"}
			}
		},
		{
			"from": [5, 13, -7],
			"to": [7, 17, -5],
			"faces": {
				"north": {"uv": [1, 1, 15, 3], "texture": "#0"},
				"east": {"uv": [1, 1, 15, 3], "texture": "#0"},
				"south": {"uv": [1, 1, 15, 3], "texture": "#0"},
				"west": {"uv": [1, 1, 15, 3], "texture": "#0"},
				"up": {"uv": [1, 1, 3, 3], "texture": "#0"},
				"down": {"uv": [1, 1, 15, 3], "texture": "#0"}
			}
		},
		{
			"from": [1, 13, 21],
			"to": [3, 17, 23],
			"faces": {
				"north": {"uv": [1, 1, 15, 3], "texture": "#0"},
				"east": {"uv": [1, 1, 15, 3], "texture": "#0"},
				"south": {"uv": [1, 1, 15, 3], "texture": "#0"},
				"west": {"uv": [1, 1, 15, 3], "texture": "#0"},
				"up": {"uv": [1, 1, 3, 3], "texture": "#0"},
				"down": {"uv": [1, 1, 15, 3], "texture": "#0"}
			}
		},
		{
			"from": [1, 13, 17],
			"to": [3, 17, 19],
			"faces": {
				"north": {"uv": [1, 1, 15, 3], "texture": "#0"},
				"east": {"uv": [1, 1, 15, 3], "texture": "#0"},
				"south": {"uv": [1, 1, 15, 3], "texture": "#0"},
				"west": {"uv": [1, 1, 15, 3], "texture": "#0"},
				"up": {"uv": [1, 1, 3, 3], "texture": "#0"},
				"down": {"uv": [1, 1, 15, 3], "texture": "#0"}
			}
		},
		{
			"from": [1, 13, 13],
			"to": [3, 17, 15],
			"faces": {
				"north": {"uv": [1, 1, 15, 3], "texture": "#0"},
				"east": {"uv": [1, 1, 15, 3], "texture": "#0"},
				"south": {"uv": [1, 1, 15, 3], "texture": "#0"},
				"west": {"uv": [1, 1, 15, 3], "texture": "#0"},
				"up": {"uv": [1, 1, 3, 3], "texture": "#0"},
				"down": {"uv": [1, 1, 15, 3], "texture": "#0"}
			}
		},
		{
			"from": [1, 13, 9],
			"to": [3, 17, 11],
			"faces": {
				"north": {"uv": [1, 1, 15, 3], "texture": "#0"},
				"east": {"uv": [1, 1, 15, 3], "texture": "#0"},
				"south": {"uv": [1, 1, 15, 3], "texture": "#0"},
				"west": {"uv": [1, 1, 15, 3], "texture": "#0"},
				"up": {"uv": [1, 1, 3, 3], "texture": "#0"},
				"down": {"uv": [1, 1, 15, 3], "texture": "#0"}
			}
		},
		{
			"from": [1, 13, 5],
			"to": [3, 17, 7],
			"faces": {
				"north": {"uv": [1, 1, 15, 3], "texture": "#0"},
				"east": {"uv": [1, 1, 15, 3], "texture": "#0"},
				"south": {"uv": [1, 1, 15, 3], "texture": "#0"},
				"west": {"uv": [1, 1, 15, 3], "texture": "#0"},
				"up": {"uv": [1, 1, 3, 3], "texture": "#0"},
				"down": {"uv": [1, 1, 15, 3], "texture": "#0"}
			}
		},
		{
			"from": [1, 13, 1],
			"to": [3, 17, 3],
			"faces": {
				"north": {"uv": [1, 1, 15, 3], "texture": "#0"},
				"east": {"uv": [1, 1, 15, 3], "texture": "#0"},
				"south": {"uv": [1, 1, 15, 3], "texture": "#0"},
				"west": {"uv": [1, 1, 15, 3], "texture": "#0"},
				"up": {"uv": [1, 1, 3, 3], "texture": "#0"},
				"down": {"uv": [1, 1, 15, 3], "texture": "#0"}
			}
		},
		{
			"from": [1, 13, -3],
			"to": [3, 17, -1],
			"faces": {
				"north": {"uv": [1, 1, 15, 3], "texture": "#0"},
				"east": {"uv": [1, 1, 15, 3], "texture": "#0"},
				"south": {"uv": [1, 1, 15, 3], "texture": "#0"},
				"west": {"uv": [1, 1, 15, 3], "texture": "#0"},
				"up": {"uv": [1, 1, 3, 3], "texture": "#0"},
				"down": {"uv": [1, 1, 15, 3], "texture": "#0"}
			}
		},
		{
			"from": [1, 13, -7],
			"to": [3, 17, -5],
			"faces": {
				"north": {"uv": [1, 1, 15, 3], "texture": "#0"},
				"east": {"uv": [1, 1, 15, 3], "texture": "#0"},
				"south": {"uv": [1, 1, 15, 3], "texture": "#0"},
				"west": {"uv": [1, 1, 15, 3], "texture": "#0"},
				"up": {"uv": [1, 1, 3, 3], "texture": "#0"},
				"down": {"uv": [1, 1, 15, 3], "texture": "#0"}
			}
		},
		{
			"from": [-1, 0, -16],
			"to": [17, 13, -12],
			"faces": {
				"north": {"uv": [1, 1, 15, 13], "texture": "#0"},
				"east": {"uv": [1, 1, 15, 13], "texture": "#0"},
				"south": {"uv": [1, 1, 15, 13], "texture": "#0"},
				"west": {"uv": [1, 1, 15, 13], "texture": "#0"},
				"up": {"uv": [1, 1, 15, 13], "texture": "#0"},
				"down": {"uv": [1, 1, 15, 13], "texture": "#0"}
			}
		},
		{
			"from": [-1, 0, 28],
			"to": [17, 13, 32],
			"faces": {
				"north": {"uv": [1, 1, 15, 13], "texture": "#0"},
				"east": {"uv": [1, 1, 15, 13], "texture": "#0"},
				"south": {"uv": [1, 1, 15, 13], "texture": "#0"},
				"west": {"uv": [1, 1, 15, 13], "texture": "#0"},
				"up": {"uv": [1, 1, 15, 13], "texture": "#0"},
				"down": {"uv": [1, 1, 15, 13], "texture": "#0"}
			}
		}
	],
	"display": {
		"thirdperson_righthand": {
			"rotation": [0, 90, 0],
			"translation": [0, -1.25, 0],
			"scale": [0.25, 0.25, 0.25]
		},
		"thirdperson_lefthand": {
			"rotation": [0, 90, 0],
			"translation": [0, -1.25, 0],
			"scale": [0.25, 0.25, 0.25]
		},
		"firstperson_righthand": {
			"rotation": [0, 90, 0],
			"translation": [0, 1.25, 0],
			"scale": [0.25, 0.25, 0.25]
		},
		"firstperson_lefthand": {
			"rotation": [0, 90, 0],
			"translation": [0, 1.25, 0],
			"scale": [0.25, 0.25, 0.25]
		},
		"ground": {
			"rotation": [0, 90, 0],
			"translation": [0, -1.25, 0],
			"scale": [0.25, 0.25, 0.25]
		},
		"gui": {
			"rotation": [22.5, 67.5, 0],
			"scale": [0.25, 0.25, 0.25]
		},
		"head": {
			"rotation": [0, 90, 0],
			"translation": [0, -32, 0],
			"scale": [1.4, 1.4, 1.4]
		},
		"fixed": {
			"rotation": [0, 90, 0],
			"translation": [0, 0, -2],
			"scale": [0.25, 0.25, 0.25]
		}
	},
	"groups": [
		{
			"name": "Contorno",
			"origin": [0, 0, 0],
			"color": 0,
			"children": [0, 1, 2, 3]
		},
		{
			"name": "Verticales",
			"origin": [0, 0, 0],
			"color": 0,
			"children": [4, 5, 6]
		},
		{
			"name": "Horizontales",
			"origin": [0, 0, 0],
			"color": 0,
			"children": [7, 8, 9, 10, 11, 12, 13, 14, 15, 16, 17, 18, 19, 20, 21, 22, 23, 24, 25, 26, 27, 28, 29, 30, 31, 32, 33, 34, 35, 36, 37, 38]
		},
		{
			"name": "Patas",
			"origin": [0, 0, 0],
			"color": 0,
			"children": [39, 40]
		}
	]
}