{
	"credit": "Made by TeleMinecraft (Storbo)",
	"textures": {
		"0": "block/netherite_block",
		"2": "block/stripped_oak_log",
		"3": "block/stripped_dark_oak_log",
		"4": "block/cobblestone",
		"particle": "block/netherite_block"
	},
	"elements": [
		{
			"from": [-1, 0, 7],
			"to": [0.5, 20, 9],
			"faces": {
				"north": {"uv": [4, 2, 6, 14], "texture": "#0"},
				"east": {"uv": [4, 2, 6, 14], "texture": "#0"},
				"south": {"uv": [4, 2, 6, 14], "texture": "#0"},
				"west": {"uv": [4, 2, 6, 14], "texture": "#0"},
				"up": {"uv": [4, 2, 6, 4], "texture": "#0"},
				"down": {"uv": [4, 2, 6, 4], "texture": "#0"}
			}
		},
		{
			"from": [0, 0.5, 7.5],
			"to": [16, 1.5, 8.5],
			"faces": {
				"north": {"uv": [2, 2, 14, 4], "texture": "#0"},
				"east": {"uv": [2, 2, 14, 4], "texture": "#0"},
				"south": {"uv": [2, 2, 14, 4], "texture": "#0"},
				"west": {"uv": [2, 2, 14, 4], "texture": "#0"},
				"up": {"uv": [2, 2, 14, 4], "texture": "#0"},
				"down": {"uv": [2, 2, 14, 4], "texture": "#0"}
			}
		},
		{
			"from": [15.5, 0, 7],
			"to": [17, 20, 9],
			"faces": {
				"north": {"uv": [4, 2, 6, 14], "texture": "#0"},
				"east": {"uv": [4, 2, 6, 14], "texture": "#0"},
				"south": {"uv": [4, 2, 6, 14], "texture": "#0"},
				"west": {"uv": [4, 2, 6, 14], "texture": "#0"},
				"up": {"uv": [4, 2, 6, 4], "texture": "#0"},
				"down": {"uv": [4, 2, 6, 4], "texture": "#0"}
			}
		},
		{
			"from": [17, 8, 7.5],
			"to": [17.3, 9, 8.5],
			"faces": {
				"north": {"uv": [12, 14, 13, 15], "texture": "#4"},
				"east": {"uv": [12, 14, 13, 15], "texture": "#4"},
				"south": {"uv": [12, 14, 13, 15], "texture": "#4"},
				"west": {"uv": [12, 14, 13, 15], "texture": "#4"},
				"up": {"uv": [12, 14, 13, 15], "texture": "#4"},
				"down": {"uv": [12, 14, 13, 15], "texture": "#4"}
			}
		},
		{
			"from": [15, 8, 7.5],
			"to": [15.5, 9, 8.5],
			"faces": {
				"north": {"uv": [9, 9, 10, 10], "texture": "#0"},
				"east": {"uv": [9, 9, 10, 10], "texture": "#0"},
				"south": {"uv": [9, 9, 10, 10], "texture": "#0"},
				"west": {"uv": [9, 9, 10, 10], "texture": "#0"},
				"up": {"uv": [9, 9, 10, 10], "texture": "#0"},
				"down": {"uv": [9, 9, 10, 10], "texture": "#0"}
			}
		},
		{
			"from": [0.5, 8, 7.5],
			"to": [1, 9, 8.5],
			"faces": {
				"north": {"uv": [9, 9, 10, 10], "texture": "#0"},
				"east": {"uv": [9, 9, 10, 10], "texture": "#0"},
				"south": {"uv": [9, 9, 10, 10], "texture": "#0"},
				"west": {"uv": [9, 9, 10, 10], "texture": "#0"},
				"up": {"uv": [9, 9, 10, 10], "texture": "#0"},
				"down": {"uv": [9, 9, 10, 10], "texture": "#0"}
			}
		},
		{
			"from": [-1.3, 8, 7.5],
			"to": [-1, 9, 8.5],
			"faces": {
				"north": {"uv": [12, 14, 13, 15], "texture": "#4"},
				"east": {"uv": [12, 14, 13, 15], "texture": "#4"},
				"south": {"uv": [12, 14, 13, 15], "texture": "#4"},
				"west": {"uv": [12, 14, 13, 15], "texture": "#4"},
				"up": {"uv": [12, 14, 13, 15], "texture": "#4"},
				"down": {"uv": [12, 14, 13, 15], "texture": "#4"}
			}
		},
		{
			"from": [1, 3, 6.4],
			"to": [2, 13, 9.6],
			"rotation": {"angle": 0, "axis": "y", "origin": [0, 1, 0]},
			"faces": {
				"north": {"uv": [0, 0, 1, 10], "texture": "#3"},
				"east": {"uv": [0, 0, 4, 10], "texture": "#2"},
				"south": {"uv": [1, 10, 2, 0], "texture": "#3"},
				"west": {"uv": [0, 0, 4, 10], "texture": "#2"},
				"up": {"uv": [0, 0, 1, 4], "texture": "#2"},
				"down": {"uv": [0, 0, 1, 4], "texture": "#2"}
			}
		},
		{
			"from": [9.9, 3, -1.5],
			"to": [12.8, 13, -0.5],
			"rotation": {"angle": -22.5, "axis": "y", "origin": [0, 1, 0]},
			"faces": {
				"north": {"uv": [0, 0, 4, 10], "texture": "#2"},
				"east": {"uv": [0, 0, 4, 10], "texture": "#3"},
				"south": {"uv": [0, 0, 4, 10], "texture": "#2"},
				"west": {"uv": [0, 0, 4, 10], "texture": "#3"},
				"up": {"uv": [0, 0, 4, 10], "rotation": 90, "texture": "#2"},
				"down": {"uv": [0, 0, 4, 10], "rotation": 270, "texture": "#2"}
			}
		},
		{
			"from": [3.2, 3, -1.5],
			"to": [6.1, 13, -0.5],
			"rotation": {"angle": 22.5, "axis": "y", "origin": [16, 1, 0]},
			"faces": {
				"north": {"uv": [4, 0, 0, 10], "texture": "#2"},
				"east": {"uv": [4, 0, 0, 10], "texture": "#3"},
				"south": {"uv": [4, 0, 0, 10], "texture": "#2"},
				"west": {"uv": [4, 0, 0, 10], "texture": "#3"},
				"up": {"uv": [0, 10, 4, 0], "rotation": 90, "texture": "#2"},
				"down": {"uv": [0, 10, 4, 0], "rotation": 270, "texture": "#2"}
			}
		},
		{
			"from": [6.6, 3, 2.3],
			"to": [9.5, 13, 3.3],
			"rotation": {"angle": 0, "axis": "y", "origin": [16, 1, 0]},
			"faces": {
				"north": {"uv": [4, 0, 0, 10], "texture": "#2"},
				"east": {"uv": [4, 0, 0, 10], "texture": "#3"},
				"south": {"uv": [4, 0, 0, 10], "texture": "#2"},
				"west": {"uv": [4, 0, 0, 10], "texture": "#3"},
				"up": {"uv": [0, 10, 4, 0], "rotation": 90, "texture": "#2"},
				"down": {"uv": [0, 10, 4, 0], "rotation": 270, "texture": "#2"}
			}
		},
		{
			"from": [9.9, 3, 16.5],
			"to": [12.8, 13, 17.5],
			"rotation": {"angle": 22.5, "axis": "y", "origin": [0, 1, 16]},
			"faces": {
				"north": {"uv": [4, 0, 0, 10], "texture": "#2"},
				"east": {"uv": [4, 0, 0, 10], "texture": "#3"},
				"south": {"uv": [4, 0, 0, 10], "texture": "#2"},
				"west": {"uv": [4, 0, 0, 10], "texture": "#3"},
				"up": {"uv": [4, 0, 0, 10], "rotation": 90, "texture": "#2"},
				"down": {"uv": [4, 0, 0, 10], "rotation": 270, "texture": "#2"}
			}
		},
		{
			"from": [6.6, 3, 12.7],
			"to": [9.5, 13, 13.7],
			"rotation": {"angle": 0, "axis": "y", "origin": [16, 1, 16]},
			"faces": {
				"north": {"uv": [0, 0, 4, 10], "texture": "#2"},
				"east": {"uv": [0, 0, 4, 10], "texture": "#3"},
				"south": {"uv": [0, 0, 4, 10], "texture": "#2"},
				"west": {"uv": [0, 0, 4, 10], "texture": "#3"},
				"up": {"uv": [4, 10, 0, 0], "rotation": 90, "texture": "#2"},
				"down": {"uv": [4, 10, 0, 0], "rotation": 270, "texture": "#2"}
			}
		},
		{
			"from": [3.2, 3, 16.5],
			"to": [6.1, 13, 17.5],
			"rotation": {"angle": -22.5, "axis": "y", "origin": [16, 1, 16]},
			"faces": {
				"north": {"uv": [0, 0, 4, 10], "texture": "#2"},
				"east": {"uv": [0, 0, 4, 10], "texture": "#3"},
				"south": {"uv": [0, 0, 4, 10], "texture": "#2"},
				"west": {"uv": [0, 0, 4, 10], "texture": "#3"},
				"up": {"uv": [4, 10, 0, 0], "rotation": 90, "texture": "#2"},
				"down": {"uv": [4, 10, 0, 0], "rotation": 270, "texture": "#2"}
			}
		},
		{
			"from": [5, 3, 12.7],
			"to": [6, 13, 15.7],
			"rotation": {"angle": 45, "axis": "y", "origin": [0, 1, 16]},
			"faces": {
				"north": {"uv": [4, 0, 0, 10], "texture": "#3"},
				"east": {"uv": [4, 0, 0, 10], "texture": "#2"},
				"south": {"uv": [4, 0, 0, 10], "texture": "#3"},
				"west": {"uv": [4, 0, 0, 10], "texture": "#2"},
				"up": {"uv": [0, 10, 4, 0], "texture": "#2"},
				"down": {"uv": [0, 10, 4, 0], "texture": "#2"}
			}
		},
		{
			"from": [5, 3, 0.3],
			"to": [6, 13, 3.3],
			"rotation": {"angle": -45, "axis": "y", "origin": [0, 1, 0]},
			"faces": {
				"north": {"uv": [0, 0, 4, 10], "texture": "#3"},
				"east": {"uv": [0, 0, 4, 10], "texture": "#2"},
				"south": {"uv": [0, 0, 4, 10], "texture": "#3"},
				"west": {"uv": [0, 0, 4, 10], "texture": "#2"},
				"up": {"uv": [0, 0, 4, 10], "texture": "#2"},
				"down": {"uv": [0, 0, 4, 10], "texture": "#2"}
			}
		},
		{
			"from": [10, 3, 0.3],
			"to": [11, 13, 3.3],
			"rotation": {"angle": 45, "axis": "y", "origin": [16, 1, 0]},
			"faces": {
				"north": {"uv": [4, 0, 0, 10], "texture": "#3"},
				"east": {"uv": [4, 0, 0, 10], "texture": "#2"},
				"south": {"uv": [4, 0, 0, 10], "texture": "#3"},
				"west": {"uv": [4, 0, 0, 10], "texture": "#2"},
				"up": {"uv": [4, 0, 0, 10], "texture": "#2"},
				"down": {"uv": [4, 0, 0, 10], "texture": "#2"}
			}
		},
		{
			"from": [10, 3, 12.7],
			"to": [11, 13, 15.7],
			"rotation": {"angle": -45, "axis": "y", "origin": [16, 1, 16]},
			"faces": {
				"north": {"uv": [0, 0, 4, 10], "texture": "#3"},
				"east": {"uv": [0, 0, 4, 10], "texture": "#2"},
				"south": {"uv": [0, 0, 4, 10], "texture": "#3"},
				"west": {"uv": [0, 0, 4, 10], "texture": "#2"},
				"up": {"uv": [4, 10, 0, 0], "texture": "#2"},
				"down": {"uv": [4, 10, 0, 0], "texture": "#2"}
			}
		},
		{
			"from": [14, 3, 6.4],
			"to": [15, 13, 9.6],
			"rotation": {"angle": 0, "axis": "y", "origin": [16, 1, 0]},
			"faces": {
				"north": {"uv": [1, 0, 0, 10], "texture": "#3"},
				"east": {"uv": [4, 0, 0, 10], "texture": "#2"},
				"south": {"uv": [2, 10, 1, 0], "texture": "#3"},
				"west": {"uv": [4, 0, 0, 10], "texture": "#2"},
				"up": {"uv": [1, 0, 0, 4], "texture": "#2"},
				"down": {"uv": [1, 0, 0, 4], "texture": "#2"}
			}
		},
		{
			"from": [2, 3, 6.4],
			"to": [8, 4, 9.6],
			"rotation": {"angle": 0, "axis": "y", "origin": [0, 1, 0]},
			"faces": {
				"north": {"uv": [0, 1, 1, 0], "texture": "#3"},
				"east": {"uv": [0, 1, 1, 0], "texture": "#3"},
				"south": {"uv": [0, 1, 1, 0], "texture": "#3"},
				"west": {"uv": [0, 1, 1, 0], "texture": "#3"},
				"up": {"uv": [0, 1, 1, 0], "texture": "#3"},
				"down": {"uv": [0, 1, 1, 0], "texture": "#3"}
			}
		},
		{
			"from": [9.9, 3, -0.5],
			"to": [12.8, 4, 4.5],
			"rotation": {"angle": -22.5, "axis": "y", "origin": [0, 1, 0]},
			"faces": {
				"north": {"uv": [0, 0, 1, 1], "texture": "#3"},
				"east": {"uv": [0, 0, 1, 1], "texture": "#3"},
				"south": {"uv": [0, 0, 1, 1], "texture": "#3"},
				"west": {"uv": [0, 0, 1, 1], "texture": "#3"},
				"up": {"uv": [0, 0, 1, 1], "texture": "#3"},
				"down": {"uv": [0, 0, 1, 1], "texture": "#3"}
			}
		},
		{
			"from": [3.2, 3, -0.5],
			"to": [6.1, 4, 4.5],
			"rotation": {"angle": 22.5, "axis": "y", "origin": [16, 1, 0]},
			"faces": {
				"north": {"uv": [1, 0, 0, 1], "texture": "#3"},
				"east": {"uv": [1, 0, 0, 1], "texture": "#3"},
				"south": {"uv": [1, 0, 0, 1], "texture": "#3"},
				"west": {"uv": [1, 0, 0, 1], "texture": "#3"},
				"up": {"uv": [1, 0, 0, 1], "texture": "#3"},
				"down": {"uv": [1, 0, 0, 1], "texture": "#3"}
			}
		},
		{
			"from": [6.6, 3, 3.3],
			"to": [9.5, 4, 7.3],
			"rotation": {"angle": 0, "axis": "y", "origin": [16, 1, 0]},
			"faces": {
				"north": {"uv": [1, 0, 0, 1], "texture": "#3"},
				"east": {"uv": [1, 0, 0, 1], "texture": "#3"},
				"south": {"uv": [1, 0, 0, 1], "texture": "#3"},
				"west": {"uv": [1, 0, 0, 1], "texture": "#3"},
				"up": {"uv": [1, 0, 0, 1], "texture": "#3"},
				"down": {"uv": [1, 0, 0, 1], "texture": "#3"}
			}
		},
		{
			"from": [9.9, 3, 11.5],
			"to": [12.8, 4, 16.5],
			"rotation": {"angle": 22.5, "axis": "y", "origin": [0, 1, 16]},
			"faces": {
				"north": {"uv": [1, 0, 0, 1], "texture": "#3"},
				"east": {"uv": [1, 0, 0, 1], "texture": "#3"},
				"south": {"uv": [1, 0, 0, 1], "texture": "#3"},
				"west": {"uv": [1, 0, 0, 1], "texture": "#3"},
				"up": {"uv": [1, 0, 0, 1], "texture": "#3"},
				"down": {"uv": [1, 0, 0, 1], "texture": "#3"}
			}
		},
		{
			"from": [6.6, 3, 8.7],
			"to": [9.5, 4, 12.7],
			"rotation": {"angle": 0, "axis": "y", "origin": [16, 1, 16]},
			"faces": {
				"north": {"uv": [0, 0, 1, 1], "texture": "#3"},
				"east": {"uv": [0, 0, 1, 1], "texture": "#3"},
				"south": {"uv": [0, 0, 1, 1], "texture": "#3"},
				"west": {"uv": [0, 0, 1, 1], "texture": "#3"},
				"up": {"uv": [0, 0, 1, 1], "texture": "#3"},
				"down": {"uv": [0, 0, 1, 1], "texture": "#3"}
			}
		},
		{
			"from": [3.2, 3, 12.5],
			"to": [6.1, 4, 16.5],
			"rotation": {"angle": -22.5, "axis": "y", "origin": [16, 1, 16]},
			"faces": {
				"north": {"uv": [0, 0, 1, 1], "texture": "#3"},
				"east": {"uv": [0, 0, 1, 1], "texture": "#3"},
				"south": {"uv": [0, 0, 1, 1], "texture": "#3"},
				"west": {"uv": [0, 0, 1, 1], "texture": "#3"},
				"up": {"uv": [0, 0, 1, 1], "texture": "#3"},
				"down": {"uv": [0, 0, 1, 1], "texture": "#3"}
			}
		},
		{
			"from": [6, 3, 12.7],
			"to": [10, 4, 15.7],
			"rotation": {"angle": 45, "axis": "y", "origin": [0, 1, 16]},
			"faces": {
				"north": {"uv": [1, 0, 0, 1], "texture": "#3"},
				"east": {"uv": [1, 0, 0, 1], "texture": "#3"},
				"south": {"uv": [1, 0, 0, 1], "texture": "#3"},
				"west": {"uv": [1, 0, 0, 1], "texture": "#3"},
				"up": {"uv": [1, 0, 0, 1], "texture": "#3"},
				"down": {"uv": [1, 0, 0, 1], "texture": "#3"}
			}
		},
		{
			"from": [6, 3, 0.3],
			"to": [9, 4, 3.3],
			"rotation": {"angle": -45, "axis": "y", "origin": [0, 1, 0]},
			"faces": {
				"north": {"uv": [0, 0, 1, 1], "texture": "#3"},
				"east": {"uv": [0, 0, 1, 1], "texture": "#3"},
				"south": {"uv": [0, 0, 1, 1], "texture": "#3"},
				"west": {"uv": [0, 0, 1, 1], "texture": "#3"},
				"up": {"uv": [0, 0, 1, 1], "texture": "#3"},
				"down": {"uv": [0, 0, 1, 1], "texture": "#3"}
			}
		},
		{
			"from": [5, 3, 0.3],
			"to": [10, 4, 3.3],
			"rotation": {"angle": 45, "axis": "y", "origin": [16, 1, 0]},
			"faces": {
				"north": {"uv": [1, 0, 0, 1], "texture": "#3"},
				"east": {"uv": [1, 0, 0, 1], "texture": "#3"},
				"south": {"uv": [1, 0, 0, 1], "texture": "#3"},
				"west": {"uv": [1, 0, 0, 1], "texture": "#3"},
				"up": {"uv": [1, 0, 0, 1], "texture": "#3"},
				"down": {"uv": [1, 0, 0, 1], "texture": "#3"}
			}
		},
		{
			"from": [6, 3, 12.7],
			"to": [10, 4, 15.7],
			"rotation": {"angle": -45, "axis": "y", "origin": [16, 1, 16]},
			"faces": {
				"north": {"uv": [0, 0, 1, 1], "texture": "#3"},
				"east": {"uv": [0, 0, 1, 1], "texture": "#3"},
				"south": {"uv": [0, 0, 1, 1], "texture": "#3"},
				"west": {"uv": [0, 0, 1, 1], "texture": "#3"},
				"up": {"uv": [0, 0, 1, 1], "texture": "#3"},
				"down": {"uv": [0, 0, 1, 1], "texture": "#3"}
			}
		},
		{
			"from": [10, 3, 6.4],
			"to": [14, 4, 9.6],
			"rotation": {"angle": 0, "axis": "y", "origin": [16, 1, 0]},
			"faces": {
				"north": {"uv": [1, 1, 0, 0], "texture": "#3"},
				"east": {"uv": [1, 1, 0, 0], "texture": "#3"},
				"south": {"uv": [1, 1, 0, 0], "texture": "#3"},
				"west": {"uv": [1, 1, 0, 0], "texture": "#3"},
				"up": {"uv": [1, 1, 0, 0], "texture": "#3"},
				"down": {"uv": [1, 1, 0, 0], "texture": "#3"}
			}
		},
		{
			"from": [-2.8, 23.96, 5.36],
			"to": [4.3, 25.28, 10.64],
			"rotation": {"angle": -22.5, "axis": "z", "origin": [-1.56, -12.2, -2.56]},
			"faces": {
				"north": {"uv": [4, 2, 8, 3], "texture": "#0"},
				"east": {"uv": [4, 2, 8, 3], "texture": "#0"},
				"south": {"uv": [4, 2, 8, 3], "texture": "#0"},
				"west": {"uv": [4, 2, 8, 3], "texture": "#0"},
				"up": {"uv": [4, 2, 10, 8], "texture": "#0"},
				"down": {"uv": [4, 2, 10, 8], "texture": "#0"}
			}
		},
		{
			"from": [11.72, 24.76, 5.36],
			"to": [18.82, 26.08, 10.64],
			"rotation": {"angle": 22.5, "axis": "z", "origin": [19.56, -12.2, -2.56]},
			"faces": {
				"north": {"uv": [8, 2, 4, 3], "texture": "#0"},
				"east": {"uv": [8, 2, 4, 3], "texture": "#0"},
				"south": {"uv": [8, 2, 4, 3], "texture": "#0"},
				"west": {"uv": [8, 2, 4, 3], "texture": "#0"},
				"up": {"uv": [10, 2, 4, 8], "texture": "#0"},
				"down": {"uv": [10, 2, 4, 8], "texture": "#0"}
			}
		},
		{
			"from": [4.34, 21.592, 5.36],
			"to": [11.62, 22.912, 10.64],
			"rotation": {"angle": 0, "axis": "z", "origin": [19.56, -12.2, -2.56]},
			"faces": {
				"north": {"uv": [8, 2, 4, 3], "texture": "#0"},
				"east": {"uv": [8, 2, 4, 3], "texture": "#0"},
				"south": {"uv": [8, 2, 4, 3], "texture": "#0"},
				"west": {"uv": [8, 2, 4, 3], "texture": "#0"},
				"up": {"uv": [10, 2, 4, 8], "texture": "#0"},
				"down": {"uv": [10, 2, 4, 8], "texture": "#0"}
			}
		},
		{
			"from": [1.39, 10.24, 6.483],
			"to": [2.335, 12.34, 9.507],
			"rotation": {"angle": 0, "axis": "y", "origin": [0.445, 1, 0.435]},
			"faces": {
				"north": {"uv": [7, 3, 3, 6], "texture": "#0"},
				"east": {"uv": [7, 3, 3, 6], "texture": "#0"},
				"south": {"uv": [7, 3, 3, 6], "texture": "#0"},
				"west": {"uv": [7, 3, 3, 6], "texture": "#0"},
				"up": {"uv": [7, 3, 3, 6], "texture": "#0"},
				"down": {"uv": [7, 3, 3, 6], "texture": "#0"}
			}
		},
		{
			"from": [9.8005, 10.24, -0.9825],
			"to": [12.541, 12.34, -0.0375],
			"rotation": {"angle": -22.5, "axis": "y", "origin": [0.445, 1, 0.435]},
			"faces": {
				"north": {"uv": [7, 3, 3, 6], "texture": "#0"},
				"east": {"uv": [7, 3, 3, 6], "texture": "#0"},
				"south": {"uv": [7, 3, 3, 6], "texture": "#0"},
				"west": {"uv": [7, 3, 3, 6], "texture": "#0"},
				"up": {"uv": [7, 3, 3, 6], "texture": "#0"},
				"down": {"uv": [7, 3, 3, 6], "texture": "#0"}
			}
		},
		{
			"from": [3.469, 10.24, -0.9825],
			"to": [6.2095, 12.34, -0.0375],
			"rotation": {"angle": 22.5, "axis": "y", "origin": [15.565, 1, 0.435]},
			"faces": {
				"north": {"uv": [7, 3, 3, 6], "texture": "#0"},
				"east": {"uv": [7, 3, 3, 6], "texture": "#0"},
				"south": {"uv": [7, 3, 3, 6], "texture": "#0"},
				"west": {"uv": [7, 3, 3, 6], "texture": "#0"},
				"up": {"uv": [7, 3, 3, 6], "texture": "#0"},
				"down": {"uv": [7, 3, 3, 6], "texture": "#0"}
			}
		},
		{
			"from": [6.682, 10.24, 2.6085],
			"to": [9.4225, 12.34, 3.5535],
			"rotation": {"angle": 0, "axis": "y", "origin": [15.565, 1, 0.435]},
			"faces": {
				"north": {"uv": [7, 3, 3, 6], "texture": "#0"},
				"east": {"uv": [7, 3, 3, 6], "texture": "#0"},
				"south": {"uv": [7, 3, 3, 6], "texture": "#0"},
				"west": {"uv": [7, 3, 3, 6], "texture": "#0"},
				"up": {"uv": [7, 3, 3, 6], "texture": "#0"},
				"down": {"uv": [7, 3, 3, 6], "texture": "#0"}
			}
		},
		{
			"from": [9.8005, 10.24, 16.0275],
			"to": [12.541, 12.34, 16.9725],
			"rotation": {"angle": 22.5, "axis": "y", "origin": [0.445, 1, 15.555]},
			"faces": {
				"north": {"uv": [7, 3, 3, 6], "texture": "#0"},
				"east": {"uv": [7, 3, 3, 6], "texture": "#0"},
				"south": {"uv": [7, 3, 3, 6], "texture": "#0"},
				"west": {"uv": [7, 3, 3, 6], "texture": "#0"},
				"up": {"uv": [7, 3, 3, 6], "texture": "#0"},
				"down": {"uv": [7, 3, 3, 6], "texture": "#0"}
			}
		},
		{
			"from": [6.682, 10.24, 12.4365],
			"to": [9.4225, 12.34, 13.3815],
			"rotation": {"angle": 0, "axis": "y", "origin": [15.565, 1, 15.555]},
			"faces": {
				"north": {"uv": [7, 3, 3, 6], "texture": "#0"},
				"east": {"uv": [7, 3, 3, 6], "texture": "#0"},
				"south": {"uv": [7, 3, 3, 6], "texture": "#0"},
				"west": {"uv": [7, 3, 3, 6], "texture": "#0"},
				"up": {"uv": [7, 3, 3, 6], "texture": "#0"},
				"down": {"uv": [7, 3, 3, 6], "texture": "#0"}
			}
		},
		{
			"from": [3.469, 10.24, 16.0275],
			"to": [6.2095, 12.34, 16.9725],
			"rotation": {"angle": -22.5, "axis": "y", "origin": [15.565, 1, 15.555]},
			"faces": {
				"north": {"uv": [7, 3, 3, 6], "texture": "#0"},
				"east": {"uv": [7, 3, 3, 6], "texture": "#0"},
				"south": {"uv": [7, 3, 3, 6], "texture": "#0"},
				"west": {"uv": [7, 3, 3, 6], "texture": "#0"},
				"up": {"uv": [7, 3, 3, 6], "texture": "#0"},
				"down": {"uv": [7, 3, 3, 6], "texture": "#0"}
			}
		},
		{
			"from": [5.17, 10.24, 12.4365],
			"to": [6.115, 12.34, 15.2715],
			"rotation": {"angle": 45, "axis": "y", "origin": [0.445, 1, 15.555]},
			"faces": {
				"north": {"uv": [7, 3, 3, 6], "texture": "#0"},
				"east": {"uv": [7, 3, 3, 6], "texture": "#0"},
				"south": {"uv": [7, 3, 3, 6], "texture": "#0"},
				"west": {"uv": [7, 3, 3, 6], "texture": "#0"},
				"up": {"uv": [7, 3, 3, 6], "texture": "#0"},
				"down": {"uv": [7, 3, 3, 6], "texture": "#0"}
			}
		},
		{
			"from": [5.17, 10.24, 0.7185],
			"to": [6.115, 12.34, 3.5535],
			"rotation": {"angle": -45, "axis": "y", "origin": [0.445, 1, 0.435]},
			"faces": {
				"north": {"uv": [7, 3, 3, 6], "texture": "#0"},
				"east": {"uv": [7, 3, 3, 6], "texture": "#0"},
				"south": {"uv": [7, 3, 3, 6], "texture": "#0"},
				"west": {"uv": [7, 3, 3, 6], "texture": "#0"},
				"up": {"uv": [7, 3, 3, 6], "texture": "#0"},
				"down": {"uv": [7, 3, 3, 6], "texture": "#0"}
			}
		},
		{
			"from": [9.895, 10.24, 0.7185],
			"to": [10.84, 12.34, 3.5535],
			"rotation": {"angle": 45, "axis": "y", "origin": [15.565, 1, 0.435]},
			"faces": {
				"north": {"uv": [7, 3, 3, 6], "texture": "#0"},
				"east": {"uv": [7, 3, 3, 6], "texture": "#0"},
				"south": {"uv": [7, 3, 3, 6], "texture": "#0"},
				"west": {"uv": [7, 3, 3, 6], "texture": "#0"},
				"up": {"uv": [7, 3, 3, 6], "texture": "#0"},
				"down": {"uv": [7, 3, 3, 6], "texture": "#0"}
			}
		},
		{
			"from": [9.895, 10.24, 12.4365],
			"to": [10.84, 12.34, 15.2715],
			"rotation": {"angle": -45, "axis": "y", "origin": [15.565, 1, 15.555]},
			"faces": {
				"north": {"uv": [7, 3, 3, 6], "texture": "#0"},
				"east": {"uv": [7, 3, 3, 6], "texture": "#0"},
				"south": {"uv": [7, 3, 3, 6], "texture": "#0"},
				"west": {"uv": [7, 3, 3, 6], "texture": "#0"},
				"up": {"uv": [7, 3, 3, 6], "texture": "#0"},
				"down": {"uv": [7, 3, 3, 6], "texture": "#0"}
			}
		},
		{
			"from": [13.675, 10.24, 6.483],
			"to": [14.62, 12.34, 9.507],
			"rotation": {"angle": 0, "axis": "y", "origin": [15.565, 1, 0.435]},
			"faces": {
				"north": {"uv": [7, 3, 3, 6], "texture": "#0"},
				"east": {"uv": [7, 3, 3, 6], "texture": "#0"},
				"south": {"uv": [7, 3, 3, 6], "texture": "#0"},
				"west": {"uv": [7, 3, 3, 6], "texture": "#0"},
				"up": {"uv": [7, 3, 3, 6], "texture": "#0"},
				"down": {"uv": [7, 3, 3, 6], "texture": "#0"}
			}
		}
	],
	"display": {
		"thirdperson_righthand": {
			"translation": [0, 3, 0],
			"scale": [0.4, 0.4, 0.4]
		},
		"thirdperson_lefthand": {
			"translation": [0, 3, 0],
			"scale": [0.4, 0.4, 0.4]
		},
		"firstperson_righthand": {
			"translation": [0, 3, 0],
			"scale": [0.4, 0.4, 0.4]
		},
		"firstperson_lefthand": {
			"translation": [0, 3, 0],
			"scale": [0.4, 0.4, 0.4]
		},
		"ground": {
			"translation": [0, 3, 0],
			"scale": [0.4, 0.4, 0.4]
		},
		"gui": {
			"rotation": [22.5, 22.5, 0],
			"translation": [0, -1, 0],
			"scale": [0.5, 0.5, 0.5]
		},
		"head": {
			"translation": [0, -31.2, 0],
			"scale": [1.5, 1.5, 1.5]
		},
		"fixed": {
			"translation": [0, -1, 0],
			"scale": [0.5, 0.5, 0.5]
		}
	},
	"groups": [
		{
			"name": "Fierro",
			"origin": [8, 8, 8],
			"color": 0,
			"children": [0, 1, 2, 3, 4, 5, 6]
		},
		{
			"name": "Madera",
			"origin": [16, 1, 0],
			"color": 0,
			"children": [7, 8, 9, 10, 11, 12, 13, 14, 15, 16, 17, 18]
		},
		{
			"name": "Fondo",
			"origin": [16, 1, 0],
			"color": 0,
			"children": [19, 20, 21, 22, 23, 24, 25, 26, 27, 28, 29, 30]
		},
		{
			"name": "Techo",
			"origin": [19.56, -12.2, -2.56],
			"color": 0,
			"children": [31, 32, 33]
		},
		{
			"name": "Fierro interior",
			"origin": [16, 1, 0],
			"color": 0,
			"children": [34, 35, 36, 37, 38, 39, 40, 41, 42, 43, 44, 45]
		}
	]
}