{
	"credit": "Made by TeleMinecraft (Storbo)",
	"textures": {
		"0": "block/netherite_block",
		"2": "block/stripped_oak_log",
		"3": "block/stripped_dark_oak_log",
		"4": "block/cobblestone",
		"5": "block/light_gray_concrete",
		"particle": "block/netherite_block"
	},
	"elements": [
		{
			"from": [-1, 0, 7],
			"to": [0.5, 20, 9],
			"faces": {
				"north": {"uv": [4, 2, 6, 14], "texture": "#0"},
				"east": {"uv": [4, 2, 6, 14], "texture": "#0"},
				"south": {"uv": [4, 2, 6, 14], "texture": "#0"},
				"west": {"uv": [4, 2, 6, 14], "texture": "#0"},
				"up": {"uv": [4, 2, 6, 4], "texture": "#0"},
				"down": {"uv": [4, 2, 6, 4], "texture": "#0"}
			}
		},
		{
			"from": [0, 0.5, 7.5],
			"to": [16, 1.5, 8.5],
			"faces": {
				"north": {"uv": [2, 2, 14, 4], "texture": "#0"},
				"east": {"uv": [2, 2, 14, 4], "texture": "#0"},
				"south": {"uv": [2, 2, 14, 4], "texture": "#0"},
				"west": {"uv": [2, 2, 14, 4], "texture": "#0"},
				"up": {"uv": [2, 2, 14, 4], "texture": "#0"},
				"down": {"uv": [2, 2, 14, 4], "texture": "#0"}
			}
		},
		{
			"from": [15.5, 0, 7],
			"to": [17, 20, 9],
			"faces": {
				"north": {"uv": [4, 2, 6, 14], "texture": "#0"},
				"east": {"uv": [4, 2, 6, 14], "texture": "#0"},
				"south": {"uv": [4, 2, 6, 14], "texture": "#0"},
				"west": {"uv": [4, 2, 6, 14], "texture": "#0"},
				"up": {"uv": [4, 2, 6, 4], "texture": "#0"},
				"down": {"uv": [4, 2, 6, 4], "texture": "#0"}
			}
		},
		{
			"from": [17, 8, 7.5],
			"to": [17.3, 9, 8.5],
			"faces": {
				"north": {"uv": [12, 14, 13, 15], "texture": "#4"},
				"east": {"uv": [12, 14, 13, 15], "texture": "#4"},
				"south": {"uv": [12, 14, 13, 15], "texture": "#4"},
				"west": {"uv": [12, 14, 13, 15], "texture": "#4"},
				"up": {"uv": [12, 14, 13, 15], "texture": "#4"},
				"down": {"uv": [12, 14, 13, 15], "texture": "#4"}
			}
		},
		{
			"from": [15, 8, 7.5],
			"to": [15.5, 9, 8.5],
			"faces": {
				"north": {"uv": [9, 9, 10, 10], "texture": "#0"},
				"east": {"uv": [9, 9, 10, 10], "texture": "#0"},
				"south": {"uv": [9, 9, 10, 10], "texture": "#0"},
				"west": {"uv": [9, 9, 10, 10], "texture": "#0"},
				"up": {"uv": [9, 9, 10, 10], "texture": "#0"},
				"down": {"uv": [9, 9, 10, 10], "texture": "#0"}
			}
		},
		{
			"from": [0.5, 8, 7.5],
			"to": [1, 9, 8.5],
			"faces": {
				"north": {"uv": [9, 9, 10, 10], "texture": "#0"},
				"east": {"uv": [9, 9, 10, 10], "texture": "#0"},
				"south": {"uv": [9, 9, 10, 10], "texture": "#0"},
				"west": {"uv": [9, 9, 10, 10], "texture": "#0"},
				"up": {"uv": [9, 9, 10, 10], "texture": "#0"},
				"down": {"uv": [9, 9, 10, 10], "texture": "#0"}
			}
		},
		{
			"from": [-1.3, 8, 7.5],
			"to": [-1, 9, 8.5],
			"faces": {
				"north": {"uv": [12, 14, 13, 15], "texture": "#4"},
				"east": {"uv": [12, 14, 13, 15], "texture": "#4"},
				"south": {"uv": [12, 14, 13, 15], "texture": "#4"},
				"west": {"uv": [12, 14, 13, 15], "texture": "#4"},
				"up": {"uv": [12, 14, 13, 15], "texture": "#4"},
				"down": {"uv": [12, 14, 13, 15], "texture": "#4"}
			}
		},
		{
			"from": [1, 3, 6.4],
			"to": [2, 13, 9.6],
			"rotation": {"angle": 0, "axis": "y", "origin": [0, 1, 0]},
			"faces": {
				"north": {"uv": [0, 0, 1, 10], "texture": "#3"},
				"east": {"uv": [0, 0, 4, 10], "texture": "#2"},
				"south": {"uv": [1, 10, 2, 0], "texture": "#3"},
				"west": {"uv": [0, 0, 4, 10], "texture": "#2"},
				"up": {"uv": [0, 0, 1, 4], "texture": "#2"},
				"down": {"uv": [0, 0, 1, 4], "texture": "#2"}
			}
		},
		{
			"from": [9.9, 3, -1.5],
			"to": [12.8, 13, -0.5],
			"rotation": {"angle": -22.5, "axis": "y", "origin": [0, 1, 0]},
			"faces": {
				"north": {"uv": [0, 0, 4, 10], "texture": "#2"},
				"east": {"uv": [0, 0, 4, 10], "texture": "#3"},
				"south": {"uv": [0, 0, 4, 10], "texture": "#2"},
				"west": {"uv": [0, 0, 4, 10], "texture": "#3"},
				"up": {"uv": [0, 0, 4, 10], "rotation": 90, "texture": "#2"},
				"down": {"uv": [0, 0, 4, 10], "rotation": 270, "texture": "#2"}
			}
		},
		{
			"from": [3.2, 3, -1.5],
			"to": [6.1, 13, -0.5],
			"rotation": {"angle": 22.5, "axis": "y", "origin": [16, 1, 0]},
			"faces": {
				"north": {"uv": [4, 0, 0, 10], "texture": "#2"},
				"east": {"uv": [4, 0, 0, 10], "texture": "#3"},
				"south": {"uv": [4, 0, 0, 10], "texture": "#2"},
				"west": {"uv": [4, 0, 0, 10], "texture": "#3"},
				"up": {"uv": [0, 10, 4, 0], "rotation": 90, "texture": "#2"},
				"down": {"uv": [0, 10, 4, 0], "rotation": 270, "texture": "#2"}
			}
		},
		{
			"from": [6.6, 3, 2.3],
			"to": [9.5, 13, 3.3],
			"rotation": {"angle": 0, "axis": "y", "origin": [16, 1, 0]},
			"faces": {
				"north": {"uv": [4, 0, 0, 10], "texture": "#2"},
				"east": {"uv": [4, 0, 0, 10], "texture": "#3"},
				"south": {"uv": [4, 0, 0, 10], "texture": "#2"},
				"west": {"uv": [4, 0, 0, 10], "texture": "#3"},
				"up": {"uv": [0, 10, 4, 0], "rotation": 90, "texture": "#2"},
				"down": {"uv": [0, 10, 4, 0], "rotation": 270, "texture": "#2"}
			}
		},
		{
			"from": [9.9, 3, 16.5],
			"to": [12.8, 13, 17.5],
			"rotation": {"angle": 22.5, "axis": "y", "origin": [0, 1, 16]},
			"faces": {
				"north": {"uv": [4, 0, 0, 10], "texture": "#2"},
				"east": {"uv": [4, 0, 0, 10], "texture": "#3"},
				"south": {"uv": [4, 0, 0, 10], "texture": "#2"},
				"west": {"uv": [4, 0, 0, 10], "texture": "#3"},
				"up": {"uv": [4, 0, 0, 10], "rotation": 90, "texture": "#2"},
				"down": {"uv": [4, 0, 0, 10], "rotation": 270, "texture": "#2"}
			}
		},
		{
			"from": [6.6, 3, 12.7],
			"to": [9.5, 13, 13.7],
			"rotation": {"angle": 0, "axis": "y", "origin": [16, 1, 16]},
			"faces": {
				"north": {"uv": [0, 0, 4, 10], "texture": "#2"},
				"east": {"uv": [0, 0, 4, 10], "texture": "#3"},
				"south": {"uv": [0, 0, 4, 10], "texture": "#2"},
				"west": {"uv": [0, 0, 4, 10], "texture": "#3"},
				"up": {"uv": [4, 10, 0, 0], "rotation": 90, "texture": "#2"},
				"down": {"uv": [4, 10, 0, 0], "rotation": 270, "texture": "#2"}
			}
		},
		{
			"from": [3.2, 3, 16.5],
			"to": [6.1, 13, 17.5],
			"rotation": {"angle": -22.5, "axis": "y", "origin": [16, 1, 16]},
			"faces": {
				"north": {"uv": [0, 0, 4, 10], "texture": "#2"},
				"east": {"uv": [0, 0, 4, 10], "texture": "#3"},
				"south": {"uv": [0, 0, 4, 10], "texture": "#2"},
				"west": {"uv": [0, 0, 4, 10], "texture": "#3"},
				"up": {"uv": [4, 10, 0, 0], "rotation": 90, "texture": "#2"},
				"down": {"uv": [4, 10, 0, 0], "rotation": 270, "texture": "#2"}
			}
		},
		{
			"from": [5, 3, 12.7],
			"to": [6, 13, 15.7],
			"rotation": {"angle": 45, "axis": "y", "origin": [0, 1, 16]},
			"faces": {
				"north": {"uv": [4, 0, 0, 10], "texture": "#3"},
				"east": {"uv": [4, 0, 0, 10], "texture": "#2"},
				"south": {"uv": [4, 0, 0, 10], "texture": "#3"},
				"west": {"uv": [4, 0, 0, 10], "texture": "#2"},
				"up": {"uv": [0, 10, 4, 0], "texture": "#2"},
				"down": {"uv": [0, 10, 4, 0], "texture": "#2"}
			}
		},
		{
			"from": [5, 3, 0.3],
			"to": [6, 13, 3.3],
			"rotation": {"angle": -45, "axis": "y", "origin": [0, 1, 0]},
			"faces": {
				"north": {"uv": [0, 0, 4, 10], "texture": "#3"},
				"east": {"uv": [0, 0, 4, 10], "texture": "#2"},
				"south": {"uv": [0, 0, 4, 10], "texture": "#3"},
				"west": {"uv": [0, 0, 4, 10], "texture": "#2"},
				"up": {"uv": [0, 0, 4, 10], "texture": "#2"},
				"down": {"uv": [0, 0, 4, 10], "texture": "#2"}
			}
		},
		{
			"from": [10, 3, 0.3],
			"to": [11, 13, 3.3],
			"rotation": {"angle": 45, "axis": "y", "origin": [16, 1, 0]},
			"faces": {
				"north": {"uv": [4, 0, 0, 10], "texture": "#3"},
				"east": {"uv": [4, 0, 0, 10], "texture": "#2"},
				"south": {"uv": [4, 0, 0, 10], "texture": "#3"},
				"west": {"uv": [4, 0, 0, 10], "texture": "#2"},
				"up": {"uv": [4, 0, 0, 10], "texture": "#2"},
				"down": {"uv": [4, 0, 0, 10], "texture": "#2"}
			}
		},
		{
			"from": [10, 3, 12.7],
			"to": [11, 13, 15.7],
			"rotation": {"angle": -45, "axis": "y", "origin": [16, 1, 16]},
			"faces": {
				"north": {"uv": [0, 0, 4, 10], "texture": "#3"},
				"east": {"uv": [0, 0, 4, 10], "texture": "#2"},
				"south": {"uv": [0, 0, 4, 10], "texture": "#3"},
				"west": {"uv": [0, 0, 4, 10], "texture": "#2"},
				"up": {"uv": [4, 10, 0, 0], "texture": "#2"},
				"down": {"uv": [4, 10, 0, 0], "texture": "#2"}
			}
		},
		{
			"from": [14, 3, 6.4],
			"to": [15, 13, 9.6],
			"rotation": {"angle": 0, "axis": "y", "origin": [16, 1, 0]},
			"faces": {
				"north": {"uv": [1, 0, 0, 10], "texture": "#3"},
				"east": {"uv": [4, 0, 0, 10], "texture": "#2"},
				"south": {"uv": [2, 10, 1, 0], "texture": "#3"},
				"west": {"uv": [4, 0, 0, 10], "texture": "#2"},
				"up": {"uv": [1, 0, 0, 4], "texture": "#2"},
				"down": {"uv": [1, 0, 0, 4], "texture": "#2"}
			}
		},
		{
			"from": [2, 3, 6.4],
			"to": [8, 4, 9.6],
			"rotation": {"angle": 0, "axis": "y", "origin": [0, 1, 0]},
			"faces": {
				"north": {"uv": [0, 1, 1, 0], "texture": "#3"},
				"east": {"uv": [0, 1, 1, 0], "texture": "#3"},
				"south": {"uv": [0, 1, 1, 0], "texture": "#3"},
				"west": {"uv": [0, 1, 1, 0], "texture": "#3"},
				"up": {"uv": [0, 1, 1, 0], "texture": "#3"},
				"down": {"uv": [0, 1, 1, 0], "texture": "#3"}
			}
		},
		{
			"from": [9.9, 3, -0.5],
			"to": [12.8, 4, 4.5],
			"rotation": {"angle": -22.5, "axis": "y", "origin": [0, 1, 0]},
			"faces": {
				"north": {"uv": [0, 0, 1, 1], "texture": "#3"},
				"east": {"uv": [0, 0, 1, 1], "texture": "#3"},
				"south": {"uv": [0, 0, 1, 1], "texture": "#3"},
				"west": {"uv": [0, 0, 1, 1], "texture": "#3"},
				"up": {"uv": [0, 0, 1, 1], "texture": "#3"},
				"down": {"uv": [0, 0, 1, 1], "texture": "#3"}
			}
		},
		{
			"from": [3.2, 3, -0.5],
			"to": [6.1, 4, 4.5],
			"rotation": {"angle": 22.5, "axis": "y", "origin": [16, 1, 0]},
			"faces": {
				"north": {"uv": [1, 0, 0, 1], "texture": "#3"},
				"east": {"uv": [1, 0, 0, 1], "texture": "#3"},
				"south": {"uv": [1, 0, 0, 1], "texture": "#3"},
				"west": {"uv": [1, 0, 0, 1], "texture": "#3"},
				"up": {"uv": [1, 0, 0, 1], "texture": "#3"},
				"down": {"uv": [1, 0, 0, 1], "texture": "#3"}
			}
		},
		{
			"from": [6.6, 3, 3.3],
			"to": [9.5, 4, 7.3],
			"rotation": {"angle": 0, "axis": "y", "origin": [16, 1, 0]},
			"faces": {
				"north": {"uv": [1, 0, 0, 1], "texture": "#3"},
				"east": {"uv": [1, 0, 0, 1], "texture": "#3"},
				"south": {"uv": [1, 0, 0, 1], "texture": "#3"},
				"west": {"uv": [1, 0, 0, 1], "texture": "#3"},
				"up": {"uv": [1, 0, 0, 1], "texture": "#3"},
				"down": {"uv": [1, 0, 0, 1], "texture": "#3"}
			}
		},
		{
			"from": [9.9, 3, 11.5],
			"to": [12.8, 4, 16.5],
			"rotation": {"angle": 22.5, "axis": "y", "origin": [0, 1, 16]},
			"faces": {
				"north": {"uv": [1, 0, 0, 1], "texture": "#3"},
				"east": {"uv": [1, 0, 0, 1], "texture": "#3"},
				"south": {"uv": [1, 0, 0, 1], "texture": "#3"},
				"west": {"uv": [1, 0, 0, 1], "texture": "#3"},
				"up": {"uv": [1, 0, 0, 1], "texture": "#3"},
				"down": {"uv": [1, 0, 0, 1], "texture": "#3"}
			}
		},
		{
			"from": [6.6, 3, 8.7],
			"to": [9.5, 4, 12.7],
			"rotation": {"angle": 0, "axis": "y", "origin": [16, 1, 16]},
			"faces": {
				"north": {"uv": [0, 0, 1, 1], "texture": "#3"},
				"east": {"uv": [0, 0, 1, 1], "texture": "#3"},
				"south": {"uv": [0, 0, 1, 1], "texture": "#3"},
				"west": {"uv": [0, 0, 1, 1], "texture": "#3"},
				"up": {"uv": [0, 0, 1, 1], "texture": "#3"},
				"down": {"uv": [0, 0, 1, 1], "texture": "#3"}
			}
		},
		{
			"from": [3.2, 3, 12.5],
			"to": [6.1, 4, 16.5],
			"rotation": {"angle": -22.5, "axis": "y", "origin": [16, 1, 16]},
			"faces": {
				"north": {"uv": [0, 0, 1, 1], "texture": "#3"},
				"east": {"uv": [0, 0, 1, 1], "texture": "#3"},
				"south": {"uv": [0, 0, 1, 1], "texture": "#3"},
				"west": {"uv": [0, 0, 1, 1], "texture": "#3"},
				"up": {"uv": [0, 0, 1, 1], "texture": "#3"},
				"down": {"uv": [0, 0, 1, 1], "texture": "#3"}
			}
		},
		{
			"from": [6, 3, 12.7],
			"to": [10, 4, 15.7],
			"rotation": {"angle": 45, "axis": "y", "origin": [0, 1, 16]},
			"faces": {
				"north": {"uv": [1, 0, 0, 1], "texture": "#3"},
				"east": {"uv": [1, 0, 0, 1], "texture": "#3"},
				"south": {"uv": [1, 0, 0, 1], "texture": "#3"},
				"west": {"uv": [1, 0, 0, 1], "texture": "#3"},
				"up": {"uv": [1, 0, 0, 1], "texture": "#3"},
				"down": {"uv": [1, 0, 0, 1], "texture": "#3"}
			}
		},
		{
			"from": [6, 3, 0.3],
			"to": [9, 4, 3.3],
			"rotation": {"angle": -45, "axis": "y", "origin": [0, 1, 0]},
			"faces": {
				"north": {"uv": [0, 0, 1, 1], "texture": "#3"},
				"east": {"uv": [0, 0, 1, 1], "texture": "#3"},
				"south": {"uv": [0, 0, 1, 1], "texture": "#3"},
				"west": {"uv": [0, 0, 1, 1], "texture": "#3"},
				"up": {"uv": [0, 0, 1, 1], "texture": "#3"},
				"down": {"uv": [0, 0, 1, 1], "texture": "#3"}
			}
		},
		{
			"from": [5, 3, 0.3],
			"to": [10, 4, 3.3],
			"rotation": {"angle": 45, "axis": "y", "origin": [16, 1, 0]},
			"faces": {
				"north": {"uv": [1, 0, 0, 1], "texture": "#3"},
				"east": {"uv": [1, 0, 0, 1], "texture": "#3"},
				"south": {"uv": [1, 0, 0, 1], "texture": "#3"},
				"west": {"uv": [1, 0, 0, 1], "texture": "#3"},
				"up": {"uv": [1, 0, 0, 1], "texture": "#3"},
				"down": {"uv": [1, 0, 0, 1], "texture": "#3"}
			}
		},
		{
			"from": [6, 3, 12.7],
			"to": [10, 4, 15.7],
			"rotation": {"angle": -45, "axis": "y", "origin": [16, 1, 16]},
			"faces": {
				"north": {"uv": [0, 0, 1, 1], "texture": "#3"},
				"east": {"uv": [0, 0, 1, 1], "texture": "#3"},
				"south": {"uv": [0, 0, 1, 1], "texture": "#3"},
				"west": {"uv": [0, 0, 1, 1], "texture": "#3"},
				"up": {"uv": [0, 0, 1, 1], "texture": "#3"},
				"down": {"uv": [0, 0, 1, 1], "texture": "#3"}
			}
		},
		{
			"from": [10, 3, 6.4],
			"to": [14, 4, 9.6],
			"rotation": {"angle": 0, "axis": "y", "origin": [16, 1, 0]},
			"faces": {
				"north": {"uv": [1, 1, 0, 0], "texture": "#3"},
				"east": {"uv": [1, 1, 0, 0], "texture": "#3"},
				"south": {"uv": [1, 1, 0, 0], "texture": "#3"},
				"west": {"uv": [1, 1, 0, 0], "texture": "#3"},
				"up": {"uv": [1, 1, 0, 0], "texture": "#3"},
				"down": {"uv": [1, 1, 0, 0], "texture": "#3"}
			}
		},
		{
			"from": [1.39, 10.24, 6.483],
			"to": [2.335, 12.34, 9.507],
			"rotation": {"angle": 0, "axis": "y", "origin": [0.445, 1, 0.435]},
			"faces": {
				"north": {"uv": [7, 3, 3, 6], "texture": "#0"},
				"east": {"uv": [7, 3, 3, 6], "texture": "#0"},
				"south": {"uv": [7, 3, 3, 6], "texture": "#0"},
				"west": {"uv": [7, 3, 3, 6], "texture": "#0"},
				"up": {"uv": [7, 3, 3, 6], "texture": "#0"},
				"down": {"uv": [7, 3, 3, 6], "texture": "#0"}
			}
		},
		{
			"from": [9.8005, 10.24, -0.9825],
			"to": [12.541, 12.34, -0.0375],
			"rotation": {"angle": -22.5, "axis": "y", "origin": [0.445, 1, 0.435]},
			"faces": {
				"north": {"uv": [7, 3, 3, 6], "texture": "#0"},
				"east": {"uv": [7, 3, 3, 6], "texture": "#0"},
				"south": {"uv": [7, 3, 3, 6], "texture": "#0"},
				"west": {"uv": [7, 3, 3, 6], "texture": "#0"},
				"up": {"uv": [7, 3, 3, 6], "texture": "#0"},
				"down": {"uv": [7, 3, 3, 6], "texture": "#0"}
			}
		},
		{
			"from": [3.469, 10.24, -0.9825],
			"to": [6.2095, 12.34, -0.0375],
			"rotation": {"angle": 22.5, "axis": "y", "origin": [15.565, 1, 0.435]},
			"faces": {
				"north": {"uv": [7, 3, 3, 6], "texture": "#0"},
				"east": {"uv": [7, 3, 3, 6], "texture": "#0"},
				"south": {"uv": [7, 3, 3, 6], "texture": "#0"},
				"west": {"uv": [7, 3, 3, 6], "texture": "#0"},
				"up": {"uv": [7, 3, 3, 6], "texture": "#0"},
				"down": {"uv": [7, 3, 3, 6], "texture": "#0"}
			}
		},
		{
			"from": [6.682, 10.24, 2.6085],
			"to": [9.4225, 12.34, 3.5535],
			"rotation": {"angle": 0, "axis": "y", "origin": [15.565, 1, 0.435]},
			"faces": {
				"north": {"uv": [7, 3, 3, 6], "texture": "#0"},
				"east": {"uv": [7, 3, 3, 6], "texture": "#0"},
				"south": {"uv": [7, 3, 3, 6], "texture": "#0"},
				"west": {"uv": [7, 3, 3, 6], "texture": "#0"},
				"up": {"uv": [7, 3, 3, 6], "texture": "#0"},
				"down": {"uv": [7, 3, 3, 6], "texture": "#0"}
			}
		},
		{
			"from": [9.8005, 10.24, 16.0275],
			"to": [12.541, 12.34, 16.9725],
			"rotation": {"angle": 22.5, "axis": "y", "origin": [0.445, 1, 15.555]},
			"faces": {
				"north": {"uv": [7, 3, 3, 6], "texture": "#0"},
				"east": {"uv": [7, 3, 3, 6], "texture": "#0"},
				"south": {"uv": [7, 3, 3, 6], "texture": "#0"},
				"west": {"uv": [7, 3, 3, 6], "texture": "#0"},
				"up": {"uv": [7, 3, 3, 6], "texture": "#0"},
				"down": {"uv": [7, 3, 3, 6], "texture": "#0"}
			}
		},
		{
			"from": [6.682, 10.24, 12.4365],
			"to": [9.4225, 12.34, 13.3815],
			"rotation": {"angle": 0, "axis": "y", "origin": [15.565, 1, 15.555]},
			"faces": {
				"north": {"uv": [7, 3, 3, 6], "texture": "#0"},
				"east": {"uv": [7, 3, 3, 6], "texture": "#0"},
				"south": {"uv": [7, 3, 3, 6], "texture": "#0"},
				"west": {"uv": [7, 3, 3, 6], "texture": "#0"},
				"up": {"uv": [7, 3, 3, 6], "texture": "#0"},
				"down": {"uv": [7, 3, 3, 6], "texture": "#0"}
			}
		},
		{
			"from": [3.469, 10.24, 16.0275],
			"to": [6.2095, 12.34, 16.9725],
			"rotation": {"angle": -22.5, "axis": "y", "origin": [15.565, 1, 15.555]},
			"faces": {
				"north": {"uv": [7, 3, 3, 6], "texture": "#0"},
				"east": {"uv": [7, 3, 3, 6], "texture": "#0"},
				"south": {"uv": [7, 3, 3, 6], "texture": "#0"},
				"west": {"uv": [7, 3, 3, 6], "texture": "#0"},
				"up": {"uv": [7, 3, 3, 6], "texture": "#0"},
				"down": {"uv": [7, 3, 3, 6], "texture": "#0"}
			}
		},
		{
			"from": [5.17, 10.24, 12.4365],
			"to": [6.115, 12.34, 15.2715],
			"rotation": {"angle": 45, "axis": "y", "origin": [0.445, 1, 15.555]},
			"faces": {
				"north": {"uv": [7, 3, 3, 6], "texture": "#0"},
				"east": {"uv": [7, 3, 3, 6], "texture": "#0"},
				"south": {"uv": [7, 3, 3, 6], "texture": "#0"},
				"west": {"uv": [7, 3, 3, 6], "texture": "#0"},
				"up": {"uv": [7, 3, 3, 6], "texture": "#0"},
				"down": {"uv": [7, 3, 3, 6], "texture": "#0"}
			}
		},
		{
			"from": [5.17, 10.24, 0.7185],
			"to": [6.115, 12.34, 3.5535],
			"rotation": {"angle": -45, "axis": "y", "origin": [0.445, 1, 0.435]},
			"faces": {
				"north": {"uv": [7, 3, 3, 6], "texture": "#0"},
				"east": {"uv": [7, 3, 3, 6], "texture": "#0"},
				"south": {"uv": [7, 3, 3, 6], "texture": "#0"},
				"west": {"uv": [7, 3, 3, 6], "texture": "#0"},
				"up": {"uv": [7, 3, 3, 6], "texture": "#0"},
				"down": {"uv": [7, 3, 3, 6], "texture": "#0"}
			}
		},
		{
			"from": [9.895, 10.24, 0.7185],
			"to": [10.84, 12.34, 3.5535],
			"rotation": {"angle": 45, "axis": "y", "origin": [15.565, 1, 0.435]},
			"faces": {
				"north": {"uv": [7, 3, 3, 6], "texture": "#0"},
				"east": {"uv": [7, 3, 3, 6], "texture": "#0"},
				"south": {"uv": [7, 3, 3, 6], "texture": "#0"},
				"west": {"uv": [7, 3, 3, 6], "texture": "#0"},
				"up": {"uv": [7, 3, 3, 6], "texture": "#0"},
				"down": {"uv": [7, 3, 3, 6], "texture": "#0"}
			}
		},
		{
			"from": [9.895, 10.24, 12.4365],
			"to": [10.84, 12.34, 15.2715],
			"rotation": {"angle": -45, "axis": "y", "origin": [15.565, 1, 15.555]},
			"faces": {
				"north": {"uv": [7, 3, 3, 6], "texture": "#0"},
				"east": {"uv": [7, 3, 3, 6], "texture": "#0"},
				"south": {"uv": [7, 3, 3, 6], "texture": "#0"},
				"west": {"uv": [7, 3, 3, 6], "texture": "#0"},
				"up": {"uv": [7, 3, 3, 6], "texture": "#0"},
				"down": {"uv": [7, 3, 3, 6], "texture": "#0"}
			}
		},
		{
			"from": [13.675, 10.24, 6.483],
			"to": [14.62, 12.34, 9.507],
			"rotation": {"angle": 0, "axis": "y", "origin": [15.565, 1, 0.435]},
			"faces": {
				"north": {"uv": [7, 3, 3, 6], "texture": "#0"},
				"east": {"uv": [7, 3, 3, 6], "texture": "#0"},
				"south": {"uv": [7, 3, 3, 6], "texture": "#0"},
				"west": {"uv": [7, 3, 3, 6], "texture": "#0"},
				"up": {"uv": [7, 3, 3, 6], "texture": "#0"},
				"down": {"uv": [7, 3, 3, 6], "texture": "#0"}
			}
		},
		{
			"from": [-1.497, 19, 5.9472],
			"to": [6.041, 20.5, 10.4808],
			"rotation": {"angle": 0, "axis": "y", "origin": [-4.543, 16.061, -4.42]},
			"faces": {
				"north": {"uv": [13, 12, 14, 11], "texture": "#0"},
				"east": {"uv": [13, 12, 14, 11], "texture": "#0"},
				"south": {"uv": [13, 12, 14, 11], "texture": "#0"},
				"west": {"uv": [13, 12, 14, 11], "texture": "#0"},
				"up": {"uv": [13, 12, 14, 11], "texture": "#0"},
				"down": {"uv": [13, 12, 14, 11], "texture": "#0"}
			}
		},
		{
			"from": [11.0297, 19, -5.2065],
			"to": [15.5914, 20.5, 1.6585],
			"rotation": {"angle": -22.5, "axis": "y", "origin": [-4.543, 16.061, -4.42]},
			"faces": {
				"north": {"uv": [13, 11, 14, 12], "texture": "#0"},
				"east": {"uv": [13, 11, 14, 12], "texture": "#0"},
				"south": {"uv": [13, 11, 14, 12], "texture": "#0"},
				"west": {"uv": [13, 11, 14, 12], "texture": "#0"},
				"up": {"uv": [13, 11, 14, 12], "texture": "#0"},
				"down": {"uv": [13, 11, 14, 12], "texture": "#0"}
			}
		},
		{
			"from": [0.4906, 19, -5.2065],
			"to": [5.0523, 20.5, 1.6585],
			"rotation": {"angle": 22.5, "axis": "y", "origin": [20.625, 16.061, -4.42]},
			"faces": {
				"north": {"uv": [14, 11, 13, 12], "texture": "#0"},
				"east": {"uv": [14, 11, 13, 12], "texture": "#0"},
				"south": {"uv": [14, 11, 13, 12], "texture": "#0"},
				"west": {"uv": [14, 11, 13, 12], "texture": "#0"},
				"up": {"uv": [14, 11, 13, 12], "texture": "#0"},
				"down": {"uv": [14, 11, 13, 12], "texture": "#0"}
			}
		},
		{
			"from": [5.8388, 19, 0.7709],
			"to": [10.4005, 20.5, 6.0629],
			"rotation": {"angle": 0, "axis": "y", "origin": [20.625, 16.061, -4.42]},
			"faces": {
				"north": {"uv": [14, 11, 13, 12], "texture": "#0"},
				"east": {"uv": [14, 11, 13, 12], "texture": "#0"},
				"south": {"uv": [14, 11, 13, 12], "texture": "#0"},
				"west": {"uv": [14, 11, 13, 12], "texture": "#0"},
				"up": {"uv": [14, 11, 13, 12], "texture": "#0"},
				"down": {"uv": [14, 11, 13, 12], "texture": "#0"}
			}
		},
		{
			"from": [11.0297, 19, 15.3695],
			"to": [15.5914, 20.5, 21.5345],
			"rotation": {"angle": 22.5, "axis": "y", "origin": [-4.543, 16.061, 20.748]},
			"faces": {
				"north": {"uv": [14, 11, 13, 12], "texture": "#0"},
				"east": {"uv": [14, 11, 13, 12], "texture": "#0"},
				"south": {"uv": [14, 11, 13, 12], "texture": "#0"},
				"west": {"uv": [14, 11, 13, 12], "texture": "#0"},
				"up": {"uv": [14, 11, 13, 12], "texture": "#0"},
				"down": {"uv": [14, 11, 13, 12], "texture": "#0"}
			}
		},
		{
			"from": [5.8388, 19, 9.2651],
			"to": [10.4005, 20.5, 15.4571],
			"rotation": {"angle": 0, "axis": "y", "origin": [20.625, 16.061, 20.748]},
			"faces": {
				"north": {"uv": [13, 11, 14, 12], "texture": "#0"},
				"east": {"uv": [13, 11, 14, 12], "texture": "#0"},
				"south": {"uv": [13, 11, 14, 12], "texture": "#0"},
				"west": {"uv": [13, 11, 14, 12], "texture": "#0"},
				"up": {"uv": [13, 11, 14, 12], "texture": "#0"},
				"down": {"uv": [13, 11, 14, 12], "texture": "#0"}
			}
		},
		{
			"from": [0.4906, 19, 15.2425],
			"to": [5.0523, 20.5, 21.5345],
			"rotation": {"angle": -22.5, "axis": "y", "origin": [20.625, 16.061, 20.748]},
			"faces": {
				"north": {"uv": [13, 11, 14, 12], "texture": "#0"},
				"east": {"uv": [13, 11, 14, 12], "texture": "#0"},
				"south": {"uv": [13, 11, 14, 12], "texture": "#0"},
				"west": {"uv": [13, 11, 14, 12], "texture": "#0"},
				"up": {"uv": [13, 11, 14, 12], "texture": "#0"},
				"down": {"uv": [13, 11, 14, 12], "texture": "#0"}
			}
		},
		{
			"from": [4.895, 19, 15.5571],
			"to": [12.187, 20.5, 20.2761],
			"rotation": {"angle": 45, "axis": "y", "origin": [-4.543, 16.061, 20.748]},
			"faces": {
				"north": {"uv": [14, 11, 13, 12], "texture": "#0"},
				"east": {"uv": [14, 11, 13, 12], "texture": "#0"},
				"south": {"uv": [14, 11, 13, 12], "texture": "#0"},
				"west": {"uv": [14, 11, 13, 12], "texture": "#0"},
				"up": {"uv": [14, 11, 13, 12], "texture": "#0"},
				"down": {"uv": [14, 11, 13, 12], "texture": "#0"}
			}
		},
		{
			"from": [4.895, 19, -3.9481],
			"to": [12.014, 20.5, 0.7709],
			"rotation": {"angle": -45, "axis": "y", "origin": [-4.543, 16.061, -4.42]},
			"faces": {
				"north": {"uv": [13, 11, 14, 12], "texture": "#0"},
				"east": {"uv": [13, 11, 14, 12], "texture": "#0"},
				"south": {"uv": [13, 11, 14, 12], "texture": "#0"},
				"west": {"uv": [13, 11, 14, 12], "texture": "#0"},
				"up": {"uv": [13, 11, 14, 12], "texture": "#0"},
				"down": {"uv": [13, 11, 14, 12], "texture": "#0"}
			}
		},
		{
			"from": [4.122, 19, -3.9481],
			"to": [11.187, 20.5, 0.7709],
			"rotation": {"angle": 45, "axis": "y", "origin": [20.625, 16.061, -4.42]},
			"faces": {
				"north": {"uv": [14, 11, 13, 12], "texture": "#0"},
				"east": {"uv": [14, 11, 13, 12], "texture": "#0"},
				"south": {"uv": [14, 11, 13, 12], "texture": "#0"},
				"west": {"uv": [14, 11, 13, 12], "texture": "#0"},
				"up": {"uv": [14, 11, 13, 12], "texture": "#0"},
				"down": {"uv": [14, 11, 13, 12], "texture": "#0"}
			}
		},
		{
			"from": [3.995, 19, 15.5571],
			"to": [11.187, 20.5, 20.2761],
			"rotation": {"angle": -45, "axis": "y", "origin": [20.625, 16.061, 20.748]},
			"faces": {
				"north": {"uv": [13, 11, 14, 12], "texture": "#0"},
				"east": {"uv": [13, 11, 14, 12], "texture": "#0"},
				"south": {"uv": [13, 11, 14, 12], "texture": "#0"},
				"west": {"uv": [13, 11, 14, 12], "texture": "#0"},
				"up": {"uv": [13, 11, 14, 12], "texture": "#0"},
				"down": {"uv": [13, 11, 14, 12], "texture": "#0"}
			}
		},
		{
			"from": [9.987, 19, 5.9472],
			"to": [17.679, 20.5, 10.4808],
			"rotation": {"angle": 0, "axis": "y", "origin": [20.625, 16.061, -4.42]},
			"faces": {
				"north": {"uv": [14, 12, 13, 11], "texture": "#0"},
				"east": {"uv": [14, 12, 13, 11], "texture": "#0"},
				"south": {"uv": [14, 12, 13, 11], "texture": "#0"},
				"west": {"uv": [14, 12, 13, 11], "texture": "#0"},
				"up": {"uv": [14, 12, 13, 11], "texture": "#0"},
				"down": {"uv": [14, 12, 13, 11], "texture": "#0"}
			}
		},
		{
			"from": [7.32, 19, 5.816],
			"to": [8.4336, 20.51, 8.888],
			"rotation": {"angle": 22.5, "axis": "y", "origin": [6.648, 10.6, 7.736]},
			"faces": {
				"north": {"uv": [0, 0, 5.8, 1], "texture": "#5"},
				"east": {"uv": [0, 0, 5.8, 1], "texture": "#5"},
				"south": {"uv": [0, 0, 5.8, 1], "texture": "#5"},
				"west": {"uv": [0, 0, 5.8, 1], "texture": "#5"},
				"up": {"uv": [0, 0, 5.8, 1], "texture": "#5"},
				"down": {"uv": [4, 4, 3, 5], "texture": "#0"}
			}
		},
		{
			"from": [7.6464, 19, 4.664],
			"to": [8.76, 20.51, 7.736],
			"rotation": {"angle": -22.5, "axis": "y", "origin": [6.648, 10.6, 7.736]},
			"faces": {
				"north": {"uv": [0, 0, 5.8, 1], "texture": "#5"},
				"east": {"uv": [0, 0, 5.8, 1], "texture": "#5"},
				"south": {"uv": [0, 0, 5.8, 1], "texture": "#5"},
				"west": {"uv": [0, 0, 5.8, 1], "texture": "#5"},
				"up": {"uv": [0, 0, 5.8, 1], "texture": "#5"},
				"down": {"uv": [4, 4, 3, 5], "texture": "#0"}
			}
		},
		{
			"from": [7.36532, 19, 4.99167],
			"to": [8.51732, 20.51, 7.87167],
			"rotation": {"angle": 45, "axis": "y", "origin": [8.376, 10.6, 7.736]},
			"faces": {
				"north": {"uv": [0, 0, 6, 1], "texture": "#5"},
				"east": {"uv": [0, 0, 6, 1], "texture": "#5"},
				"south": {"uv": [0, 0, 6, 1], "texture": "#5"},
				"west": {"uv": [0, 0, 6, 1], "texture": "#5"},
				"up": {"uv": [0, 0, 6, 1], "texture": "#5"},
				"down": {"uv": [4, 4, 3, 5], "texture": "#0"}
			}
		},
		{
			"from": [8.11003, 19, 5.71717],
			"to": [9.26203, 20.51, 8.40517],
			"rotation": {"angle": -45, "axis": "y", "origin": [8.952, 10.6, 7.736]},
			"faces": {
				"north": {"uv": [0, 0, 6, 1], "texture": "#5"},
				"east": {"uv": [0, 0, 6, 1], "texture": "#5"},
				"south": {"uv": [0, 0, 6, 1], "texture": "#5"},
				"west": {"uv": [0, 0, 6, 1], "texture": "#5"},
				"up": {"uv": [0, 0, 6, 1], "texture": "#5"},
				"down": {"uv": [4, 4, 3, 5], "texture": "#0"}
			}
		},
		{
			"from": [5.5536, 19, 8.12],
			"to": [7.8576, 20.51, 9.272],
			"rotation": {"angle": -22.5, "axis": "y", "origin": [9.72, 10.6, 7.736]},
			"faces": {
				"north": {"uv": [0, 1, 6, 2], "rotation": 90, "texture": "#5"},
				"east": {"uv": [0, 1, 6, 2], "rotation": 90, "texture": "#5"},
				"south": {"uv": [0, 1, 6, 2], "rotation": 90, "texture": "#5"},
				"west": {"uv": [0, 1, 6, 2], "rotation": 90, "texture": "#5"},
				"up": {"uv": [0, 1, 6, 2], "rotation": 90, "texture": "#5"},
				"down": {"uv": [4, 4, 3, 5], "texture": "#0"}
			}
		},
		{
			"from": [5.2848, 19, 7.5632],
			"to": [8.1648, 20.51, 8.7152],
			"rotation": {"angle": 0, "axis": "y", "origin": [9.72, 10.6, 7.736]},
			"faces": {
				"north": {"uv": [0, 1, 6, 2], "rotation": 90, "texture": "#5"},
				"east": {"uv": [0, 1, 6, 2], "rotation": 90, "texture": "#5"},
				"south": {"uv": [0, 1, 6, 2], "rotation": 90, "texture": "#5"},
				"west": {"uv": [0, 1, 6, 2], "rotation": 90, "texture": "#5"},
				"up": {"uv": [0, 1, 6, 2], "rotation": 90, "texture": "#5"},
				"down": {"uv": [4, 4, 3, 5], "texture": "#0"}
			}
		},
		{
			"from": [7.9536, 19, 7.5824],
			"to": [11.0256, 20.51, 8.7344],
			"rotation": {"angle": 0, "axis": "y", "origin": [6.648, 10.6, 7.736]},
			"faces": {
				"north": {"uv": [0, 0, 6, 1], "rotation": 90, "texture": "#5"},
				"east": {"uv": [0, 0, 6, 1], "rotation": 90, "texture": "#5"},
				"south": {"uv": [0, 0, 6, 1], "rotation": 90, "texture": "#5"},
				"west": {"uv": [0, 0, 6, 1], "rotation": 90, "texture": "#5"},
				"up": {"uv": [0, 0, 6, 1], "rotation": 90, "texture": "#5"},
				"down": {"uv": [4, 4, 3, 5], "texture": "#0"}
			}
		},
		{
			"from": [9.0288, 19, 8.12],
			"to": [10.7568, 20.51, 9.272],
			"rotation": {"angle": 22.5, "axis": "y", "origin": [6.648, 10.6, 7.736]},
			"faces": {
				"north": {"uv": [0, 0, 6, 1], "rotation": 90, "texture": "#5"},
				"east": {"uv": [0, 0, 6, 1], "rotation": 90, "texture": "#5"},
				"south": {"uv": [0, 0, 6, 1], "rotation": 90, "texture": "#5"},
				"west": {"uv": [0, 0, 6, 1], "rotation": 90, "texture": "#5"},
				"up": {"uv": [0, 0, 6, 1], "rotation": 90, "texture": "#5"},
				"down": {"uv": [4, 4, 3, 5], "texture": "#0"}
			}
		},
		{
			"from": [7.5696, 19, 5.2784],
			"to": [8.76, 20.51, 7.0064],
			"rotation": {"angle": 0, "axis": "y", "origin": [6.648, 10.6, 7.736]},
			"faces": {
				"north": {"uv": [0, 0, 6.2, 1], "texture": "#5"},
				"east": {"uv": [0, 0, 6.2, 1], "texture": "#5"},
				"south": {"uv": [0, 0, 6.2, 1], "texture": "#5"},
				"west": {"uv": [0, 0, 6.2, 1], "texture": "#5"},
				"up": {"uv": [0, 0, 6.2, 1], "texture": "#5"},
				"down": {"uv": [4, 4, 3, 5], "texture": "#0"}
			}
		},
		{
			"from": [7.32, 19, 7.9472],
			"to": [8.4336, 20.51, 10.4432],
			"rotation": {"angle": -22.5, "axis": "y", "origin": [6.648, 10.6, 8.5232]},
			"faces": {
				"north": {"uv": [0, 1, 5.8, 2], "texture": "#5"},
				"east": {"uv": [0, 1, 5.8, 2], "texture": "#5"},
				"south": {"uv": [0, 1, 5.8, 2], "texture": "#5"},
				"west": {"uv": [0, 1, 5.8, 2], "texture": "#5"},
				"up": {"uv": [0, 1, 5.8, 2], "texture": "#5"},
				"down": {"uv": [4, 4, 3, 5], "texture": "#0"}
			}
		},
		{
			"from": [7.6464, 19, 8.9072],
			"to": [8.76, 20.51, 11.5952],
			"rotation": {"angle": 22.5, "axis": "y", "origin": [6.648, 10.6, 8.5232]},
			"faces": {
				"north": {"uv": [0, 1, 5.8, 2], "texture": "#5"},
				"east": {"uv": [0, 1, 5.8, 2], "texture": "#5"},
				"south": {"uv": [0, 1, 5.8, 2], "texture": "#5"},
				"west": {"uv": [0, 1, 5.8, 2], "texture": "#5"},
				"up": {"uv": [0, 1, 5.8, 2], "texture": "#5"},
				"down": {"uv": [4, 4, 3, 5], "texture": "#0"}
			}
		},
		{
			"from": [7.36532, 19, 9.15553],
			"to": [8.51732, 20.51, 11.26753],
			"rotation": {"angle": -45, "axis": "y", "origin": [8.376, 10.6, 8.5232]},
			"faces": {
				"north": {"uv": [0, 1, 6, 2], "texture": "#5"},
				"east": {"uv": [0, 1, 6, 2], "texture": "#5"},
				"south": {"uv": [0, 1, 6, 2], "texture": "#5"},
				"west": {"uv": [0, 1, 6, 2], "texture": "#5"},
				"up": {"uv": [0, 1, 6, 2], "texture": "#5"},
				"down": {"uv": [4, 4, 3, 5], "texture": "#0"}
			}
		},
		{
			"from": [8.11003, 19, 7.85403],
			"to": [9.26203, 20.51, 10.54203],
			"rotation": {"angle": 45, "axis": "y", "origin": [8.952, 10.6, 8.5232]},
			"faces": {
				"north": {"uv": [0, 1, 6, 2], "texture": "#5"},
				"east": {"uv": [0, 1, 6, 2], "texture": "#5"},
				"south": {"uv": [0, 1, 6, 2], "texture": "#5"},
				"west": {"uv": [0, 1, 6, 2], "texture": "#5"},
				"up": {"uv": [0, 1, 6, 2], "texture": "#5"},
				"down": {"uv": [4, 4, 3, 5], "texture": "#0"}
			}
		},
		{
			"from": [5.5536, 19, 6.9872],
			"to": [7.4736, 20.51, 8.1392],
			"rotation": {"angle": 22.5, "axis": "y", "origin": [9.72, 10.6, 8.5232]},
			"faces": {
				"north": {"uv": [6, 1, 12, 2], "rotation": 90, "texture": "#5"},
				"east": {"uv": [6, 1, 12, 2], "rotation": 90, "texture": "#5"},
				"south": {"uv": [6, 1, 12, 2], "rotation": 90, "texture": "#5"},
				"west": {"uv": [6, 1, 12, 2], "rotation": 90, "texture": "#5"},
				"up": {"uv": [6, 1, 12, 2], "rotation": 90, "texture": "#5"},
				"down": {"uv": [4, 4, 3, 5], "texture": "#0"}
			}
		},
		{
			"from": [9.2208, 19, 6.9872],
			"to": [10.7568, 20.51, 8.1392],
			"rotation": {"angle": -22.5, "axis": "y", "origin": [6.648, 10.6, 8.5232]},
			"faces": {
				"north": {"uv": [6, 0, 12, 1], "rotation": 90, "texture": "#5"},
				"east": {"uv": [6, 0, 12, 1], "rotation": 90, "texture": "#5"},
				"south": {"uv": [6, 0, 12, 1], "rotation": 90, "texture": "#5"},
				"west": {"uv": [6, 0, 12, 1], "rotation": 90, "texture": "#5"},
				"up": {"uv": [6, 0, 12, 1], "rotation": 90, "texture": "#5"},
				"down": {"uv": [4, 4, 3, 5], "texture": "#0"}
			}
		},
		{
			"from": [7.5696, 19, 8.8688],
			"to": [8.76, 20.51, 10.9808],
			"rotation": {"angle": 0, "axis": "y", "origin": [6.648, 10.6, 8.5232]},
			"faces": {
				"north": {"uv": [0, 1, 6.2, 2], "texture": "#5"},
				"east": {"uv": [0, 1, 6.2, 2], "texture": "#5"},
				"south": {"uv": [0, 1, 6.2, 2], "texture": "#5"},
				"west": {"uv": [0, 1, 6.2, 2], "texture": "#5"},
				"up": {"uv": [0, 1, 6.2, 2], "texture": "#5"},
				"down": {"uv": [4, 4, 3, 5], "texture": "#0"}
			}
		},
		{
			"from": [7.10912, 20.21375, 5.5205],
			"to": [8.34887, 20.855, 5.948],
			"rotation": {"angle": 22.5, "axis": "y", "origin": [6.361, 20.21375, 7.658]},
			"faces": {
				"north": {"uv": [0, 0, 5.8, 1], "texture": "#5"},
				"east": {"uv": [0, 0, 5.8, 1], "texture": "#5"},
				"south": {"uv": [0, 0, 5.8, 1], "texture": "#5"},
				"west": {"uv": [0, 0, 5.8, 1], "texture": "#5"},
				"up": {"uv": [0, 0, 5.8, 1], "texture": "#5"},
				"down": {"uv": [0, 0, 5.8, 1], "texture": "#5"}
			}
		},
		{
			"from": [7.4725, 20.21375, 4.238],
			"to": [8.71225, 20.855, 4.6655],
			"rotation": {"angle": -22.5, "axis": "y", "origin": [6.361, 20.21375, 7.658]},
			"faces": {
				"north": {"uv": [0, 0, 5.8, 1], "texture": "#5"},
				"east": {"uv": [0, 0, 5.8, 1], "texture": "#5"},
				"south": {"uv": [0, 0, 5.8, 1], "texture": "#5"},
				"west": {"uv": [0, 0, 5.8, 1], "texture": "#5"},
				"up": {"uv": [0, 0, 5.8, 1], "texture": "#5"},
				"down": {"uv": [0, 0, 5.8, 1], "texture": "#5"}
			}
		},
		{
			"from": [7.15958, 20.21375, 4.60279],
			"to": [8.44208, 20.855, 5.03029],
			"rotation": {"angle": 45, "axis": "y", "origin": [8.28475, 20.21375, 7.658]},
			"faces": {
				"north": {"uv": [0, 0, 6, 1], "texture": "#5"},
				"east": {"uv": [0, 0, 6, 1], "texture": "#5"},
				"south": {"uv": [0, 0, 6, 1], "texture": "#5"},
				"west": {"uv": [0, 0, 6, 1], "texture": "#5"},
				"up": {"uv": [0, 0, 6, 1], "texture": "#5"},
				"down": {"uv": [0, 0, 6, 1], "texture": "#5"}
			}
		},
		{
			"from": [7.98865, 20.21375, 5.41048],
			"to": [9.27115, 20.855, 5.83798],
			"rotation": {"angle": -45, "axis": "y", "origin": [8.926, 20.21375, 7.658]},
			"faces": {
				"north": {"uv": [0, 0, 6, 1], "texture": "#5"},
				"east": {"uv": [0, 0, 6, 1], "texture": "#5"},
				"south": {"uv": [0, 0, 6, 1], "texture": "#5"},
				"west": {"uv": [0, 0, 6, 1], "texture": "#5"},
				"up": {"uv": [0, 0, 6, 1], "texture": "#5"},
				"down": {"uv": [0, 0, 6, 1], "texture": "#5"}
			}
		},
		{
			"from": [5.14262, 20.21375, 8.0855],
			"to": [5.57012, 20.855, 9.368],
			"rotation": {"angle": -22.5, "axis": "y", "origin": [9.781, 20.21375, 7.658]},
			"faces": {
				"north": {"uv": [0, 1, 6, 2], "rotation": 90, "texture": "#5"},
				"east": {"uv": [0, 1, 6, 2], "rotation": 90, "texture": "#5"},
				"south": {"uv": [0, 1, 6, 2], "rotation": 90, "texture": "#5"},
				"west": {"uv": [0, 1, 6, 2], "rotation": 90, "texture": "#5"},
				"up": {"uv": [0, 1, 6, 2], "rotation": 90, "texture": "#5"},
				"down": {"uv": [0, 1, 6, 2], "rotation": 90, "texture": "#5"}
			}
		},
		{
			"from": [4.84337, 20.21375, 7.46562],
			"to": [5.27087, 20.855, 8.74812],
			"rotation": {"angle": 0, "axis": "y", "origin": [9.781, 20.21375, 7.658]},
			"faces": {
				"north": {"uv": [0, 1, 6, 2], "rotation": 90, "texture": "#5"},
				"east": {"uv": [0, 1, 6, 2], "rotation": 90, "texture": "#5"},
				"south": {"uv": [0, 1, 6, 2], "rotation": 90, "texture": "#5"},
				"west": {"uv": [0, 1, 6, 2], "rotation": 90, "texture": "#5"},
				"up": {"uv": [0, 1, 6, 2], "rotation": 90, "texture": "#5"},
				"down": {"uv": [0, 1, 6, 2], "rotation": 90, "texture": "#5"}
			}
		},
		{
			"from": [10.807, 20.21375, 7.487],
			"to": [11.2345, 20.855, 8.7695],
			"rotation": {"angle": 0, "axis": "y", "origin": [6.361, 20.21375, 7.658]},
			"faces": {
				"north": {"uv": [0, 0, 6, 1], "rotation": 90, "texture": "#5"},
				"east": {"uv": [0, 0, 6, 1], "rotation": 90, "texture": "#5"},
				"south": {"uv": [0, 0, 6, 1], "rotation": 90, "texture": "#5"},
				"west": {"uv": [0, 0, 6, 1], "rotation": 90, "texture": "#5"},
				"up": {"uv": [0, 0, 6, 1], "rotation": 90, "texture": "#5"},
				"down": {"uv": [0, 0, 6, 1], "rotation": 90, "texture": "#5"}
			}
		},
		{
			"from": [10.50775, 20.21375, 8.0855],
			"to": [10.93525, 20.855, 9.368],
			"rotation": {"angle": 22.5, "axis": "y", "origin": [6.361, 20.21375, 7.658]},
			"faces": {
				"north": {"uv": [0, 0, 6, 1], "rotation": 90, "texture": "#5"},
				"east": {"uv": [0, 0, 6, 1], "rotation": 90, "texture": "#5"},
				"south": {"uv": [0, 0, 6, 1], "rotation": 90, "texture": "#5"},
				"west": {"uv": [0, 0, 6, 1], "rotation": 90, "texture": "#5"},
				"up": {"uv": [0, 0, 6, 1], "rotation": 90, "texture": "#5"},
				"down": {"uv": [0, 0, 6, 1], "rotation": 90, "texture": "#5"}
			}
		},
		{
			"from": [7.387, 20.21375, 4.922],
			"to": [8.71225, 20.855, 5.3495],
			"rotation": {"angle": 0, "axis": "y", "origin": [6.361, 20.21375, 7.658]},
			"faces": {
				"north": {"uv": [0, 0, 6.2, 1], "texture": "#5"},
				"east": {"uv": [0, 0, 6.2, 1], "texture": "#5"},
				"south": {"uv": [0, 0, 6.2, 1], "texture": "#5"},
				"west": {"uv": [0, 0, 6.2, 1], "texture": "#5"},
				"up": {"uv": [0, 0, 6.2, 1], "texture": "#5"},
				"down": {"uv": [0, 0, 6.2, 1], "texture": "#5"}
			}
		},
		{
			"from": [7.10912, 20.21375, 10.24437],
			"to": [8.34887, 20.855, 10.67187],
			"rotation": {"angle": -22.5, "axis": "y", "origin": [6.361, 20.21375, 8.53437]},
			"faces": {
				"north": {"uv": [0, 1, 5.8, 2], "texture": "#5"},
				"east": {"uv": [0, 1, 5.8, 2], "texture": "#5"},
				"south": {"uv": [0, 1, 5.8, 2], "texture": "#5"},
				"west": {"uv": [0, 1, 5.8, 2], "texture": "#5"},
				"up": {"uv": [0, 1, 5.8, 2], "texture": "#5"},
				"down": {"uv": [0, 1, 5.8, 2], "texture": "#5"}
			}
		},
		{
			"from": [7.4725, 20.21375, 11.52687],
			"to": [8.71225, 20.855, 11.95438],
			"rotation": {"angle": 22.5, "axis": "y", "origin": [6.361, 20.21375, 8.53437]},
			"faces": {
				"north": {"uv": [0, 1, 5.8, 2], "texture": "#5"},
				"east": {"uv": [0, 1, 5.8, 2], "texture": "#5"},
				"south": {"uv": [0, 1, 5.8, 2], "texture": "#5"},
				"west": {"uv": [0, 1, 5.8, 2], "texture": "#5"},
				"up": {"uv": [0, 1, 5.8, 2], "texture": "#5"},
				"down": {"uv": [0, 1, 5.8, 2], "texture": "#5"}
			}
		},
		{
			"from": [7.15958, 20.21375, 11.16209],
			"to": [8.44208, 20.855, 11.58959],
			"rotation": {"angle": -45, "axis": "y", "origin": [8.28475, 20.21375, 8.53437]},
			"faces": {
				"north": {"uv": [0, 1, 6, 2], "texture": "#5"},
				"east": {"uv": [0, 1, 6, 2], "texture": "#5"},
				"south": {"uv": [0, 1, 6, 2], "texture": "#5"},
				"west": {"uv": [0, 1, 6, 2], "texture": "#5"},
				"up": {"uv": [0, 1, 6, 2], "texture": "#5"},
				"down": {"uv": [0, 1, 6, 2], "texture": "#5"}
			}
		},
		{
			"from": [7.98865, 20.21375, 10.3544],
			"to": [9.27115, 20.855, 10.7819],
			"rotation": {"angle": 45, "axis": "y", "origin": [8.926, 20.21375, 8.53437]},
			"faces": {
				"north": {"uv": [0, 1, 6, 2], "texture": "#5"},
				"east": {"uv": [0, 1, 6, 2], "texture": "#5"},
				"south": {"uv": [0, 1, 6, 2], "texture": "#5"},
				"west": {"uv": [0, 1, 6, 2], "texture": "#5"},
				"up": {"uv": [0, 1, 6, 2], "texture": "#5"},
				"down": {"uv": [0, 1, 6, 2], "texture": "#5"}
			}
		},
		{
			"from": [5.14262, 20.21375, 6.82437],
			"to": [5.57012, 20.855, 8.10687],
			"rotation": {"angle": 22.5, "axis": "y", "origin": [9.781, 20.21375, 8.53437]},
			"faces": {
				"north": {"uv": [6, 1, 12, 2], "rotation": 90, "texture": "#5"},
				"east": {"uv": [6, 1, 12, 2], "rotation": 90, "texture": "#5"},
				"south": {"uv": [6, 1, 12, 2], "rotation": 90, "texture": "#5"},
				"west": {"uv": [6, 1, 12, 2], "rotation": 90, "texture": "#5"},
				"up": {"uv": [6, 1, 12, 2], "rotation": 90, "texture": "#5"},
				"down": {"uv": [6, 1, 12, 2], "rotation": 90, "texture": "#5"}
			}
		},
		{
			"from": [10.50775, 20.21375, 6.82437],
			"to": [10.93525, 20.855, 8.10687],
			"rotation": {"angle": -22.5, "axis": "y", "origin": [6.361, 20.21375, 8.53437]},
			"faces": {
				"north": {"uv": [6, 0, 12, 1], "rotation": 90, "texture": "#5"},
				"east": {"uv": [6, 0, 12, 1], "rotation": 90, "texture": "#5"},
				"south": {"uv": [6, 0, 12, 1], "rotation": 90, "texture": "#5"},
				"west": {"uv": [6, 0, 12, 1], "rotation": 90, "texture": "#5"},
				"up": {"uv": [6, 0, 12, 1], "rotation": 90, "texture": "#5"},
				"down": {"uv": [6, 0, 12, 1], "rotation": 90, "texture": "#5"}
			}
		},
		{
			"from": [7.387, 20.21375, 10.84287],
			"to": [8.71225, 20.855, 11.27037],
			"rotation": {"angle": 0, "axis": "y", "origin": [6.361, 20.21375, 8.53437]},
			"faces": {
				"north": {"uv": [0, 1, 6.2, 2], "texture": "#5"},
				"east": {"uv": [0, 1, 6.2, 2], "texture": "#5"},
				"south": {"uv": [0, 1, 6.2, 2], "texture": "#5"},
				"west": {"uv": [0, 1, 6.2, 2], "texture": "#5"},
				"up": {"uv": [0, 1, 6.2, 2], "texture": "#5"},
				"down": {"uv": [0, 1, 6.2, 2], "texture": "#5"}
			}
		}
	],
	"display": {
		"thirdperson_righthand": {
			"translation": [0, 3, 0],
			"scale": [0.4, 0.4, 0.4]
		},
		"thirdperson_lefthand": {
			"translation": [0, 3, 0],
			"scale": [0.4, 0.4, 0.4]
		},
		"firstperson_righthand": {
			"translation": [0, 3, 0],
			"scale": [0.4, 0.4, 0.4]
		},
		"firstperson_lefthand": {
			"translation": [0, 3, 0],
			"scale": [0.4, 0.4, 0.4]
		},
		"ground": {
			"translation": [0, 3, 0],
			"scale": [0.4, 0.4, 0.4]
		},
		"gui": {
			"rotation": [22.5, 22.5, 0],
			"translation": [0, -1, 0],
			"scale": [0.5, 0.5, 0.5]
		},
		"head": {
			"translation": [0, -31.2, 0],
			"scale": [1.5, 1.5, 1.5]
		},
		"fixed": {
			"translation": [0, -1, 0],
			"scale": [0.5, 0.5, 0.5]
		}
	},
	"groups": [
		{
			"name": "Fierro",
			"origin": [8, 8, 8],
			"color": 0,
			"children": [0, 1, 2, 3, 4, 5, 6]
		},
		{
			"name": "Madera",
			"origin": [16, 1, 0],
			"color": 0,
			"children": [7, 8, 9, 10, 11, 12, 13, 14, 15, 16, 17, 18]
		},
		{
			"name": "Fondo",
			"origin": [16, 1, 0],
			"color": 0,
			"children": [19, 20, 21, 22, 23, 24, 25, 26, 27, 28, 29, 30]
		},
		{
			"name": "Fierro interior",
			"origin": [16, 1, 0],
			"color": 0,
			"children": [31, 32, 33, 34, 35, 36, 37, 38, 39, 40, 41, 42]
		},
		{
			"name": "Techo",
			"origin": [16, 1, 0],
			"color": 0,
			"children": [43, 44, 45, 46, 47, 48, 49, 50, 51, 52, 53, 54]
		},
		{
			"name": "group",
			"origin": [0, 0, 0],
			"color": 0,
			"children": [55, 56, 57, 58, 59, 60, 61, 62, 63, 64, 65, 66, 67, 68, 69, 70]
		},
		{
			"name": "group",
			"origin": [0, 0, 0],
			"color": 0,
			"children": [71, 72, 73, 74, 75, 76, 77, 78, 79, 80, 81, 82, 83, 84, 85, 86]
		}
	]
}