{
	"credit": "Made by TeleMinecraft (Storbo)",
	"textures": {
		"2": "block/light_gray_concrete",
		"3": "block/redstone_lamp",
		"4": "block/cobblestone",
		"5": "block/gray_concrete",
		"particle": "block/cobblestone"
	},
	"elements": [
		{
			"from": [7.709, -11.9946, 7.376],
			"to": [8.0222, 25, 8.24],
			"rotation": {"angle": 22.5, "axis": "y", "origin": [7.52, 0, 7.916]},
			"faces": {
				"north": {"uv": [2, 3, 7.8, 4], "texture": "#2"},
				"east": {"uv": [2, 3, 7.8, 4], "texture": "#2"},
				"south": {"uv": [2, 3, 7.8, 4], "texture": "#2"},
				"west": {"uv": [2, 3, 7.8, 4], "texture": "#2"},
				"up": {"uv": [2, 3, 7.8, 4], "texture": "#2"},
				"down": {"uv": [2, 3, 7.8, 4], "texture": "#2"}
			}
		},
		{
			"from": [7.8008, -11.9946, 7.052],
			"to": [8.114, 25, 7.916],
			"rotation": {"angle": -22.5, "axis": "y", "origin": [7.52, 0, 7.916]},
			"faces": {
				"north": {"uv": [2, 3, 7.8, 4], "texture": "#2"},
				"east": {"uv": [2, 3, 7.8, 4], "texture": "#2"},
				"south": {"uv": [2, 3, 7.8, 4], "texture": "#2"},
				"west": {"uv": [2, 3, 7.8, 4], "texture": "#2"},
				"up": {"uv": [2, 3, 7.8, 4], "texture": "#2"},
				"down": {"uv": [2, 3, 7.8, 4], "texture": "#2"}
			}
		},
		{
			"from": [7.72175, -11.9946, 7.14416],
			"to": [8.04575, 25, 7.95416],
			"rotation": {"angle": 45, "axis": "y", "origin": [8.006, 0, 7.916]},
			"faces": {
				"north": {"uv": [2, 3, 8, 4], "texture": "#2"},
				"east": {"uv": [2, 3, 8, 4], "texture": "#2"},
				"south": {"uv": [2, 3, 8, 4], "texture": "#2"},
				"west": {"uv": [2, 3, 8, 4], "texture": "#2"},
				"up": {"uv": [2, 3, 8, 4], "texture": "#2"},
				"down": {"uv": [2, 3, 8, 4], "texture": "#2"}
			}
		},
		{
			"from": [7.93119, -11.9946, 7.34821],
			"to": [8.25519, 25, 8.10421],
			"rotation": {"angle": -45, "axis": "y", "origin": [8.168, 0, 7.916]},
			"faces": {
				"north": {"uv": [2, 3, 8, 4], "texture": "#2"},
				"east": {"uv": [2, 3, 8, 4], "texture": "#2"},
				"south": {"uv": [2, 3, 8, 4], "texture": "#2"},
				"west": {"uv": [2, 3, 8, 4], "texture": "#2"},
				"up": {"uv": [2, 3, 8, 4], "texture": "#2"},
				"down": {"uv": [2, 3, 8, 4], "texture": "#2"}
			}
		},
		{
			"from": [7.2122, -11.9946, 8.024],
			"to": [7.8602, 25, 8.348],
			"rotation": {"angle": -22.5, "axis": "y", "origin": [8.384, 0, 7.916]},
			"faces": {
				"north": {"uv": [2, 4, 8, 5], "rotation": 90, "texture": "#2"},
				"east": {"uv": [2, 4, 8, 5], "rotation": 90, "texture": "#2"},
				"south": {"uv": [2, 4, 8, 5], "rotation": 90, "texture": "#2"},
				"west": {"uv": [2, 4, 8, 5], "rotation": 90, "texture": "#2"},
				"up": {"uv": [2, 4, 8, 5], "rotation": 90, "texture": "#2"},
				"down": {"uv": [2, 4, 8, 5], "rotation": 90, "texture": "#2"}
			}
		},
		{
			"from": [7.1366, -11.9946, 7.8674],
			"to": [7.9466, 25, 8.1914],
			"rotation": {"angle": 0, "axis": "y", "origin": [8.384, 0, 7.916]},
			"faces": {
				"north": {"uv": [2, 4, 8, 5], "rotation": 90, "texture": "#2"},
				"east": {"uv": [2, 4, 8, 5], "rotation": 90, "texture": "#2"},
				"south": {"uv": [2, 4, 8, 5], "rotation": 90, "texture": "#2"},
				"west": {"uv": [2, 4, 8, 5], "rotation": 90, "texture": "#2"},
				"up": {"uv": [2, 4, 8, 5], "rotation": 90, "texture": "#2"},
				"down": {"uv": [2, 4, 8, 5], "rotation": 90, "texture": "#2"}
			}
		},
		{
			"from": [7.8872, -11.9946, 7.8728],
			"to": [8.7512, 25, 8.1968],
			"rotation": {"angle": 0, "axis": "y", "origin": [7.52, 0, 7.916]},
			"faces": {
				"north": {"uv": [2, 3, 8, 4], "rotation": 90, "texture": "#2"},
				"east": {"uv": [2, 3, 8, 4], "rotation": 90, "texture": "#2"},
				"south": {"uv": [2, 3, 8, 4], "rotation": 90, "texture": "#2"},
				"west": {"uv": [2, 3, 8, 4], "rotation": 90, "texture": "#2"},
				"up": {"uv": [2, 3, 8, 4], "rotation": 90, "texture": "#2"},
				"down": {"uv": [2, 3, 8, 4], "rotation": 90, "texture": "#2"}
			}
		},
		{
			"from": [8.1896, -11.9946, 8.024],
			"to": [8.6756, 25, 8.348],
			"rotation": {"angle": 22.5, "axis": "y", "origin": [7.52, 0, 7.916]},
			"faces": {
				"north": {"uv": [2, 3, 8, 4], "rotation": 90, "texture": "#2"},
				"east": {"uv": [2, 3, 8, 4], "rotation": 90, "texture": "#2"},
				"south": {"uv": [2, 3, 8, 4], "rotation": 90, "texture": "#2"},
				"west": {"uv": [2, 3, 8, 4], "rotation": 90, "texture": "#2"},
				"up": {"uv": [2, 3, 8, 4], "rotation": 90, "texture": "#2"},
				"down": {"uv": [2, 3, 8, 4], "rotation": 90, "texture": "#2"}
			}
		},
		{
			"from": [7.7792, -11.9946, 7.2248],
			"to": [8.114, 25, 7.7108],
			"rotation": {"angle": 0, "axis": "y", "origin": [7.52, 0, 7.916]},
			"faces": {
				"north": {"uv": [2, 3, 8.2, 4], "texture": "#2"},
				"east": {"uv": [2, 3, 8.2, 4], "texture": "#2"},
				"south": {"uv": [2, 3, 8.2, 4], "texture": "#2"},
				"west": {"uv": [2, 3, 8.2, 4], "texture": "#2"},
				"up": {"uv": [2, 3, 8.2, 4], "texture": "#2"},
				"down": {"uv": [2, 3, 8.2, 4], "texture": "#2"}
			}
		},
		{
			"from": [7.709, -11.9946, 7.9754],
			"to": [8.0222, 25, 8.6774],
			"rotation": {"angle": -22.5, "axis": "y", "origin": [7.52, 0, 8.1374]},
			"faces": {
				"north": {"uv": [2, 4, 7.8, 5], "texture": "#2"},
				"east": {"uv": [2, 4, 7.8, 5], "texture": "#2"},
				"south": {"uv": [2, 4, 7.8, 5], "texture": "#2"},
				"west": {"uv": [2, 4, 7.8, 5], "texture": "#2"},
				"up": {"uv": [2, 4, 7.8, 5], "texture": "#2"},
				"down": {"uv": [2, 4, 7.8, 5], "texture": "#2"}
			}
		},
		{
			"from": [7.8008, -11.9946, 8.2454],
			"to": [8.114, 25, 9.0014],
			"rotation": {"angle": 22.5, "axis": "y", "origin": [7.52, 0, 8.1374]},
			"faces": {
				"north": {"uv": [2, 4, 7.8, 5], "texture": "#2"},
				"east": {"uv": [2, 4, 7.8, 5], "texture": "#2"},
				"south": {"uv": [2, 4, 7.8, 5], "texture": "#2"},
				"west": {"uv": [2, 4, 7.8, 5], "texture": "#2"},
				"up": {"uv": [2, 4, 7.8, 5], "texture": "#2"},
				"down": {"uv": [2, 4, 7.8, 5], "texture": "#2"}
			}
		},
		{
			"from": [7.72175, -11.9946, 8.31524],
			"to": [8.04575, 25, 8.90924],
			"rotation": {"angle": -45, "axis": "y", "origin": [8.006, 0, 8.1374]},
			"faces": {
				"north": {"uv": [2, 4, 8, 5], "texture": "#2"},
				"east": {"uv": [2, 4, 8, 5], "texture": "#2"},
				"south": {"uv": [2, 4, 8, 5], "texture": "#2"},
				"west": {"uv": [2, 4, 8, 5], "texture": "#2"},
				"up": {"uv": [2, 4, 8, 5], "texture": "#2"},
				"down": {"uv": [2, 4, 8, 5], "texture": "#2"}
			}
		},
		{
			"from": [7.93119, -11.9946, 7.94919],
			"to": [8.25519, 25, 8.70519],
			"rotation": {"angle": 45, "axis": "y", "origin": [8.168, 0, 8.1374]},
			"faces": {
				"north": {"uv": [2, 4, 8, 5], "texture": "#2"},
				"east": {"uv": [2, 4, 8, 5], "texture": "#2"},
				"south": {"uv": [2, 4, 8, 5], "texture": "#2"},
				"west": {"uv": [2, 4, 8, 5], "texture": "#2"},
				"up": {"uv": [2, 4, 8, 5], "texture": "#2"},
				"down": {"uv": [2, 4, 8, 5], "texture": "#2"}
			}
		},
		{
			"from": [7.2122, -11.9946, 7.7054],
			"to": [7.7522, 25, 8.0294],
			"rotation": {"angle": 22.5, "axis": "y", "origin": [8.384, 0, 8.1374]},
			"faces": {
				"north": {"uv": [8, 4, 14, 5], "rotation": 90, "texture": "#2"},
				"east": {"uv": [8, 4, 14, 5], "rotation": 90, "texture": "#2"},
				"south": {"uv": [8, 4, 14, 5], "rotation": 90, "texture": "#2"},
				"west": {"uv": [8, 4, 14, 5], "rotation": 90, "texture": "#2"},
				"up": {"uv": [8, 4, 14, 5], "rotation": 90, "texture": "#2"},
				"down": {"uv": [8, 4, 14, 5], "rotation": 90, "texture": "#2"}
			}
		},
		{
			"from": [8.2436, -11.9946, 7.7054],
			"to": [8.6756, 25, 8.0294],
			"rotation": {"angle": -22.5, "axis": "y", "origin": [7.52, 0, 8.1374]},
			"faces": {
				"north": {"uv": [8, 3, 14, 4], "rotation": 90, "texture": "#2"},
				"east": {"uv": [8, 3, 14, 4], "rotation": 90, "texture": "#2"},
				"south": {"uv": [8, 3, 14, 4], "rotation": 90, "texture": "#2"},
				"west": {"uv": [8, 3, 14, 4], "rotation": 90, "texture": "#2"},
				"up": {"uv": [8, 3, 14, 4], "rotation": 90, "texture": "#2"},
				"down": {"uv": [8, 3, 14, 4], "rotation": 90, "texture": "#2"}
			}
		},
		{
			"from": [7.7792, -11.9946, 8.2346],
			"to": [8.114, 25, 8.8286],
			"rotation": {"angle": 0, "axis": "y", "origin": [7.52, 0, 8.1374]},
			"faces": {
				"north": {"uv": [2, 4, 8.2, 5], "texture": "#2"},
				"east": {"uv": [2, 4, 8.2, 5], "texture": "#2"},
				"south": {"uv": [2, 4, 8.2, 5], "texture": "#2"},
				"west": {"uv": [2, 4, 8.2, 5], "texture": "#2"},
				"up": {"uv": [2, 4, 8.2, 5], "texture": "#2"},
				"down": {"uv": [2, 4, 8.2, 5], "texture": "#2"}
			}
		},
		{
			"from": [7.64943, 24.73247, 7.25767],
			"to": [8.00134, 27.7972, 8.22846],
			"rotation": {"angle": 22.5, "axis": "y", "origin": [7.43707, -7.858, 7.86442]},
			"faces": {
				"north": {"uv": [2, 3, 7.8, 4], "texture": "#2"},
				"east": {"uv": [2, 3, 7.8, 4], "texture": "#2"},
				"south": {"uv": [2, 3, 7.8, 4], "texture": "#2"},
				"west": {"uv": [2, 3, 7.8, 4], "texture": "#2"},
				"up": {"uv": [2, 3, 7.8, 4], "texture": "#2"},
				"down": {"uv": [2, 3, 7.8, 4], "texture": "#2"}
			}
		},
		{
			"from": [7.75258, 24.73247, 6.89363],
			"to": [8.10449, 27.7972, 7.86442],
			"rotation": {"angle": -22.5, "axis": "y", "origin": [7.43707, -7.858, 7.86442]},
			"faces": {
				"north": {"uv": [2, 3, 7.8, 4], "texture": "#2"},
				"east": {"uv": [2, 3, 7.8, 4], "texture": "#2"},
				"south": {"uv": [2, 3, 7.8, 4], "texture": "#2"},
				"west": {"uv": [2, 3, 7.8, 4], "texture": "#2"},
				"up": {"uv": [2, 3, 7.8, 4], "texture": "#2"},
				"down": {"uv": [2, 3, 7.8, 4], "texture": "#2"}
			}
		},
		{
			"from": [7.66375, 24.73247, 6.99717],
			"to": [8.0278, 27.7972, 7.90729],
			"rotation": {"angle": 45, "axis": "y", "origin": [7.98314, -7.858, 7.86442]},
			"faces": {
				"north": {"uv": [2, 3, 8, 4], "texture": "#2"},
				"east": {"uv": [2, 3, 8, 4], "texture": "#2"},
				"south": {"uv": [2, 3, 8, 4], "texture": "#2"},
				"west": {"uv": [2, 3, 8, 4], "texture": "#2"},
				"up": {"uv": [2, 3, 8, 4], "texture": "#2"},
				"down": {"uv": [2, 3, 8, 4], "texture": "#2"}
			}
		},
		{
			"from": [7.89909, 24.73247, 7.22644],
			"to": [8.26314, 27.7972, 8.07588],
			"rotation": {"angle": -45, "axis": "y", "origin": [8.16516, -7.858, 7.86442]},
			"faces": {
				"north": {"uv": [2, 3, 8, 4], "texture": "#2"},
				"east": {"uv": [2, 3, 8, 4], "texture": "#2"},
				"south": {"uv": [2, 3, 8, 4], "texture": "#2"},
				"west": {"uv": [2, 3, 8, 4], "texture": "#2"},
				"up": {"uv": [2, 3, 8, 4], "texture": "#2"},
				"down": {"uv": [2, 3, 8, 4], "texture": "#2"}
			}
		},
		{
			"from": [7.09123, 24.73247, 7.98577],
			"to": [7.81932, 27.7972, 8.34981],
			"rotation": {"angle": -22.5, "axis": "y", "origin": [8.40786, -7.858, 7.86442]},
			"faces": {
				"north": {"uv": [2, 4, 8, 5], "rotation": 90, "texture": "#2"},
				"east": {"uv": [2, 4, 8, 5], "rotation": 90, "texture": "#2"},
				"south": {"uv": [2, 4, 8, 5], "rotation": 90, "texture": "#2"},
				"west": {"uv": [2, 4, 8, 5], "rotation": 90, "texture": "#2"},
				"up": {"uv": [2, 4, 8, 5], "rotation": 90, "texture": "#2"},
				"down": {"uv": [2, 4, 8, 5], "rotation": 90, "texture": "#2"}
			}
		},
		{
			"from": [7.00628, 24.73247, 7.80981],
			"to": [7.9164, 27.7972, 8.17386],
			"rotation": {"angle": 0, "axis": "y", "origin": [8.40786, -7.858, 7.86442]},
			"faces": {
				"north": {"uv": [2, 4, 8, 5], "rotation": 90, "texture": "#2"},
				"east": {"uv": [2, 4, 8, 5], "rotation": 90, "texture": "#2"},
				"south": {"uv": [2, 4, 8, 5], "rotation": 90, "texture": "#2"},
				"west": {"uv": [2, 4, 8, 5], "rotation": 90, "texture": "#2"},
				"up": {"uv": [2, 4, 8, 5], "rotation": 90, "texture": "#2"},
				"down": {"uv": [2, 4, 8, 5], "rotation": 90, "texture": "#2"}
			}
		},
		{
			"from": [7.84966, 24.73247, 7.81588],
			"to": [8.82045, 27.7972, 8.17992],
			"rotation": {"angle": 0, "axis": "y", "origin": [7.43707, -7.858, 7.86442]},
			"faces": {
				"north": {"uv": [2, 3, 8, 4], "rotation": 90, "texture": "#2"},
				"east": {"uv": [2, 3, 8, 4], "rotation": 90, "texture": "#2"},
				"south": {"uv": [2, 3, 8, 4], "rotation": 90, "texture": "#2"},
				"west": {"uv": [2, 3, 8, 4], "rotation": 90, "texture": "#2"},
				"up": {"uv": [2, 3, 8, 4], "rotation": 90, "texture": "#2"},
				"down": {"uv": [2, 3, 8, 4], "rotation": 90, "texture": "#2"}
			}
		},
		{
			"from": [8.18943, 24.73247, 7.98577],
			"to": [8.7355, 27.7972, 8.34981],
			"rotation": {"angle": 22.5, "axis": "y", "origin": [7.43707, -7.858, 7.86442]},
			"faces": {
				"north": {"uv": [2, 3, 8, 4], "rotation": 90, "texture": "#2"},
				"east": {"uv": [2, 3, 8, 4], "rotation": 90, "texture": "#2"},
				"south": {"uv": [2, 3, 8, 4], "rotation": 90, "texture": "#2"},
				"west": {"uv": [2, 3, 8, 4], "rotation": 90, "texture": "#2"},
				"up": {"uv": [2, 3, 8, 4], "rotation": 90, "texture": "#2"},
				"down": {"uv": [2, 3, 8, 4], "rotation": 90, "texture": "#2"}
			}
		},
		{
			"from": [7.72831, 24.73247, 7.08779],
			"to": [8.10449, 27.7972, 7.63385],
			"rotation": {"angle": 0, "axis": "y", "origin": [7.43707, -7.858, 7.86442]},
			"faces": {
				"north": {"uv": [2, 3, 8.2, 4], "texture": "#2"},
				"east": {"uv": [2, 3, 8.2, 4], "texture": "#2"},
				"south": {"uv": [2, 3, 8.2, 4], "texture": "#2"},
				"west": {"uv": [2, 3, 8.2, 4], "texture": "#2"},
				"up": {"uv": [2, 3, 8.2, 4], "texture": "#2"},
				"down": {"uv": [2, 3, 8.2, 4], "texture": "#2"}
			}
		},
		{
			"from": [7.64943, 24.73247, 7.93116],
			"to": [8.00134, 27.7972, 8.71993],
			"rotation": {"angle": -22.5, "axis": "y", "origin": [7.43707, -7.858, 8.11318]},
			"faces": {
				"north": {"uv": [2, 4, 7.8, 5], "texture": "#2"},
				"east": {"uv": [2, 4, 7.8, 5], "texture": "#2"},
				"south": {"uv": [2, 4, 7.8, 5], "texture": "#2"},
				"west": {"uv": [2, 4, 7.8, 5], "texture": "#2"},
				"up": {"uv": [2, 4, 7.8, 5], "texture": "#2"},
				"down": {"uv": [2, 4, 7.8, 5], "texture": "#2"}
			}
		},
		{
			"from": [7.75258, 24.73247, 8.23453],
			"to": [8.10449, 27.7972, 9.08397],
			"rotation": {"angle": 22.5, "axis": "y", "origin": [7.43707, -7.858, 8.11318]},
			"faces": {
				"north": {"uv": [2, 4, 7.8, 5], "texture": "#2"},
				"east": {"uv": [2, 4, 7.8, 5], "texture": "#2"},
				"south": {"uv": [2, 4, 7.8, 5], "texture": "#2"},
				"west": {"uv": [2, 4, 7.8, 5], "texture": "#2"},
				"up": {"uv": [2, 4, 7.8, 5], "texture": "#2"},
				"down": {"uv": [2, 4, 7.8, 5], "texture": "#2"}
			}
		},
		{
			"from": [7.66375, 24.73247, 8.31301],
			"to": [8.0278, 27.7972, 8.98043],
			"rotation": {"angle": -45, "axis": "y", "origin": [7.98314, -7.858, 8.11318]},
			"faces": {
				"north": {"uv": [2, 4, 8, 5], "texture": "#2"},
				"east": {"uv": [2, 4, 8, 5], "texture": "#2"},
				"south": {"uv": [2, 4, 8, 5], "texture": "#2"},
				"west": {"uv": [2, 4, 8, 5], "texture": "#2"},
				"up": {"uv": [2, 4, 8, 5], "texture": "#2"},
				"down": {"uv": [2, 4, 8, 5], "texture": "#2"}
			}
		},
		{
			"from": [7.89909, 24.73247, 7.90172],
			"to": [8.26314, 27.7972, 8.75116],
			"rotation": {"angle": 45, "axis": "y", "origin": [8.16516, -7.858, 8.11318]},
			"faces": {
				"north": {"uv": [2, 4, 8, 5], "texture": "#2"},
				"east": {"uv": [2, 4, 8, 5], "texture": "#2"},
				"south": {"uv": [2, 4, 8, 5], "texture": "#2"},
				"west": {"uv": [2, 4, 8, 5], "texture": "#2"},
				"up": {"uv": [2, 4, 8, 5], "texture": "#2"},
				"down": {"uv": [2, 4, 8, 5], "texture": "#2"}
			}
		},
		{
			"from": [7.09123, 24.73247, 7.62779],
			"to": [7.69797, 27.7972, 7.99183],
			"rotation": {"angle": 22.5, "axis": "y", "origin": [8.40786, -7.858, 8.11318]},
			"faces": {
				"north": {"uv": [8, 4, 14, 5], "rotation": 90, "texture": "#2"},
				"east": {"uv": [8, 4, 14, 5], "rotation": 90, "texture": "#2"},
				"south": {"uv": [8, 4, 14, 5], "rotation": 90, "texture": "#2"},
				"west": {"uv": [8, 4, 14, 5], "rotation": 90, "texture": "#2"},
				"up": {"uv": [8, 4, 14, 5], "rotation": 90, "texture": "#2"},
				"down": {"uv": [8, 4, 14, 5], "rotation": 90, "texture": "#2"}
			}
		},
		{
			"from": [8.25011, 24.73247, 7.62779],
			"to": [8.7355, 27.7972, 7.99183],
			"rotation": {"angle": -22.5, "axis": "y", "origin": [7.43707, -7.858, 8.11318]},
			"faces": {
				"north": {"uv": [8, 3, 14, 4], "rotation": 90, "texture": "#2"},
				"east": {"uv": [8, 3, 14, 4], "rotation": 90, "texture": "#2"},
				"south": {"uv": [8, 3, 14, 4], "rotation": 90, "texture": "#2"},
				"west": {"uv": [8, 3, 14, 4], "rotation": 90, "texture": "#2"},
				"up": {"uv": [8, 3, 14, 4], "rotation": 90, "texture": "#2"},
				"down": {"uv": [8, 3, 14, 4], "rotation": 90, "texture": "#2"}
			}
		},
		{
			"from": [7.72831, 24.73247, 8.2224],
			"to": [8.10449, 27.7972, 8.88981],
			"rotation": {"angle": 0, "axis": "y", "origin": [7.43707, -7.858, 8.11318]},
			"faces": {
				"north": {"uv": [2, 4, 8.2, 5], "texture": "#2"},
				"east": {"uv": [2, 4, 8.2, 5], "texture": "#2"},
				"south": {"uv": [2, 4, 8.2, 5], "texture": "#2"},
				"west": {"uv": [2, 4, 8.2, 5], "texture": "#2"},
				"up": {"uv": [2, 4, 8.2, 5], "texture": "#2"},
				"down": {"uv": [2, 4, 8.2, 5], "texture": "#2"}
			}
		},
		{
			"from": [6.4, 30.8, -8],
			"to": [6.7, 31.8, -2],
			"rotation": {"angle": 0, "axis": "y", "origin": [-1, 0, 0]},
			"faces": {
				"north": {"uv": [8, 2, 9, 3], "texture": "#4"},
				"east": {"uv": [8, 2, 9, 3], "texture": "#4"},
				"south": {"uv": [8, 2, 9, 3], "texture": "#4"},
				"west": {"uv": [8, 2, 9, 3], "texture": "#4"},
				"up": {"uv": [8, 2, 9, 3], "texture": "#4"},
				"down": {"uv": [8, 2, 9, 3], "texture": "#4"}
			}
		},
		{
			"from": [9.1, 30.8, -8],
			"to": [9.4, 31.8, -2],
			"rotation": {"angle": 0, "axis": "y", "origin": [-1, 0, 0]},
			"faces": {
				"north": {"uv": [8, 2, 9, 3], "texture": "#4"},
				"east": {"uv": [8, 2, 9, 3], "texture": "#4"},
				"south": {"uv": [8, 2, 9, 3], "texture": "#4"},
				"west": {"uv": [8, 2, 9, 3], "texture": "#4"},
				"up": {"uv": [8, 2, 9, 3], "texture": "#4"},
				"down": {"uv": [8, 2, 9, 3], "texture": "#4"}
			}
		},
		{
			"from": [6.5, 30.8, -8],
			"to": [9.2, 31.8, -7.7],
			"rotation": {"angle": 0, "axis": "y", "origin": [-1, 0, 0]},
			"faces": {
				"north": {"uv": [8, 2, 9, 3], "texture": "#4"},
				"east": {"uv": [8, 2, 9, 3], "texture": "#4"},
				"south": {"uv": [8, 2, 9, 3], "texture": "#4"},
				"west": {"uv": [8, 2, 9, 3], "texture": "#4"},
				"up": {"uv": [8, 2, 9, 3], "texture": "#4"},
				"down": {"uv": [8, 2, 9, 3], "texture": "#4"}
			}
		},
		{
			"from": [6.5, 31, -3.5],
			"to": [9.2, 31.8, -2],
			"rotation": {"angle": 0, "axis": "y", "origin": [-1, 0, 0]},
			"faces": {
				"north": {"uv": [8, 2, 9, 3], "texture": "#4"},
				"east": {"uv": [8, 2, 9, 3], "texture": "#4"},
				"south": {"uv": [8, 2, 9, 3], "texture": "#4"},
				"west": {"uv": [8, 2, 9, 3], "texture": "#4"},
				"up": {"uv": [8, 2, 9, 3], "texture": "#4"},
				"down": {"uv": [8, 2, 9, 3], "texture": "#4"}
			}
		},
		{
			"from": [6.5, 31.3, -7.9],
			"to": [9.2, 31.8, -3.5],
			"rotation": {"angle": 0, "axis": "y", "origin": [-1, 0, 0]},
			"faces": {
				"north": {"uv": [8, 2, 9, 3], "texture": "#4"},
				"east": {"uv": [8, 2, 9, 3], "texture": "#4"},
				"south": {"uv": [8, 2, 9, 3], "texture": "#4"},
				"west": {"uv": [8, 2, 9, 3], "texture": "#4"},
				"up": {"uv": [8, 2, 9, 3], "texture": "#4"},
				"down": {"uv": [8, 2, 9, 3], "texture": "#5"}
			}
		},
		{
			"from": [6.3, 30.6, -2],
			"to": [9.5, 32, -1],
			"rotation": {"angle": 0, "axis": "y", "origin": [-1, 0, 0]},
			"faces": {
				"north": {"uv": [8, 2, 9, 3.4], "texture": "#4"},
				"east": {"uv": [8, 2, 9, 3.4], "texture": "#4"},
				"south": {"uv": [8, 2, 9, 3.4], "texture": "#4"},
				"west": {"uv": [8, 2, 9, 3.4], "texture": "#4"},
				"up": {"uv": [8, 2, 9, 3.4], "texture": "#4"},
				"down": {"uv": [8, 2, 9, 3.4], "texture": "#4"}
			}
		},
		{
			"from": [7.4, 31.2, -7],
			"to": [8.4, 31.6, -6],
			"rotation": {"angle": 0, "axis": "y", "origin": [-1, 0, 0]},
			"faces": {
				"north": {"uv": [0, 0, 16, 16], "texture": "#3"},
				"east": {"uv": [0, 0, 16, 16], "texture": "#3"},
				"south": {"uv": [0, 0, 16, 16], "texture": "#3"},
				"west": {"uv": [0, 0, 16, 16], "texture": "#3"},
				"up": {"uv": [0, 0, 16, 16], "texture": "#3"},
				"down": {"uv": [0, 0, 16, 16], "texture": "#3"}
			}
		},
		{
			"from": [7.4, 31.2, -5],
			"to": [8.4, 31.6, -4],
			"rotation": {"angle": 0, "axis": "y", "origin": [-1, 0, 0]},
			"faces": {
				"north": {"uv": [0, 0, 16, 16], "texture": "#3"},
				"east": {"uv": [0, 0, 16, 16], "texture": "#3"},
				"south": {"uv": [0, 0, 16, 16], "texture": "#3"},
				"west": {"uv": [0, 0, 16, 16], "texture": "#3"},
				"up": {"uv": [0, 0, 16, 16], "texture": "#3"},
				"down": {"uv": [0, 0, 16, 16], "texture": "#3"}
			}
		},
		{
			"from": [6.4, 30.8, 18],
			"to": [6.7, 31.8, 24],
			"rotation": {"angle": 0, "axis": "y", "origin": [-1, 0, 16]},
			"faces": {
				"north": {"uv": [9, 2, 8, 3], "texture": "#4"},
				"east": {"uv": [9, 2, 8, 3], "texture": "#4"},
				"south": {"uv": [9, 2, 8, 3], "texture": "#4"},
				"west": {"uv": [9, 2, 8, 3], "texture": "#4"},
				"up": {"uv": [8, 3, 9, 2], "texture": "#4"},
				"down": {"uv": [8, 3, 9, 2], "texture": "#4"}
			}
		},
		{
			"from": [9.1, 30.8, 18],
			"to": [9.4, 31.8, 24],
			"rotation": {"angle": 0, "axis": "y", "origin": [-1, 0, 16]},
			"faces": {
				"north": {"uv": [9, 2, 8, 3], "texture": "#4"},
				"east": {"uv": [9, 2, 8, 3], "texture": "#4"},
				"south": {"uv": [9, 2, 8, 3], "texture": "#4"},
				"west": {"uv": [9, 2, 8, 3], "texture": "#4"},
				"up": {"uv": [8, 3, 9, 2], "texture": "#4"},
				"down": {"uv": [8, 3, 9, 2], "texture": "#4"}
			}
		},
		{
			"from": [6.5, 30.8, 23.7],
			"to": [9.2, 31.8, 24],
			"rotation": {"angle": 0, "axis": "y", "origin": [-1, 0, 16]},
			"faces": {
				"north": {"uv": [9, 2, 8, 3], "texture": "#4"},
				"east": {"uv": [9, 2, 8, 3], "texture": "#4"},
				"south": {"uv": [9, 2, 8, 3], "texture": "#4"},
				"west": {"uv": [9, 2, 8, 3], "texture": "#4"},
				"up": {"uv": [8, 3, 9, 2], "texture": "#4"},
				"down": {"uv": [8, 3, 9, 2], "texture": "#4"}
			}
		},
		{
			"from": [6.5, 31, 18],
			"to": [9.2, 31.8, 19.5],
			"rotation": {"angle": 0, "axis": "y", "origin": [-1, 0, 16]},
			"faces": {
				"north": {"uv": [9, 2, 8, 3], "texture": "#4"},
				"east": {"uv": [9, 2, 8, 3], "texture": "#4"},
				"south": {"uv": [9, 2, 8, 3], "texture": "#4"},
				"west": {"uv": [9, 2, 8, 3], "texture": "#4"},
				"up": {"uv": [8, 3, 9, 2], "texture": "#4"},
				"down": {"uv": [8, 3, 9, 2], "texture": "#4"}
			}
		},
		{
			"from": [6.5, 31.3, 19.5],
			"to": [9.2, 31.8, 23.9],
			"rotation": {"angle": 0, "axis": "y", "origin": [-1, 0, 16]},
			"faces": {
				"north": {"uv": [9, 2, 8, 3], "texture": "#4"},
				"east": {"uv": [9, 2, 8, 3], "texture": "#4"},
				"south": {"uv": [9, 2, 8, 3], "texture": "#4"},
				"west": {"uv": [9, 2, 8, 3], "texture": "#4"},
				"up": {"uv": [8, 3, 9, 2], "texture": "#4"},
				"down": {"uv": [8, 3, 9, 2], "texture": "#5"}
			}
		},
		{
			"from": [6.3, 30.6, 17],
			"to": [9.5, 32, 18],
			"rotation": {"angle": 0, "axis": "y", "origin": [-1, 0, 16]},
			"faces": {
				"north": {"uv": [9, 2, 8, 3.4], "texture": "#4"},
				"east": {"uv": [9, 2, 8, 3.4], "texture": "#4"},
				"south": {"uv": [9, 2, 8, 3.4], "texture": "#4"},
				"west": {"uv": [9, 2, 8, 3.4], "texture": "#4"},
				"up": {"uv": [8, 3.4, 9, 2], "texture": "#4"},
				"down": {"uv": [8, 3.4, 9, 2], "texture": "#4"}
			}
		},
		{
			"from": [7.4, 31.2, 22],
			"to": [8.4, 31.6, 23],
			"rotation": {"angle": 0, "axis": "y", "origin": [-1, 0, 16]},
			"faces": {
				"north": {"uv": [16, 0, 0, 16], "texture": "#3"},
				"east": {"uv": [16, 0, 0, 16], "texture": "#3"},
				"south": {"uv": [16, 0, 0, 16], "texture": "#3"},
				"west": {"uv": [16, 0, 0, 16], "texture": "#3"},
				"up": {"uv": [0, 16, 16, 0], "texture": "#3"},
				"down": {"uv": [0, 16, 16, 0], "texture": "#3"}
			}
		},
		{
			"from": [7.4, 31.2, 20],
			"to": [8.4, 31.6, 21],
			"rotation": {"angle": 0, "axis": "y", "origin": [-1, 0, 16]},
			"faces": {
				"north": {"uv": [16, 0, 0, 16], "texture": "#3"},
				"east": {"uv": [16, 0, 0, 16], "texture": "#3"},
				"south": {"uv": [16, 0, 0, 16], "texture": "#3"},
				"west": {"uv": [16, 0, 0, 16], "texture": "#3"},
				"up": {"uv": [0, 16, 16, 0], "texture": "#3"},
				"down": {"uv": [0, 16, 16, 0], "texture": "#3"}
			}
		},
		{
			"from": [6.5, -12, 6.5],
			"to": [9.5, -11.9, 9.5],
			"rotation": {"angle": 0, "axis": "y", "origin": [-1, -12, 0]},
			"faces": {
				"north": {"uv": [0, 0, 4, 0.1], "texture": "#2"},
				"east": {"uv": [0, 0, 4, 0.1], "texture": "#2"},
				"south": {"uv": [0, 0, 4, 0.1], "texture": "#2"},
				"west": {"uv": [0, 0, 4, 0.1], "texture": "#2"},
				"up": {"uv": [0, 0, 4, 0.1], "texture": "#2"},
				"down": {"uv": [0, 0, 4, 0.1], "texture": "#2"}
			}
		},
		{
			"from": [7.7, -15.9, 8],
			"to": [8.7, -13.9, 8.1],
			"rotation": {"angle": 22.5, "axis": "z", "origin": [-1, -12, 0]},
			"faces": {
				"north": {"uv": [0, 0, 4, 0.1], "rotation": 180, "texture": "#2"},
				"east": {"uv": [0, 0, 4, 0.1], "rotation": 270, "texture": "#2"},
				"south": {"uv": [0, 0, 4, 0.1], "texture": "#2"},
				"west": {"uv": [0, 0, 4, 0.1], "rotation": 90, "texture": "#2"},
				"up": {"uv": [0, 0, 4, 0.1], "rotation": 180, "texture": "#2"},
				"down": {"uv": [0, 0, 4, 0.1], "texture": "#2"}
			}
		},
		{
			"from": [7.1, -15.2, 8],
			"to": [8.1, -12.9, 8.1],
			"rotation": {"angle": -22.5, "axis": "z", "origin": [15, -12, 0]},
			"faces": {
				"north": {"uv": [4, 0, 0, 0.1], "rotation": 180, "texture": "#2"},
				"east": {"uv": [0, 0.1, 4, 0], "rotation": 90, "texture": "#2"},
				"south": {"uv": [4, 0, 0, 0.1], "texture": "#2"},
				"west": {"uv": [0, 0.1, 4, 0], "rotation": 270, "texture": "#2"},
				"up": {"uv": [4, 0, 0, 0.1], "rotation": 180, "texture": "#2"},
				"down": {"uv": [4, 0, 0, 0.1], "texture": "#2"}
			}
		},
		{
			"from": [8, -10.6, 6.3],
			"to": [8.1, -8.6, 7.3],
			"rotation": {"angle": 22.5, "axis": "x", "origin": [-1, -12, 3]},
			"faces": {
				"north": {"uv": [0, 0, 4, 0.1], "rotation": 270, "texture": "#2"},
				"east": {"uv": [0, 0, 4, 0.1], "texture": "#2"},
				"south": {"uv": [0, 0, 4, 0.1], "rotation": 90, "texture": "#2"},
				"west": {"uv": [0, 0, 4, 0.1], "rotation": 180, "texture": "#2"},
				"up": {"uv": [0, 0, 4, 0.1], "rotation": 90, "texture": "#2"},
				"down": {"uv": [0, 0, 4, 0.1], "rotation": 90, "texture": "#2"}
			}
		},
		{
			"from": [8, -10.6, 8.7],
			"to": [8.1, -8.6, 9.7],
			"rotation": {"angle": -22.5, "axis": "x", "origin": [-1, -12, 13]},
			"faces": {
				"north": {"uv": [0, 0.1, 4, 0], "rotation": 90, "texture": "#2"},
				"east": {"uv": [4, 0, 0, 0.1], "texture": "#2"},
				"south": {"uv": [0, 0.1, 4, 0], "rotation": 270, "texture": "#2"},
				"west": {"uv": [4, 0, 0, 0.1], "rotation": 180, "texture": "#2"},
				"up": {"uv": [4, 0, 0, 0.1], "rotation": 90, "texture": "#2"},
				"down": {"uv": [4, 0, 0, 0.1], "rotation": 90, "texture": "#2"}
			}
		},
		{
			"from": [6.92989, -12, 6.75153],
			"to": [7.00027, -11.3, 6.94569],
			"rotation": {"angle": 22.5, "axis": "y", "origin": [6.88741, -18.9716, 6.87288]},
			"faces": {
				"north": {"uv": [2, 3, 7.8, 4], "texture": "#2"},
				"east": {"uv": [2, 3, 7.8, 4], "texture": "#2"},
				"south": {"uv": [2, 3, 7.8, 4], "texture": "#2"},
				"west": {"uv": [2, 3, 7.8, 4], "texture": "#2"},
				"up": {"uv": [2, 3, 7.8, 4], "texture": "#2"},
				"down": {"uv": [2, 3, 7.8, 4], "texture": "#2"}
			}
		},
		{
			"from": [6.95052, -12, 6.67873],
			"to": [7.0209, -11.3, 6.87288],
			"rotation": {"angle": -22.5, "axis": "y", "origin": [6.88741, -18.9716, 6.87288]},
			"faces": {
				"north": {"uv": [2, 3, 7.8, 4], "texture": "#2"},
				"east": {"uv": [2, 3, 7.8, 4], "texture": "#2"},
				"south": {"uv": [2, 3, 7.8, 4], "texture": "#2"},
				"west": {"uv": [2, 3, 7.8, 4], "texture": "#2"},
				"up": {"uv": [2, 3, 7.8, 4], "texture": "#2"},
				"down": {"uv": [2, 3, 7.8, 4], "texture": "#2"}
			}
		},
		{
			"from": [6.93275, -12, 6.69943],
			"to": [7.00556, -11.3, 6.88146],
			"rotation": {"angle": 45, "axis": "y", "origin": [6.99663, -18.9716, 6.87288]},
			"faces": {
				"north": {"uv": [2, 3, 8, 4], "texture": "#2"},
				"east": {"uv": [2, 3, 8, 4], "texture": "#2"},
				"south": {"uv": [2, 3, 8, 4], "texture": "#2"},
				"west": {"uv": [2, 3, 8, 4], "texture": "#2"},
				"up": {"uv": [2, 3, 8, 4], "texture": "#2"},
				"down": {"uv": [2, 3, 8, 4], "texture": "#2"}
			}
		},
		{
			"from": [6.97982, -12, 6.74529],
			"to": [7.05263, -11.3, 6.91518],
			"rotation": {"angle": -45, "axis": "y", "origin": [7.03303, -18.9716, 6.87288]},
			"faces": {
				"north": {"uv": [2, 3, 8, 4], "texture": "#2"},
				"east": {"uv": [2, 3, 8, 4], "texture": "#2"},
				"south": {"uv": [2, 3, 8, 4], "texture": "#2"},
				"west": {"uv": [2, 3, 8, 4], "texture": "#2"},
				"up": {"uv": [2, 3, 8, 4], "texture": "#2"},
				"down": {"uv": [2, 3, 8, 4], "texture": "#2"}
			}
		},
		{
			"from": [6.81825, -12, 6.89715],
			"to": [6.96386, -11.3, 6.96996],
			"rotation": {"angle": -22.5, "axis": "y", "origin": [7.08157, -18.9716, 6.87288]},
			"faces": {
				"north": {"uv": [2, 4, 8, 5], "rotation": 90, "texture": "#2"},
				"east": {"uv": [2, 4, 8, 5], "rotation": 90, "texture": "#2"},
				"south": {"uv": [2, 4, 8, 5], "rotation": 90, "texture": "#2"},
				"west": {"uv": [2, 4, 8, 5], "rotation": 90, "texture": "#2"},
				"up": {"uv": [2, 4, 8, 5], "rotation": 90, "texture": "#2"},
				"down": {"uv": [2, 4, 8, 5], "rotation": 90, "texture": "#2"}
			}
		},
		{
			"from": [6.80126, -12, 6.86196],
			"to": [6.98328, -11.3, 6.93477],
			"rotation": {"angle": 0, "axis": "y", "origin": [7.08157, -18.9716, 6.87288]},
			"faces": {
				"north": {"uv": [2, 4, 8, 5], "rotation": 90, "texture": "#2"},
				"east": {"uv": [2, 4, 8, 5], "rotation": 90, "texture": "#2"},
				"south": {"uv": [2, 4, 8, 5], "rotation": 90, "texture": "#2"},
				"west": {"uv": [2, 4, 8, 5], "rotation": 90, "texture": "#2"},
				"up": {"uv": [2, 4, 8, 5], "rotation": 90, "texture": "#2"},
				"down": {"uv": [2, 4, 8, 5], "rotation": 90, "texture": "#2"}
			}
		},
		{
			"from": [6.96993, -12, 6.86318],
			"to": [7.16409, -11.3, 6.93598],
			"rotation": {"angle": 0, "axis": "y", "origin": [6.88741, -18.9716, 6.87288]},
			"faces": {
				"north": {"uv": [2, 3, 8, 4], "rotation": 90, "texture": "#2"},
				"east": {"uv": [2, 3, 8, 4], "rotation": 90, "texture": "#2"},
				"south": {"uv": [2, 3, 8, 4], "rotation": 90, "texture": "#2"},
				"west": {"uv": [2, 3, 8, 4], "rotation": 90, "texture": "#2"},
				"up": {"uv": [2, 3, 8, 4], "rotation": 90, "texture": "#2"},
				"down": {"uv": [2, 3, 8, 4], "rotation": 90, "texture": "#2"}
			}
		},
		{
			"from": [7.03789, -12, 6.89715],
			"to": [7.1471, -11.3, 6.96996],
			"rotation": {"angle": 22.5, "axis": "y", "origin": [6.88741, -18.9716, 6.87288]},
			"faces": {
				"north": {"uv": [2, 3, 8, 4], "rotation": 90, "texture": "#2"},
				"east": {"uv": [2, 3, 8, 4], "rotation": 90, "texture": "#2"},
				"south": {"uv": [2, 3, 8, 4], "rotation": 90, "texture": "#2"},
				"west": {"uv": [2, 3, 8, 4], "rotation": 90, "texture": "#2"},
				"up": {"uv": [2, 3, 8, 4], "rotation": 90, "texture": "#2"},
				"down": {"uv": [2, 3, 8, 4], "rotation": 90, "texture": "#2"}
			}
		},
		{
			"from": [6.94566, -12, 6.71756],
			"to": [7.0209, -11.3, 6.82677],
			"rotation": {"angle": 0, "axis": "y", "origin": [6.88741, -18.9716, 6.87288]},
			"faces": {
				"north": {"uv": [2, 3, 8.2, 4], "texture": "#2"},
				"east": {"uv": [2, 3, 8.2, 4], "texture": "#2"},
				"south": {"uv": [2, 3, 8.2, 4], "texture": "#2"},
				"west": {"uv": [2, 3, 8.2, 4], "texture": "#2"},
				"up": {"uv": [2, 3, 8.2, 4], "texture": "#2"},
				"down": {"uv": [2, 3, 8.2, 4], "texture": "#2"}
			}
		},
		{
			"from": [6.92989, -12, 6.88623],
			"to": [7.00027, -11.3, 7.04399],
			"rotation": {"angle": -22.5, "axis": "y", "origin": [6.88741, -18.9716, 6.92264]},
			"faces": {
				"north": {"uv": [2, 4, 7.8, 5], "texture": "#2"},
				"east": {"uv": [2, 4, 7.8, 5], "texture": "#2"},
				"south": {"uv": [2, 4, 7.8, 5], "texture": "#2"},
				"west": {"uv": [2, 4, 7.8, 5], "texture": "#2"},
				"up": {"uv": [2, 4, 7.8, 5], "texture": "#2"},
				"down": {"uv": [2, 4, 7.8, 5], "texture": "#2"}
			}
		},
		{
			"from": [6.95052, -12, 6.94691],
			"to": [7.0209, -11.3, 7.11679],
			"rotation": {"angle": 22.5, "axis": "y", "origin": [6.88741, -18.9716, 6.92264]},
			"faces": {
				"north": {"uv": [2, 4, 7.8, 5], "texture": "#2"},
				"east": {"uv": [2, 4, 7.8, 5], "texture": "#2"},
				"south": {"uv": [2, 4, 7.8, 5], "texture": "#2"},
				"west": {"uv": [2, 4, 7.8, 5], "texture": "#2"},
				"up": {"uv": [2, 4, 7.8, 5], "texture": "#2"},
				"down": {"uv": [2, 4, 7.8, 5], "texture": "#2"}
			}
		},
		{
			"from": [6.93275, -12, 6.9626],
			"to": [7.00556, -11.3, 7.09609],
			"rotation": {"angle": -45, "axis": "y", "origin": [6.99663, -18.9716, 6.92264]},
			"faces": {
				"north": {"uv": [2, 4, 8, 5], "texture": "#2"},
				"east": {"uv": [2, 4, 8, 5], "texture": "#2"},
				"south": {"uv": [2, 4, 8, 5], "texture": "#2"},
				"west": {"uv": [2, 4, 8, 5], "texture": "#2"},
				"up": {"uv": [2, 4, 8, 5], "texture": "#2"},
				"down": {"uv": [2, 4, 8, 5], "texture": "#2"}
			}
		},
		{
			"from": [6.97982, -12, 6.88034],
			"to": [7.05263, -11.3, 7.05023],
			"rotation": {"angle": 45, "axis": "y", "origin": [7.03303, -18.9716, 6.92264]},
			"faces": {
				"north": {"uv": [2, 4, 8, 5], "texture": "#2"},
				"east": {"uv": [2, 4, 8, 5], "texture": "#2"},
				"south": {"uv": [2, 4, 8, 5], "texture": "#2"},
				"west": {"uv": [2, 4, 8, 5], "texture": "#2"},
				"up": {"uv": [2, 4, 8, 5], "texture": "#2"},
				"down": {"uv": [2, 4, 8, 5], "texture": "#2"}
			}
		},
		{
			"from": [6.81825, -12, 6.82556],
			"to": [6.93959, -11.3, 6.89837],
			"rotation": {"angle": 22.5, "axis": "y", "origin": [7.08157, -18.9716, 6.92264]},
			"faces": {
				"north": {"uv": [8, 4, 14, 5], "rotation": 90, "texture": "#2"},
				"east": {"uv": [8, 4, 14, 5], "rotation": 90, "texture": "#2"},
				"south": {"uv": [8, 4, 14, 5], "rotation": 90, "texture": "#2"},
				"west": {"uv": [8, 4, 14, 5], "rotation": 90, "texture": "#2"},
				"up": {"uv": [8, 4, 14, 5], "rotation": 90, "texture": "#2"},
				"down": {"uv": [8, 4, 14, 5], "rotation": 90, "texture": "#2"}
			}
		},
		{
			"from": [7.05002, -12, 6.82556],
			"to": [7.1471, -11.3, 6.89837],
			"rotation": {"angle": -22.5, "axis": "y", "origin": [6.88741, -18.9716, 6.92264]},
			"faces": {
				"north": {"uv": [8, 3, 14, 4], "rotation": 90, "texture": "#2"},
				"east": {"uv": [8, 3, 14, 4], "rotation": 90, "texture": "#2"},
				"south": {"uv": [8, 3, 14, 4], "rotation": 90, "texture": "#2"},
				"west": {"uv": [8, 3, 14, 4], "rotation": 90, "texture": "#2"},
				"up": {"uv": [8, 3, 14, 4], "rotation": 90, "texture": "#2"},
				"down": {"uv": [8, 3, 14, 4], "rotation": 90, "texture": "#2"}
			}
		},
		{
			"from": [6.94566, -12, 6.94448],
			"to": [7.0209, -11.3, 7.07796],
			"rotation": {"angle": 0, "axis": "y", "origin": [6.88741, -18.9716, 6.92264]},
			"faces": {
				"north": {"uv": [2, 4, 8.2, 5], "texture": "#2"},
				"east": {"uv": [2, 4, 8.2, 5], "texture": "#2"},
				"south": {"uv": [2, 4, 8.2, 5], "texture": "#2"},
				"west": {"uv": [2, 4, 8.2, 5], "texture": "#2"},
				"up": {"uv": [2, 4, 8.2, 5], "texture": "#2"},
				"down": {"uv": [2, 4, 8.2, 5], "texture": "#2"}
			}
		},
		{
			"from": [6.92989, -12, 9.05431],
			"to": [7.00027, -11.3, 9.24847],
			"rotation": {"angle": -22.5, "axis": "y", "origin": [6.88741, -18.9716, 9.12712]},
			"faces": {
				"north": {"uv": [7.8, 3, 2, 4], "texture": "#2"},
				"east": {"uv": [7.8, 3, 2, 4], "texture": "#2"},
				"south": {"uv": [7.8, 3, 2, 4], "texture": "#2"},
				"west": {"uv": [7.8, 3, 2, 4], "texture": "#2"},
				"up": {"uv": [2, 4, 7.8, 3], "texture": "#2"},
				"down": {"uv": [2, 4, 7.8, 3], "texture": "#2"}
			}
		},
		{
			"from": [6.95052, -12, 9.12712],
			"to": [7.0209, -11.3, 9.32127],
			"rotation": {"angle": 22.5, "axis": "y", "origin": [6.88741, -18.9716, 9.12712]},
			"faces": {
				"north": {"uv": [7.8, 3, 2, 4], "texture": "#2"},
				"east": {"uv": [7.8, 3, 2, 4], "texture": "#2"},
				"south": {"uv": [7.8, 3, 2, 4], "texture": "#2"},
				"west": {"uv": [7.8, 3, 2, 4], "texture": "#2"},
				"up": {"uv": [2, 4, 7.8, 3], "texture": "#2"},
				"down": {"uv": [2, 4, 7.8, 3], "texture": "#2"}
			}
		},
		{
			"from": [6.93275, -12, 9.11854],
			"to": [7.00556, -11.3, 9.30057],
			"rotation": {"angle": -45, "axis": "y", "origin": [6.99663, -18.9716, 9.12712]},
			"faces": {
				"north": {"uv": [8, 3, 2, 4], "texture": "#2"},
				"east": {"uv": [8, 3, 2, 4], "texture": "#2"},
				"south": {"uv": [8, 3, 2, 4], "texture": "#2"},
				"west": {"uv": [8, 3, 2, 4], "texture": "#2"},
				"up": {"uv": [2, 4, 8, 3], "texture": "#2"},
				"down": {"uv": [2, 4, 8, 3], "texture": "#2"}
			}
		},
		{
			"from": [6.97982, -12, 9.08482],
			"to": [7.05263, -11.3, 9.25471],
			"rotation": {"angle": 45, "axis": "y", "origin": [7.03303, -18.9716, 9.12712]},
			"faces": {
				"north": {"uv": [8, 3, 2, 4], "texture": "#2"},
				"east": {"uv": [8, 3, 2, 4], "texture": "#2"},
				"south": {"uv": [8, 3, 2, 4], "texture": "#2"},
				"west": {"uv": [8, 3, 2, 4], "texture": "#2"},
				"up": {"uv": [2, 4, 8, 3], "texture": "#2"},
				"down": {"uv": [2, 4, 8, 3], "texture": "#2"}
			}
		},
		{
			"from": [6.81825, -12, 9.03004],
			"to": [6.96386, -11.3, 9.10285],
			"rotation": {"angle": 22.5, "axis": "y", "origin": [7.08157, -18.9716, 9.12712]},
			"faces": {
				"north": {"uv": [2, 5, 8, 4], "rotation": 90, "texture": "#2"},
				"east": {"uv": [2, 5, 8, 4], "rotation": 90, "texture": "#2"},
				"south": {"uv": [2, 5, 8, 4], "rotation": 90, "texture": "#2"},
				"west": {"uv": [2, 5, 8, 4], "rotation": 90, "texture": "#2"},
				"up": {"uv": [8, 4, 2, 5], "rotation": 90, "texture": "#2"},
				"down": {"uv": [8, 4, 2, 5], "rotation": 90, "texture": "#2"}
			}
		},
		{
			"from": [6.80126, -12, 9.06523],
			"to": [6.98328, -11.3, 9.13804],
			"rotation": {"angle": 0, "axis": "y", "origin": [7.08157, -18.9716, 9.12712]},
			"faces": {
				"north": {"uv": [2, 5, 8, 4], "rotation": 90, "texture": "#2"},
				"east": {"uv": [2, 5, 8, 4], "rotation": 90, "texture": "#2"},
				"south": {"uv": [2, 5, 8, 4], "rotation": 90, "texture": "#2"},
				"west": {"uv": [2, 5, 8, 4], "rotation": 90, "texture": "#2"},
				"up": {"uv": [8, 4, 2, 5], "rotation": 90, "texture": "#2"},
				"down": {"uv": [8, 4, 2, 5], "rotation": 90, "texture": "#2"}
			}
		},
		{
			"from": [6.96993, -12, 9.06402],
			"to": [7.16409, -11.3, 9.13682],
			"rotation": {"angle": 0, "axis": "y", "origin": [6.88741, -18.9716, 9.12712]},
			"faces": {
				"north": {"uv": [2, 4, 8, 3], "rotation": 90, "texture": "#2"},
				"east": {"uv": [2, 4, 8, 3], "rotation": 90, "texture": "#2"},
				"south": {"uv": [2, 4, 8, 3], "rotation": 90, "texture": "#2"},
				"west": {"uv": [2, 4, 8, 3], "rotation": 90, "texture": "#2"},
				"up": {"uv": [8, 3, 2, 4], "rotation": 90, "texture": "#2"},
				"down": {"uv": [8, 3, 2, 4], "rotation": 90, "texture": "#2"}
			}
		},
		{
			"from": [7.03789, -12, 9.03004],
			"to": [7.1471, -11.3, 9.10285],
			"rotation": {"angle": -22.5, "axis": "y", "origin": [6.88741, -18.9716, 9.12712]},
			"faces": {
				"north": {"uv": [2, 4, 8, 3], "rotation": 90, "texture": "#2"},
				"east": {"uv": [2, 4, 8, 3], "rotation": 90, "texture": "#2"},
				"south": {"uv": [2, 4, 8, 3], "rotation": 90, "texture": "#2"},
				"west": {"uv": [2, 4, 8, 3], "rotation": 90, "texture": "#2"},
				"up": {"uv": [8, 3, 2, 4], "rotation": 90, "texture": "#2"},
				"down": {"uv": [8, 3, 2, 4], "rotation": 90, "texture": "#2"}
			}
		},
		{
			"from": [6.94566, -12, 9.17323],
			"to": [7.0209, -11.3, 9.28244],
			"rotation": {"angle": 0, "axis": "y", "origin": [6.88741, -18.9716, 9.12712]},
			"faces": {
				"north": {"uv": [8.2, 3, 2, 4], "texture": "#2"},
				"east": {"uv": [8.2, 3, 2, 4], "texture": "#2"},
				"south": {"uv": [8.2, 3, 2, 4], "texture": "#2"},
				"west": {"uv": [8.2, 3, 2, 4], "texture": "#2"},
				"up": {"uv": [2, 4, 8.2, 3], "texture": "#2"},
				"down": {"uv": [2, 4, 8.2, 3], "texture": "#2"}
			}
		},
		{
			"from": [6.92989, -12, 8.95601],
			"to": [7.00027, -11.3, 9.11377],
			"rotation": {"angle": 22.5, "axis": "y", "origin": [6.88741, -18.9716, 9.07736]},
			"faces": {
				"north": {"uv": [7.8, 4, 2, 5], "texture": "#2"},
				"east": {"uv": [7.8, 4, 2, 5], "texture": "#2"},
				"south": {"uv": [7.8, 4, 2, 5], "texture": "#2"},
				"west": {"uv": [7.8, 4, 2, 5], "texture": "#2"},
				"up": {"uv": [2, 5, 7.8, 4], "texture": "#2"},
				"down": {"uv": [2, 5, 7.8, 4], "texture": "#2"}
			}
		},
		{
			"from": [6.95052, -12, 8.88321],
			"to": [7.0209, -11.3, 9.05309],
			"rotation": {"angle": -22.5, "axis": "y", "origin": [6.88741, -18.9716, 9.07736]},
			"faces": {
				"north": {"uv": [7.8, 4, 2, 5], "texture": "#2"},
				"east": {"uv": [7.8, 4, 2, 5], "texture": "#2"},
				"south": {"uv": [7.8, 4, 2, 5], "texture": "#2"},
				"west": {"uv": [7.8, 4, 2, 5], "texture": "#2"},
				"up": {"uv": [2, 5, 7.8, 4], "texture": "#2"},
				"down": {"uv": [2, 5, 7.8, 4], "texture": "#2"}
			}
		},
		{
			"from": [6.93275, -12, 8.90391],
			"to": [7.00556, -11.3, 9.0374],
			"rotation": {"angle": 45, "axis": "y", "origin": [6.99663, -18.9716, 9.07736]},
			"faces": {
				"north": {"uv": [8, 4, 2, 5], "texture": "#2"},
				"east": {"uv": [8, 4, 2, 5], "texture": "#2"},
				"south": {"uv": [8, 4, 2, 5], "texture": "#2"},
				"west": {"uv": [8, 4, 2, 5], "texture": "#2"},
				"up": {"uv": [2, 5, 8, 4], "texture": "#2"},
				"down": {"uv": [2, 5, 8, 4], "texture": "#2"}
			}
		},
		{
			"from": [6.97982, -12, 8.94977],
			"to": [7.05263, -11.3, 9.11966],
			"rotation": {"angle": -45, "axis": "y", "origin": [7.03303, -18.9716, 9.07736]},
			"faces": {
				"north": {"uv": [8, 4, 2, 5], "texture": "#2"},
				"east": {"uv": [8, 4, 2, 5], "texture": "#2"},
				"south": {"uv": [8, 4, 2, 5], "texture": "#2"},
				"west": {"uv": [8, 4, 2, 5], "texture": "#2"},
				"up": {"uv": [2, 5, 8, 4], "texture": "#2"},
				"down": {"uv": [2, 5, 8, 4], "texture": "#2"}
			}
		},
		{
			"from": [6.81825, -12, 9.10163],
			"to": [6.93959, -11.3, 9.17444],
			"rotation": {"angle": -22.5, "axis": "y", "origin": [7.08157, -18.9716, 9.07736]},
			"faces": {
				"north": {"uv": [8, 5, 14, 4], "rotation": 90, "texture": "#2"},
				"east": {"uv": [8, 5, 14, 4], "rotation": 90, "texture": "#2"},
				"south": {"uv": [8, 5, 14, 4], "rotation": 90, "texture": "#2"},
				"west": {"uv": [8, 5, 14, 4], "rotation": 90, "texture": "#2"},
				"up": {"uv": [14, 4, 8, 5], "rotation": 90, "texture": "#2"},
				"down": {"uv": [14, 4, 8, 5], "rotation": 90, "texture": "#2"}
			}
		},
		{
			"from": [7.05002, -12, 9.10163],
			"to": [7.1471, -11.3, 9.17444],
			"rotation": {"angle": 22.5, "axis": "y", "origin": [6.88741, -18.9716, 9.07736]},
			"faces": {
				"north": {"uv": [8, 4, 14, 3], "rotation": 90, "texture": "#2"},
				"east": {"uv": [8, 4, 14, 3], "rotation": 90, "texture": "#2"},
				"south": {"uv": [8, 4, 14, 3], "rotation": 90, "texture": "#2"},
				"west": {"uv": [8, 4, 14, 3], "rotation": 90, "texture": "#2"},
				"up": {"uv": [14, 3, 8, 4], "rotation": 90, "texture": "#2"},
				"down": {"uv": [14, 3, 8, 4], "rotation": 90, "texture": "#2"}
			}
		},
		{
			"from": [6.94566, -12, 8.92204],
			"to": [7.0209, -11.3, 9.05552],
			"rotation": {"angle": 0, "axis": "y", "origin": [6.88741, -18.9716, 9.07736]},
			"faces": {
				"north": {"uv": [8.2, 4, 2, 5], "texture": "#2"},
				"east": {"uv": [8.2, 4, 2, 5], "texture": "#2"},
				"south": {"uv": [8.2, 4, 2, 5], "texture": "#2"},
				"west": {"uv": [8.2, 4, 2, 5], "texture": "#2"},
				"up": {"uv": [2, 5, 8.2, 4], "texture": "#2"},
				"down": {"uv": [2, 5, 8.2, 4], "texture": "#2"}
			}
		},
		{
			"from": [8.92989, -12, 6.75153],
			"to": [9.00027, -11.3, 6.94569],
			"rotation": {"angle": 22.5, "axis": "y", "origin": [8.88741, -18.9716, 6.87288]},
			"faces": {
				"north": {"uv": [2, 3, 7.8, 4], "texture": "#2"},
				"east": {"uv": [2, 3, 7.8, 4], "texture": "#2"},
				"south": {"uv": [2, 3, 7.8, 4], "texture": "#2"},
				"west": {"uv": [2, 3, 7.8, 4], "texture": "#2"},
				"up": {"uv": [2, 3, 7.8, 4], "texture": "#2"},
				"down": {"uv": [2, 3, 7.8, 4], "texture": "#2"}
			}
		},
		{
			"from": [8.95052, -12, 6.67873],
			"to": [9.0209, -11.3, 6.87288],
			"rotation": {"angle": -22.5, "axis": "y", "origin": [8.88741, -18.9716, 6.87288]},
			"faces": {
				"north": {"uv": [2, 3, 7.8, 4], "texture": "#2"},
				"east": {"uv": [2, 3, 7.8, 4], "texture": "#2"},
				"south": {"uv": [2, 3, 7.8, 4], "texture": "#2"},
				"west": {"uv": [2, 3, 7.8, 4], "texture": "#2"},
				"up": {"uv": [2, 3, 7.8, 4], "texture": "#2"},
				"down": {"uv": [2, 3, 7.8, 4], "texture": "#2"}
			}
		},
		{
			"from": [8.93275, -12, 6.69943],
			"to": [9.00556, -11.3, 6.88146],
			"rotation": {"angle": 45, "axis": "y", "origin": [8.99663, -18.9716, 6.87288]},
			"faces": {
				"north": {"uv": [2, 3, 8, 4], "texture": "#2"},
				"east": {"uv": [2, 3, 8, 4], "texture": "#2"},
				"south": {"uv": [2, 3, 8, 4], "texture": "#2"},
				"west": {"uv": [2, 3, 8, 4], "texture": "#2"},
				"up": {"uv": [2, 3, 8, 4], "texture": "#2"},
				"down": {"uv": [2, 3, 8, 4], "texture": "#2"}
			}
		},
		{
			"from": [8.97982, -12, 6.74529],
			"to": [9.05263, -11.3, 6.91518],
			"rotation": {"angle": -45, "axis": "y", "origin": [9.03303, -18.9716, 6.87288]},
			"faces": {
				"north": {"uv": [2, 3, 8, 4], "texture": "#2"},
				"east": {"uv": [2, 3, 8, 4], "texture": "#2"},
				"south": {"uv": [2, 3, 8, 4], "texture": "#2"},
				"west": {"uv": [2, 3, 8, 4], "texture": "#2"},
				"up": {"uv": [2, 3, 8, 4], "texture": "#2"},
				"down": {"uv": [2, 3, 8, 4], "texture": "#2"}
			}
		},
		{
			"from": [8.81825, -12, 6.89715],
			"to": [8.96386, -11.3, 6.96996],
			"rotation": {"angle": -22.5, "axis": "y", "origin": [9.08157, -18.9716, 6.87288]},
			"faces": {
				"north": {"uv": [2, 4, 8, 5], "rotation": 90, "texture": "#2"},
				"east": {"uv": [2, 4, 8, 5], "rotation": 90, "texture": "#2"},
				"south": {"uv": [2, 4, 8, 5], "rotation": 90, "texture": "#2"},
				"west": {"uv": [2, 4, 8, 5], "rotation": 90, "texture": "#2"},
				"up": {"uv": [2, 4, 8, 5], "rotation": 90, "texture": "#2"},
				"down": {"uv": [2, 4, 8, 5], "rotation": 90, "texture": "#2"}
			}
		},
		{
			"from": [8.80126, -12, 6.86196],
			"to": [8.98328, -11.3, 6.93477],
			"rotation": {"angle": 0, "axis": "y", "origin": [9.08157, -18.9716, 6.87288]},
			"faces": {
				"north": {"uv": [2, 4, 8, 5], "rotation": 90, "texture": "#2"},
				"east": {"uv": [2, 4, 8, 5], "rotation": 90, "texture": "#2"},
				"south": {"uv": [2, 4, 8, 5], "rotation": 90, "texture": "#2"},
				"west": {"uv": [2, 4, 8, 5], "rotation": 90, "texture": "#2"},
				"up": {"uv": [2, 4, 8, 5], "rotation": 90, "texture": "#2"},
				"down": {"uv": [2, 4, 8, 5], "rotation": 90, "texture": "#2"}
			}
		},
		{
			"from": [8.96993, -12, 6.86318],
			"to": [9.16409, -11.3, 6.93598],
			"rotation": {"angle": 0, "axis": "y", "origin": [8.88741, -18.9716, 6.87288]},
			"faces": {
				"north": {"uv": [2, 3, 8, 4], "rotation": 90, "texture": "#2"},
				"east": {"uv": [2, 3, 8, 4], "rotation": 90, "texture": "#2"},
				"south": {"uv": [2, 3, 8, 4], "rotation": 90, "texture": "#2"},
				"west": {"uv": [2, 3, 8, 4], "rotation": 90, "texture": "#2"},
				"up": {"uv": [2, 3, 8, 4], "rotation": 90, "texture": "#2"},
				"down": {"uv": [2, 3, 8, 4], "rotation": 90, "texture": "#2"}
			}
		},
		{
			"from": [9.03789, -12, 6.89715],
			"to": [9.1471, -11.3, 6.96996],
			"rotation": {"angle": 22.5, "axis": "y", "origin": [8.88741, -18.9716, 6.87288]},
			"faces": {
				"north": {"uv": [2, 3, 8, 4], "rotation": 90, "texture": "#2"},
				"east": {"uv": [2, 3, 8, 4], "rotation": 90, "texture": "#2"},
				"south": {"uv": [2, 3, 8, 4], "rotation": 90, "texture": "#2"},
				"west": {"uv": [2, 3, 8, 4], "rotation": 90, "texture": "#2"},
				"up": {"uv": [2, 3, 8, 4], "rotation": 90, "texture": "#2"},
				"down": {"uv": [2, 3, 8, 4], "rotation": 90, "texture": "#2"}
			}
		},
		{
			"from": [8.94566, -12, 6.71756],
			"to": [9.0209, -11.3, 6.82677],
			"rotation": {"angle": 0, "axis": "y", "origin": [8.88741, -18.9716, 6.87288]},
			"faces": {
				"north": {"uv": [2, 3, 8.2, 4], "texture": "#2"},
				"east": {"uv": [2, 3, 8.2, 4], "texture": "#2"},
				"south": {"uv": [2, 3, 8.2, 4], "texture": "#2"},
				"west": {"uv": [2, 3, 8.2, 4], "texture": "#2"},
				"up": {"uv": [2, 3, 8.2, 4], "texture": "#2"},
				"down": {"uv": [2, 3, 8.2, 4], "texture": "#2"}
			}
		},
		{
			"from": [8.92989, -12, 6.88623],
			"to": [9.00027, -11.3, 7.04399],
			"rotation": {"angle": -22.5, "axis": "y", "origin": [8.88741, -18.9716, 6.92264]},
			"faces": {
				"north": {"uv": [2, 4, 7.8, 5], "texture": "#2"},
				"east": {"uv": [2, 4, 7.8, 5], "texture": "#2"},
				"south": {"uv": [2, 4, 7.8, 5], "texture": "#2"},
				"west": {"uv": [2, 4, 7.8, 5], "texture": "#2"},
				"up": {"uv": [2, 4, 7.8, 5], "texture": "#2"},
				"down": {"uv": [2, 4, 7.8, 5], "texture": "#2"}
			}
		},
		{
			"from": [8.95052, -12, 6.94691],
			"to": [9.0209, -11.3, 7.11679],
			"rotation": {"angle": 22.5, "axis": "y", "origin": [8.88741, -18.9716, 6.92264]},
			"faces": {
				"north": {"uv": [2, 4, 7.8, 5], "texture": "#2"},
				"east": {"uv": [2, 4, 7.8, 5], "texture": "#2"},
				"south": {"uv": [2, 4, 7.8, 5], "texture": "#2"},
				"west": {"uv": [2, 4, 7.8, 5], "texture": "#2"},
				"up": {"uv": [2, 4, 7.8, 5], "texture": "#2"},
				"down": {"uv": [2, 4, 7.8, 5], "texture": "#2"}
			}
		},
		{
			"from": [8.93275, -12, 6.9626],
			"to": [9.00556, -11.3, 7.09609],
			"rotation": {"angle": -45, "axis": "y", "origin": [8.99663, -18.9716, 6.92264]},
			"faces": {
				"north": {"uv": [2, 4, 8, 5], "texture": "#2"},
				"east": {"uv": [2, 4, 8, 5], "texture": "#2"},
				"south": {"uv": [2, 4, 8, 5], "texture": "#2"},
				"west": {"uv": [2, 4, 8, 5], "texture": "#2"},
				"up": {"uv": [2, 4, 8, 5], "texture": "#2"},
				"down": {"uv": [2, 4, 8, 5], "texture": "#2"}
			}
		},
		{
			"from": [8.97982, -12, 6.88034],
			"to": [9.05263, -11.3, 7.05023],
			"rotation": {"angle": 45, "axis": "y", "origin": [9.03303, -18.9716, 6.92264]},
			"faces": {
				"north": {"uv": [2, 4, 8, 5], "texture": "#2"},
				"east": {"uv": [2, 4, 8, 5], "texture": "#2"},
				"south": {"uv": [2, 4, 8, 5], "texture": "#2"},
				"west": {"uv": [2, 4, 8, 5], "texture": "#2"},
				"up": {"uv": [2, 4, 8, 5], "texture": "#2"},
				"down": {"uv": [2, 4, 8, 5], "texture": "#2"}
			}
		},
		{
			"from": [8.81825, -12, 6.82556],
			"to": [8.93959, -11.3, 6.89837],
			"rotation": {"angle": 22.5, "axis": "y", "origin": [9.08157, -18.9716, 6.92264]},
			"faces": {
				"north": {"uv": [8, 4, 14, 5], "rotation": 90, "texture": "#2"},
				"east": {"uv": [8, 4, 14, 5], "rotation": 90, "texture": "#2"},
				"south": {"uv": [8, 4, 14, 5], "rotation": 90, "texture": "#2"},
				"west": {"uv": [8, 4, 14, 5], "rotation": 90, "texture": "#2"},
				"up": {"uv": [8, 4, 14, 5], "rotation": 90, "texture": "#2"},
				"down": {"uv": [8, 4, 14, 5], "rotation": 90, "texture": "#2"}
			}
		},
		{
			"from": [9.05002, -12, 6.82556],
			"to": [9.1471, -11.3, 6.89837],
			"rotation": {"angle": -22.5, "axis": "y", "origin": [8.88741, -18.9716, 6.92264]},
			"faces": {
				"north": {"uv": [8, 3, 14, 4], "rotation": 90, "texture": "#2"},
				"east": {"uv": [8, 3, 14, 4], "rotation": 90, "texture": "#2"},
				"south": {"uv": [8, 3, 14, 4], "rotation": 90, "texture": "#2"},
				"west": {"uv": [8, 3, 14, 4], "rotation": 90, "texture": "#2"},
				"up": {"uv": [8, 3, 14, 4], "rotation": 90, "texture": "#2"},
				"down": {"uv": [8, 3, 14, 4], "rotation": 90, "texture": "#2"}
			}
		},
		{
			"from": [8.94566, -12, 6.94448],
			"to": [9.0209, -11.3, 7.07796],
			"rotation": {"angle": 0, "axis": "y", "origin": [8.88741, -18.9716, 6.92264]},
			"faces": {
				"north": {"uv": [2, 4, 8.2, 5], "texture": "#2"},
				"east": {"uv": [2, 4, 8.2, 5], "texture": "#2"},
				"south": {"uv": [2, 4, 8.2, 5], "texture": "#2"},
				"west": {"uv": [2, 4, 8.2, 5], "texture": "#2"},
				"up": {"uv": [2, 4, 8.2, 5], "texture": "#2"},
				"down": {"uv": [2, 4, 8.2, 5], "texture": "#2"}
			}
		},
		{
			"from": [8.92989, -12, 8.95153],
			"to": [9.00027, -11.3, 9.14569],
			"rotation": {"angle": 22.5, "axis": "y", "origin": [8.88741, -18.9716, 9.07288]},
			"faces": {
				"north": {"uv": [2, 3, 7.8, 4], "texture": "#2"},
				"east": {"uv": [2, 3, 7.8, 4], "texture": "#2"},
				"south": {"uv": [2, 3, 7.8, 4], "texture": "#2"},
				"west": {"uv": [2, 3, 7.8, 4], "texture": "#2"},
				"up": {"uv": [2, 3, 7.8, 4], "texture": "#2"},
				"down": {"uv": [2, 3, 7.8, 4], "texture": "#2"}
			}
		},
		{
			"from": [8.95052, -12, 8.87873],
			"to": [9.0209, -11.3, 9.07288],
			"rotation": {"angle": -22.5, "axis": "y", "origin": [8.88741, -18.9716, 9.07288]},
			"faces": {
				"north": {"uv": [2, 3, 7.8, 4], "texture": "#2"},
				"east": {"uv": [2, 3, 7.8, 4], "texture": "#2"},
				"south": {"uv": [2, 3, 7.8, 4], "texture": "#2"},
				"west": {"uv": [2, 3, 7.8, 4], "texture": "#2"},
				"up": {"uv": [2, 3, 7.8, 4], "texture": "#2"},
				"down": {"uv": [2, 3, 7.8, 4], "texture": "#2"}
			}
		},
		{
			"from": [8.93275, -12, 8.89943],
			"to": [9.00556, -11.3, 9.08146],
			"rotation": {"angle": 45, "axis": "y", "origin": [8.99663, -18.9716, 9.07288]},
			"faces": {
				"north": {"uv": [2, 3, 8, 4], "texture": "#2"},
				"east": {"uv": [2, 3, 8, 4], "texture": "#2"},
				"south": {"uv": [2, 3, 8, 4], "texture": "#2"},
				"west": {"uv": [2, 3, 8, 4], "texture": "#2"},
				"up": {"uv": [2, 3, 8, 4], "texture": "#2"},
				"down": {"uv": [2, 3, 8, 4], "texture": "#2"}
			}
		},
		{
			"from": [8.97982, -12, 8.94529],
			"to": [9.05263, -11.3, 9.11518],
			"rotation": {"angle": -45, "axis": "y", "origin": [9.03303, -18.9716, 9.07288]},
			"faces": {
				"north": {"uv": [2, 3, 8, 4], "texture": "#2"},
				"east": {"uv": [2, 3, 8, 4], "texture": "#2"},
				"south": {"uv": [2, 3, 8, 4], "texture": "#2"},
				"west": {"uv": [2, 3, 8, 4], "texture": "#2"},
				"up": {"uv": [2, 3, 8, 4], "texture": "#2"},
				"down": {"uv": [2, 3, 8, 4], "texture": "#2"}
			}
		},
		{
			"from": [8.81825, -12, 9.09715],
			"to": [8.96386, -11.3, 9.16996],
			"rotation": {"angle": -22.5, "axis": "y", "origin": [9.08157, -18.9716, 9.07288]},
			"faces": {
				"north": {"uv": [2, 4, 8, 5], "rotation": 90, "texture": "#2"},
				"east": {"uv": [2, 4, 8, 5], "rotation": 90, "texture": "#2"},
				"south": {"uv": [2, 4, 8, 5], "rotation": 90, "texture": "#2"},
				"west": {"uv": [2, 4, 8, 5], "rotation": 90, "texture": "#2"},
				"up": {"uv": [2, 4, 8, 5], "rotation": 90, "texture": "#2"},
				"down": {"uv": [2, 4, 8, 5], "rotation": 90, "texture": "#2"}
			}
		},
		{
			"from": [8.80126, -12, 9.06196],
			"to": [8.98328, -11.3, 9.13477],
			"rotation": {"angle": 0, "axis": "y", "origin": [9.08157, -18.9716, 9.07288]},
			"faces": {
				"north": {"uv": [2, 4, 8, 5], "rotation": 90, "texture": "#2"},
				"east": {"uv": [2, 4, 8, 5], "rotation": 90, "texture": "#2"},
				"south": {"uv": [2, 4, 8, 5], "rotation": 90, "texture": "#2"},
				"west": {"uv": [2, 4, 8, 5], "rotation": 90, "texture": "#2"},
				"up": {"uv": [2, 4, 8, 5], "rotation": 90, "texture": "#2"},
				"down": {"uv": [2, 4, 8, 5], "rotation": 90, "texture": "#2"}
			}
		},
		{
			"from": [8.96993, -12, 9.06318],
			"to": [9.16409, -11.3, 9.13598],
			"rotation": {"angle": 0, "axis": "y", "origin": [8.88741, -18.9716, 9.07288]},
			"faces": {
				"north": {"uv": [2, 3, 8, 4], "rotation": 90, "texture": "#2"},
				"east": {"uv": [2, 3, 8, 4], "rotation": 90, "texture": "#2"},
				"south": {"uv": [2, 3, 8, 4], "rotation": 90, "texture": "#2"},
				"west": {"uv": [2, 3, 8, 4], "rotation": 90, "texture": "#2"},
				"up": {"uv": [2, 3, 8, 4], "rotation": 90, "texture": "#2"},
				"down": {"uv": [2, 3, 8, 4], "rotation": 90, "texture": "#2"}
			}
		},
		{
			"from": [9.03789, -12, 9.09715],
			"to": [9.1471, -11.3, 9.16996],
			"rotation": {"angle": 22.5, "axis": "y", "origin": [8.88741, -18.9716, 9.07288]},
			"faces": {
				"north": {"uv": [2, 3, 8, 4], "rotation": 90, "texture": "#2"},
				"east": {"uv": [2, 3, 8, 4], "rotation": 90, "texture": "#2"},
				"south": {"uv": [2, 3, 8, 4], "rotation": 90, "texture": "#2"},
				"west": {"uv": [2, 3, 8, 4], "rotation": 90, "texture": "#2"},
				"up": {"uv": [2, 3, 8, 4], "rotation": 90, "texture": "#2"},
				"down": {"uv": [2, 3, 8, 4], "rotation": 90, "texture": "#2"}
			}
		},
		{
			"from": [8.94566, -12, 8.91756],
			"to": [9.0209, -11.3, 9.02677],
			"rotation": {"angle": 0, "axis": "y", "origin": [8.88741, -18.9716, 9.07288]},
			"faces": {
				"north": {"uv": [2, 3, 8.2, 4], "texture": "#2"},
				"east": {"uv": [2, 3, 8.2, 4], "texture": "#2"},
				"south": {"uv": [2, 3, 8.2, 4], "texture": "#2"},
				"west": {"uv": [2, 3, 8.2, 4], "texture": "#2"},
				"up": {"uv": [2, 3, 8.2, 4], "texture": "#2"},
				"down": {"uv": [2, 3, 8.2, 4], "texture": "#2"}
			}
		},
		{
			"from": [8.92989, -12, 9.08623],
			"to": [9.00027, -11.3, 9.24399],
			"rotation": {"angle": -22.5, "axis": "y", "origin": [8.88741, -18.9716, 9.12264]},
			"faces": {
				"north": {"uv": [2, 4, 7.8, 5], "texture": "#2"},
				"east": {"uv": [2, 4, 7.8, 5], "texture": "#2"},
				"south": {"uv": [2, 4, 7.8, 5], "texture": "#2"},
				"west": {"uv": [2, 4, 7.8, 5], "texture": "#2"},
				"up": {"uv": [2, 4, 7.8, 5], "texture": "#2"},
				"down": {"uv": [2, 4, 7.8, 5], "texture": "#2"}
			}
		},
		{
			"from": [8.95052, -12, 9.14691],
			"to": [9.0209, -11.3, 9.31679],
			"rotation": {"angle": 22.5, "axis": "y", "origin": [8.88741, -18.9716, 9.12264]},
			"faces": {
				"north": {"uv": [2, 4, 7.8, 5], "texture": "#2"},
				"east": {"uv": [2, 4, 7.8, 5], "texture": "#2"},
				"south": {"uv": [2, 4, 7.8, 5], "texture": "#2"},
				"west": {"uv": [2, 4, 7.8, 5], "texture": "#2"},
				"up": {"uv": [2, 4, 7.8, 5], "texture": "#2"},
				"down": {"uv": [2, 4, 7.8, 5], "texture": "#2"}
			}
		},
		{
			"from": [8.93275, -12, 9.1626],
			"to": [9.00556, -11.3, 9.29609],
			"rotation": {"angle": -45, "axis": "y", "origin": [8.99663, -18.9716, 9.12264]},
			"faces": {
				"north": {"uv": [2, 4, 8, 5], "texture": "#2"},
				"east": {"uv": [2, 4, 8, 5], "texture": "#2"},
				"south": {"uv": [2, 4, 8, 5], "texture": "#2"},
				"west": {"uv": [2, 4, 8, 5], "texture": "#2"},
				"up": {"uv": [2, 4, 8, 5], "texture": "#2"},
				"down": {"uv": [2, 4, 8, 5], "texture": "#2"}
			}
		},
		{
			"from": [8.97982, -12, 9.08034],
			"to": [9.05263, -11.3, 9.25023],
			"rotation": {"angle": 45, "axis": "y", "origin": [9.03303, -18.9716, 9.12264]},
			"faces": {
				"north": {"uv": [2, 4, 8, 5], "texture": "#2"},
				"east": {"uv": [2, 4, 8, 5], "texture": "#2"},
				"south": {"uv": [2, 4, 8, 5], "texture": "#2"},
				"west": {"uv": [2, 4, 8, 5], "texture": "#2"},
				"up": {"uv": [2, 4, 8, 5], "texture": "#2"},
				"down": {"uv": [2, 4, 8, 5], "texture": "#2"}
			}
		},
		{
			"from": [8.81825, -12, 9.02556],
			"to": [8.93959, -11.3, 9.09837],
			"rotation": {"angle": 22.5, "axis": "y", "origin": [9.08157, -18.9716, 9.12264]},
			"faces": {
				"north": {"uv": [8, 4, 14, 5], "rotation": 90, "texture": "#2"},
				"east": {"uv": [8, 4, 14, 5], "rotation": 90, "texture": "#2"},
				"south": {"uv": [8, 4, 14, 5], "rotation": 90, "texture": "#2"},
				"west": {"uv": [8, 4, 14, 5], "rotation": 90, "texture": "#2"},
				"up": {"uv": [8, 4, 14, 5], "rotation": 90, "texture": "#2"},
				"down": {"uv": [8, 4, 14, 5], "rotation": 90, "texture": "#2"}
			}
		},
		{
			"from": [9.05002, -12, 9.02556],
			"to": [9.1471, -11.3, 9.09837],
			"rotation": {"angle": -22.5, "axis": "y", "origin": [8.88741, -18.9716, 9.12264]},
			"faces": {
				"north": {"uv": [8, 3, 14, 4], "rotation": 90, "texture": "#2"},
				"east": {"uv": [8, 3, 14, 4], "rotation": 90, "texture": "#2"},
				"south": {"uv": [8, 3, 14, 4], "rotation": 90, "texture": "#2"},
				"west": {"uv": [8, 3, 14, 4], "rotation": 90, "texture": "#2"},
				"up": {"uv": [8, 3, 14, 4], "rotation": 90, "texture": "#2"},
				"down": {"uv": [8, 3, 14, 4], "rotation": 90, "texture": "#2"}
			}
		},
		{
			"from": [8.94566, -12, 9.14448],
			"to": [9.0209, -11.3, 9.27796],
			"rotation": {"angle": 0, "axis": "y", "origin": [8.88741, -18.9716, 9.12264]},
			"faces": {
				"north": {"uv": [2, 4, 8.2, 5], "texture": "#2"},
				"east": {"uv": [2, 4, 8.2, 5], "texture": "#2"},
				"south": {"uv": [2, 4, 8.2, 5], "texture": "#2"},
				"west": {"uv": [2, 4, 8.2, 5], "texture": "#2"},
				"up": {"uv": [2, 4, 8.2, 5], "texture": "#2"},
				"down": {"uv": [2, 4, 8.2, 5], "texture": "#2"}
			}
		},
		{
			"from": [7.5, 28, -13],
			"to": [8.5, 29, -3],
			"rotation": {"angle": 22.5, "axis": "x", "origin": [0, 0, 0]},
			"faces": {
				"north": {"uv": [0, 0, 10, 1], "texture": "#2"},
				"east": {"uv": [0, 0, 10, 1], "texture": "#2"},
				"south": {"uv": [0, 0, 10, 1], "texture": "#2"},
				"west": {"uv": [0, 0, 10, 1], "texture": "#2"},
				"up": {"uv": [0, 0, 10, 1], "texture": "#2"},
				"down": {"uv": [0, 0, 10, 1], "texture": "#2"}
			}
		},
		{
			"from": [7.5, 28, 19],
			"to": [8.5, 29, 29],
			"rotation": {"angle": -22.5, "axis": "x", "origin": [0, 0, 16]},
			"faces": {
				"north": {"uv": [10, 0, 0, 1], "texture": "#2"},
				"east": {"uv": [10, 0, 0, 1], "texture": "#2"},
				"south": {"uv": [10, 0, 0, 1], "texture": "#2"},
				"west": {"uv": [10, 0, 0, 1], "texture": "#2"},
				"up": {"uv": [0, 1, 10, 0], "texture": "#2"},
				"down": {"uv": [0, 1, 10, 0], "texture": "#2"}
			}
		}
	],
	"display": {
		"thirdperson_righthand": {
			"rotation": [0, 90, 0],
			"translation": [0, 2, 0],
			"scale": [0.25, 0.25, 0.25]
		},
		"thirdperson_lefthand": {
			"rotation": [0, 90, 0],
			"translation": [0, 2, 0],
			"scale": [0.25, 0.25, 0.25]
		},
		"firstperson_righthand": {
			"translation": [0, 2, 0],
			"scale": [0.25, 0.25, 0.25]
		},
		"firstperson_lefthand": {
			"translation": [0, 2, 0],
			"scale": [0.25, 0.25, 0.25]
		},
		"ground": {
			"translation": [0, 2, 0],
			"scale": [0.5, 0.5, 0.5]
		},
		"gui": {
			"rotation": [67.5, 22.5, -22.5],
			"translation": [1, 1, 0],
			"scale": [0.4, 0.4, 0.4]
		},
		"head": {
			"rotation": [0, 90, 0],
			"translation": [0, -60, 0],
			"scale": [4, 4, 4]
		},
		"fixed": {
			"scale": [0.5, 0.5, 0.5]
		}
	},
	"groups": [
		{
			"name": "Fierro1",
			"origin": [0, 0, 0],
			"color": 0,
			"children": [0, 1, 2, 3, 4, 5, 6, 7, 8, 9, 10, 11, 12, 13, 14, 15]
		},
		{
			"name": "Union1",
			"origin": [0, 0, 0],
			"color": 0,
			"children": [16, 17, 18, 19, 20, 21, 22, 23, 24, 25, 26, 27, 28, 29, 30, 31]
		},
		{
			"name": "Luz",
			"origin": [0, 0, 0],
			"color": 0,
			"children": [32, 33, 34, 35, 36, 37, 38, 39]
		},
		{
			"name": "Luz2",
			"origin": [0, 0, 0],
			"color": 0,
			"children": [40, 41, 42, 43, 44, 45, 46, 47]
		},
		{
			"name": "Base",
			"origin": [8, 8, 8],
			"color": 0,
			"children": [48, 49, 50, 51, 52]
		},
		{
			"name": "Tornillo1",
			"origin": [0, 0, 0],
			"color": 0,
			"children": [53, 54, 55, 56, 57, 58, 59, 60, 61, 62, 63, 64, 65, 66, 67, 68]
		},
		{
			"name": "Tornillo2",
			"origin": [0, 0, 0],
			"color": 0,
			"children": [69, 70, 71, 72, 73, 74, 75, 76, 77, 78, 79, 80, 81, 82, 83, 84]
		},
		{
			"name": "Tornillo3",
			"origin": [0, 0, 0],
			"color": 0,
			"children": [85, 86, 87, 88, 89, 90, 91, 92, 93, 94, 95, 96, 97, 98, 99, 100]
		},
		{
			"name": "Tornillo4",
			"origin": [0, 0, 0],
			"color": 0,
			"children": [101, 102, 103, 104, 105, 106, 107, 108, 109, 110, 111, 112, 113, 114, 115, 116]
		},
		117,
		118
	]
}