{
  "multipart": [
    {
      "when": {
        "north": "true",
		"south": "true"
      },
      "apply": {
        "model": "minecraft:block/tubo_blanco_base_ns"
      }
    },
    {
      "when": {
        "north": "true",
		"east": "true"
      },
      "apply": {
        "model": "minecraft:block/tubo_blanco_base_diagonal"
      }
    },
    {
      "when": {
        "east": "true",
		"west": "true"
      },
      "apply": {
        "model": "minecraft:block/tubo_blanco_base_eo"
      }
    }
  ]
}